  [544] 'Tempeh' -> https://upload.wikimedia.org/wikipedia/commons/thumb/9/9e/Tempeh_tempe.jpg/500px-Tempeh_tempe.jpg
  [624] 'Salsa Fish' -> https://upload.wikimedia.org/wikipedia/commons/thumb/e/ed/Anchovies_for_fish_sauce.jpg/500px-Anchovies_for_fish_sauce.jpg
  [1322] 'L’original' -> https://upload.wikimedia.org/wikipedia/commons/thumb/7/76/Barcelona_Bus_Tur%C3%ADstic._El_bus_tur%C3%ADstic%2C_l%E2%80%99original_i_l%E2%80%99oficial_de_Barcelona_des_de_1987..webm/500px--Barcelona_Bus_Tur%C3%ADstic._El_bus_tur%C3%ADstic%2C_l%E2%80%99original_i_l%E2%80%99oficial_de_Barcelona_des_de_1987..webm.jpg
  [1323] 'Pepinillos agridulces receta campesina' -> https://upload.wikimedia.org/wikipedia/commons/thumb/8/8c/Wilhelm_Friedrich_K%C3%BChne_%28HeidICON_28860%29.jpg/500px-Wilhelm_Friedrich_K%C3%BChne_%28HeidICON_28860%29.jpg
  [1324] 'Pepinillos extra finos (Variedad 1324)' -> https://upload.wikimedia.org/wikipedia/commons/thumb/d/df/ES_Maille_im_Winter.jpg/500px-ES_Maille_im_Winter.jpg
  [1325] 'Mini Pepinillos (Variedad 1325)' -> https://upload.wikimedia.org/wikipedia/commons/thumb/d/df/ES_Maille_im_Winter.jpg/500px-ES_Maille_im_Winter.jpg
  [commons.wikimedia.org] 429 intento 1, esperando 10s ...
  [1326] 'Pepinillos extra finos (Variedad 1326)' -> https://upload.wikimedia.org/wikipedia/commons/thumb/3/3d/Amora_Aviatico_rustico.JPG/500px-Amora_Aviatico_rustico.JPG
  [1329] 'Pepinillos (Pepinillos)' -> https://upload.wikimedia.org/wikipedia/commons/thumb/8/84/Pepinillos_encurtidos-2009.jpg/500px-Pepinillos_encurtidos-2009.jpg
  [1330] 'Pepinillos extra finos con 5 especias y aromáticas' -> https://upload.wikimedia.org/wikipedia/commons/thumb/4/4c/Carrefour_in_Singapore.jpg/500px-Carrefour_in_Singapore.jpg
  [1331] 'GURKENTOPF país GHERKINS' -> https://upload.wikimedia.org/wikipedia/commons/thumb/8/8c/Wilhelm_Friedrich_K%C3%BChne_%28HeidICON_28860%29.jpg/500px-Wilhelm_Friedrich_K%C3%BChne_%28HeidICON_28860%29.jpg
  [commons.wikimedia.org] 429 intento 1, esperando 40s ...
  [1332] 'Pepinillo francés con Vinagre y con chalota' -> https://upload.wikimedia.org/wikipedia/commons/thumb/7/72/The_Wounded_Angel_-_Hugo_Simberg.jpg/500px-The_Wounded_Angel_-_Hugo_Simberg.jpg
  [1334] 'Chucrut al estilo bávaro' -> https://upload.wikimedia.org/wikipedia/commons/thumb/f/f0/Radensleben_Hengstenberg_Tafel.jpg/500px-Radensleben_Hengstenberg_Tafel.jpg
  [1335] 'Gewürzgurken Auslese' -> https://upload.wikimedia.org/wikipedia/commons/thumb/6/6b/Gew%C3%BCrzgurken_Auslese%2C_Casa_de_los_Winter_-_El_Cofete_-_Jandia_-_Fuerteventura.jpg/500px-Gew%C3%BCrzgurken_Auslese%2C_Casa_de_los_Winter_-_El_Cofete_-_Jandia_-_Fuerteventura.jpg
  [1337] 'Pepinillos extra finos' -> https://upload.wikimedia.org/wikipedia/commons/thumb/3/3c/Isdera_Autobahnkurier_Classic-Gala_2021_1X7A0228.jpg/500px-Isdera_Autobahnkurier_Classic-Gala_2021_1X7A0228.jpg
  [1338] 'Pepinillos finos (Variedad 1338)' -> https://upload.wikimedia.org/wikipedia/commons/thumb/3/3d/Amora_Aviatico_rustico.JPG/500px-Amora_Aviatico_rustico.JPG
  [commons.wikimedia.org] 429 intento 1, esperando 39s ...
  [1340] 'Pepinillos e/f bc B.o' -> https://upload.wikimedia.org/wikipedia/commons/thumb/0/06/Dictionnaire_de_pomologie%2C_contenant_l%27histoire%2C_la_description%2C_la_figure_des_fruits_anciens_et_des_fruits_modernes_les_plus_g%C3%A9n%C3%A9ralement_connus_et_cultiv%C3%A9s_%28IA_dictionnairedepo00lero%29.pdf/page1-500px-thumbnail.pdf.jpg
  [1342] 'Aceitunas verdes deshuesadas' -> https://upload.wikimedia.org/wikipedia/commons/thumb/8/86/Bouton_d%27or_%282%29.jpg/500px-Bouton_d%27or_%282%29.jpg
  [1343] 'Chopped ajo' -> https://upload.wikimedia.org/wikipedia/commons/thumb/3/3f/Fresh_chopped_garlic_on_wooden_board.jpg/500px-Fresh_chopped_garlic_on_wooden_board.jpg
  [1344] 'Olijven / Aceitunas' -> https://upload.wikimedia.org/wikipedia/commons/thumb/5/51/Baresa_station_-_2008-10-31.jpg/500px-Baresa_station_-_2008-10-31.jpg
  [commons.wikimedia.org] 429 intento 1, esperando 39s ...
  [1345] 'Pepinillo pequeño chunk' -> https://upload.wikimedia.org/wikipedia/commons/thumb/4/42/Branston_Depot_-_the_original_home_of_Branston_Pickle_-_geograph.org.uk_-_208273.jpg/500px-Branston_Depot_-_the_original_home_of_Branston_Pickle_-_geograph.org.uk_-_208273.jpg
  [1349] 'Pepinillos agridulces' -> https://upload.wikimedia.org/wikipedia/commons/thumb/4/48/Pepinillos_agridulce_de_Jard%C3%ADn_Am%C3%A9rica%2C_Provincia_de_Misiones%2C_Argentina.jpg/500px-Pepinillos_agridulce_de_Jard%C3%ADn_Am%C3%A9rica%2C_Provincia_de_Misiones%2C_Argentina.jpg
  [1350] 'Piccalilli Extra' -> https://upload.wikimedia.org/wikipedia/commons/thumb/e/e6/Mugby_junction%2C_the_extra_Christmas_number_of_All_the_year_round_%28IA_mugbyjunctionext00dickrich%29.pdf/page1-500px-Mugby_junction%2C_the_extra_Christmas_number_of_All_the_year_round_%28IA_mugbyjunctionext00dickrich%29.pdf.jpg
  [commons.wikimedia.org] 429 intento 1, esperando 39s ...
  [1354] 'Pepinillos au Vinagre' -> https://upload.wikimedia.org/wikipedia/commons/thumb/9/94/Pav%C3%A9_Bio_Carrefour_-_1.jpg/500px-Pav%C3%A9_Bio_Carrefour_-_1.jpg
  [1355] 'Jalapeños' -> https://upload.wikimedia.org/wikipedia/commons/thumb/4/46/Jalape%C3%B1os_on_the_grill.jpg/500px-Jalape%C3%B1os_on_the_grill.jpg
  [1357] 'Pepinillos extra finos con Vinagre en frasco (variedad 1357)' -> https://upload.wikimedia.org/wikipedia/commons/thumb/4/4d/Periodic_table_large.svg/500px-Periodic_table_large.svg.png
  [1358] 'Pepinillo francés' -> https://upload.wikimedia.org/wikipedia/commons/thumb/a/ab/La_trucha_de_oro_-_juguete_c%C3%B3mico_en_un_acto%2C_escrito_sobre_un_pensamiento_franc%C3%A9s_%28IA_latruchadeorojug509sanc%29.pdf/page1-500px-La_trucha_de_oro_-_juguete_c%C3%B3mico_en_un_acto%2C_escrito_sobre_un_pensamiento_franc%C3%A9s_%28IA_latruchadeorojug509sanc%29.pdf.jpg
  [1359] 'Branston Original Pickle' -> https://upload.wikimedia.org/wikipedia/commons/thumb/c/cc/Branston_Pickle_2006-04-17.jpg/500px-Branston_Pickle_2006-04-17.jpg
  [commons.wikimedia.org] 429 intento 1, esperando 40s ...
  [1360] 'Gewürzgurken' -> https://upload.wikimedia.org/wikipedia/commons/thumb/6/6b/Gew%C3%BCrzgurken_Auslese%2C_Casa_de_los_Winter_-_El_Cofete_-_Jandia_-_Fuerteventura.jpg/500px-Gew%C3%BCrzgurken_Auslese%2C_Casa_de_los_Winter_-_El_Cofete_-_Jandia_-_Fuerteventura.jpg
  [1361] 'Encurtido de Gherkins' -> https://upload.wikimedia.org/wikipedia/commons/thumb/0/09/Pickled_pattypan_squash_with_gherkins._01.jpg/500px-Pickled_pattypan_squash_with_gherkins._01.jpg
  [1362] 'Pepinillo francés Preparado agridulce' -> https://upload.wikimedia.org/wikipedia/commons/thumb/7/72/The_Wounded_Angel_-_Hugo_Simberg.jpg/500px-The_Wounded_Angel_-_Hugo_Simberg.jpg
  [1363] 'Pepinillos bio' -> https://upload.wikimedia.org/wikipedia/commons/thumb/8/86/Bouton_d%27or_%282%29.jpg/500px-Bouton_d%27or_%282%29.jpg
  [1364] 'Pepinillos finos' -> https://upload.wikimedia.org/wikipedia/commons/thumb/7/74/2%C3%A8me_partie_carrefour_de_l%27arbre.jpg/500px-2%C3%A8me_partie_carrefour_de_l%27arbre.jpg
  [1365] 'Pepinillos agridulces con Vinaigres y con aromáticas Hartherz' -> https://upload.wikimedia.org/wikipedia/commons/thumb/d/dc/Hartherz%2C_Florian_SCP_13-14_WP.JPG/500px-Hartherz%2C_Florian_SCP_13-14_WP.JPG
  [commons.wikimedia.org] 429 intento 1, esperando 39s ...
  [1366] 'Pepinillos extra finos con 5 especias y aromáticas, Marque Carrefour' -> https://upload.wikimedia.org/wikipedia/commons/thumb/0/02/Carrefour_55-o.art.pub-carrefour-02.jpg/500px-Carrefour_55-o.art.pub-carrefour-02.jpg
  [1367] 'Pequeño crujientes' -> https://upload.wikimedia.org/wikipedia/commons/thumb/6/66/Roy_K%C3%BChne_2012.jpg/500px-Roy_K%C3%BChne_2012.jpg
  [1368] 'Aceitunas verdes deshuesadas (Variedad 1368)' -> https://upload.wikimedia.org/wikipedia/commons/thumb/2/22/Auchan%2C_Le_Pontet%2C_Vaucluse%2C_France.jpg/500px-Auchan%2C_Le_Pontet%2C_Vaucluse%2C_France.jpg
  [commons.wikimedia.org] 429 intento 1, esperando 40s ...
  [1372] 'Pepinillos agridulces (pepinillos agridulces pequeños Croquants)' -> https://upload.wikimedia.org/wikipedia/commons/thumb/8/8c/Wilhelm_Friedrich_K%C3%BChne_%28HeidICON_28860%29.jpg/500px-Wilhelm_Friedrich_K%C3%BChne_%28HeidICON_28860%29.jpg
  [1375] 'Pepinillos extra finos con 5 aromáticas' -> https://upload.wikimedia.org/wikipedia/commons/thumb/2/22/Auchan%2C_Le_Pontet%2C_Vaucluse%2C_France.jpg/500px-Auchan%2C_Le_Pontet%2C_Vaucluse%2C_France.jpg
  [1377] 'KNAX Gewürzgurken' -> https://upload.wikimedia.org/wikipedia/commons/thumb/f/f0/Radensleben_Hengstenberg_Tafel.jpg/500px-Radensleben_Hengstenberg_Tafel.jpg
  [1378] 'Old El Paso Jalapenos' -> https://upload.wikimedia.org/wikipedia/commons/thumb/7/73/Old_El_Paso_Canadian_Taco_Mixes.jpg/500px-Old_El_Paso_Canadian_Taco_Mixes.jpg
  [commons.wikimedia.org] 429 intento 1, esperando 39s ...
  [1379] 'Pepinillos e.f bo' -> https://upload.wikimedia.org/wikipedia/commons/thumb/8/86/Bouton_d%27or_%282%29.jpg/500px-Bouton_d%27or_%282%29.jpg
  [1380] 'Remolacha en tiras agridulce' -> https://upload.wikimedia.org/wikipedia/commons/thumb/e/e0/I_Love_Hacendado_%28469984295%29.jpg/500px-I_Love_Hacendado_%28469984295%29.jpg
  [1381] 'Pepinillos (Variedad 1381)' -> https://upload.wikimedia.org/wikipedia/commons/thumb/3/38/Karta_Tesco_ClubCard.jpg/500px-Karta_Tesco_ClubCard.jpg
  [1382] 'Pepinillos spécial sandwich agridulce' -> https://upload.wikimedia.org/wikipedia/commons/thumb/8/8c/Wilhelm_Friedrich_K%C3%BChne_%28HeidICON_28860%29.jpg/500px-Wilhelm_Friedrich_K%C3%BChne_%28HeidICON_28860%29.jpg
  [1384] 'Pepinillos finos bo' -> https://upload.wikimedia.org/wikipedia/commons/thumb/8/86/Bouton_d%27or_%282%29.jpg/500px-Bouton_d%27or_%282%29.jpg
  [commons.wikimedia.org] 429 intento 1, esperando 40s ...
  [1385] 'Pepinillos sabor anchoa' -> https://upload.wikimedia.org/wikipedia/commons/7/79/Mapa_de_rioverde.GIF
  [1386] 'Pepinillos extra finos Offre Saisonnière' -> https://upload.wikimedia.org/wikipedia/commons/thumb/d/df/ES_Maille_im_Winter.jpg/500px-ES_Maille_im_Winter.jpg
  [1389] 'Encurtido de Pink cebollas' -> https://upload.wikimedia.org/wikipedia/commons/thumb/d/dc/ALDI_Woerden_02.JPG/500px-ALDI_Woerden_02.JPG
  [1390] 'Pepinillos agridulces (Variedad 1390)' -> https://upload.wikimedia.org/wikipedia/commons/thumb/8/8c/Wilhelm_Friedrich_K%C3%BChne_%28HeidICON_28860%29.jpg/500px-Wilhelm_Friedrich_K%C3%BChne_%28HeidICON_28860%29.jpg
  [commons.wikimedia.org] 429 intento 1, esperando 39s ...
  [commons.wikimedia.org] 502 intento 2, esperando 10s ...
  [1391] 'Guindillas picantes' -> https://upload.wikimedia.org/wikipedia/commons/thumb/e/e0/I_Love_Hacendado_%28469984295%29.jpg/500px-I_Love_Hacendado_%28469984295%29.jpg
  [1393] 'Sandwich Gherkins' -> https://upload.wikimedia.org/wikipedia/commons/thumb/6/6d/Aberdaron_-_Welsh_Cheddar_Sandwich_with_pickles.jpg/500px-Aberdaron_-_Welsh_Cheddar_Sandwich_with_pickles.jpg
  [1394] 'Ecológico kimchi' -> https://upload.wikimedia.org/wikipedia/commons/thumb/3/33/Organic_Napa_Cabbage_for_Kimchi_%2819710460151%29.jpg/500px-Organic_Napa_Cabbage_for_Kimchi_%2819710460151%29.jpg
  [1395] 'Cornichon agridulce BO' -> https://upload.wikimedia.org/wikipedia/commons/thumb/8/86/Bouton_d%27or_%282%29.jpg/500px-Bouton_d%27or_%282%29.jpg
  [1396] 'Pepinillos BRAVO HUGO TRES FINS Vinagre 350 G, égoutté' -> https://upload.wikimedia.org/wikipedia/commons/thumb/3/3a/Hugo_Wast.JPG/500px-Hugo_Wast.JPG
  [1398] 'Schlemmertöpfchen gew. pepinillos' -> https://upload.wikimedia.org/wikipedia/commons/thumb/4/41/Hermann_K%C3%BChne_1819-1887_Pr%C3%A4sident_K%C3%B6nigliches_Oberlandesgericht_Celle%2C_Grabmal_auf_dem_Hehlentorfriedhof_%C3%B6stlicher_Teil.jpg/500px-Hermann_K%C3%BChne_1819-1887_Pr%C3%A4sident_K%C3%B6nigliches_Oberlandesgericht_Celle%2C_Grabmal_auf_dem_Hehlentorfriedhof_%C3%B6stlicher_Teil.jpg
  [1399] 'ajo eingelegt' -> https://upload.wikimedia.org/wikipedia/commons/thumb/8/8d/Mar_Y_Sol_Festival_daylight_shot.jpg/500px-Mar_Y_Sol_Festival_daylight_shot.jpg
  [1400] 'ajo z chilli w oleju' -> https://upload.wikimedia.org/wikipedia/commons/thumb/8/8d/Mar_Y_Sol_Festival_daylight_shot.jpg/500px-Mar_Y_Sol_Festival_daylight_shot.jpg
  [1401] 'Pepinillos en distilled malta Vinagre Cocktail' -> https://upload.wikimedia.org/wikipedia/commons/thumb/c/c4/Sommet_des_opies-ouest.jpg/500px-Sommet_des_opies-ouest.jpg
  [commons.wikimedia.org] 429 intento 1, esperando 38s ...
  [1402] 'Cornichon agridulce' -> https://upload.wikimedia.org/wikipedia/commons/thumb/8/8c/Wilhelm_Friedrich_K%C3%BChne_%28HeidICON_28860%29.jpg/500px-Wilhelm_Friedrich_K%C3%BChne_%28HeidICON_28860%29.jpg
  [1403] 'Pepinillos agridulces laminados' -> https://upload.wikimedia.org/wikipedia/commons/thumb/e/e0/I_Love_Hacendado_%28469984295%29.jpg/500px-I_Love_Hacendado_%28469984295%29.jpg
  [1404] 'Betterave en Dés' -> https://upload.wikimedia.org/wikipedia/commons/thumb/e/ec/Chaptal_-_M%C3%A9moire_sur_le_sucre_de_betterave%2C_1821.djvu/page1-500px-Chaptal_-_M%C3%A9moire_sur_le_sucre_de_betterave%2C_1821.djvu.jpg
  [1406] 'Ajos aliñados' -> https://upload.wikimedia.org/wikipedia/commons/thumb/c/c8/Ajos_ali%C3%B1ados-2009.jpg/500px-Ajos_ali%C3%B1ados-2009.jpg
  [1407] 'dulce Pickle' -> https://upload.wikimedia.org/wikipedia/commons/thumb/5/5d/La_dulce_alianza_-_juguete_c%C3%B3mico_en_tres_actos_y_en_prosa_%28IA_ladulcealianzaju453pina%29.pdf/page1-500px-La_dulce_alianza_-_juguete_c%C3%B3mico_en_tres_actos_y_en_prosa_%28IA_ladulcealianzaju453pina%29.pdf.jpg
  [1409] 'Cebollas extra finos' -> https://upload.wikimedia.org/wikipedia/commons/thumb/0/02/Carrefour_55-o.art.pub-carrefour-02.jpg/500px-Carrefour_55-o.art.pub-carrefour-02.jpg
  [commons.wikimedia.org] 429 intento 1, esperando 39s ...
  [1414] 'Pepinillos franceses al estragón (sans calibre)' -> https://upload.wikimedia.org/wikipedia/commons/thumb/8/86/Bouton_d%27or_%282%29.jpg/500px-Bouton_d%27or_%282%29.jpg
  [1415] 'Pepinillos dulces' -> https://upload.wikimedia.org/wikipedia/commons/thumb/e/e0/I_Love_Hacendado_%28469984295%29.jpg/500px-I_Love_Hacendado_%28469984295%29.jpg
  [1416] 'Pepinillos con Russe' -> https://upload.wikimedia.org/wikipedia/commons/thumb/8/8c/Wilhelm_Friedrich_K%C3%BChne_%28HeidICON_28860%29.jpg/500px-Wilhelm_Friedrich_K%C3%BChne_%28HeidICON_28860%29.jpg
  [1417] 'Zanahoria' -> https://upload.wikimedia.org/wikipedia/commons/thumb/c/cf/Zanahoria%2C_M%C3%BAnich%2C_Alemania%2C_2013-03-30%2C_DD_01.JPG/500px-Zanahoria%2C_M%C3%BAnich%2C_Alemania%2C_2013-03-30%2C_DD_01.JPG
  [commons.wikimedia.org] 429 intento 1, esperando 40s ...
  [1418] 'Pepinillos en rodajas' -> https://upload.wikimedia.org/wikipedia/commons/thumb/5/50/A_jar_of_sliced_pickled_cucumber.jpg/500px-A_jar_of_sliced_pickled_cucumber.jpg
  [1421] 'Achards de Vegetales' -> https://upload.wikimedia.org/wikipedia/commons/thumb/d/d6/Achards.jpg/500px-Achards.jpg
  [1422] 'Cebollitas' -> https://upload.wikimedia.org/wikipedia/commons/thumb/e/e0/I_Love_Hacendado_%28469984295%29.jpg/500px-I_Love_Hacendado_%28469984295%29.jpg
  [commons.wikimedia.org] 429 intento 1, esperando 39s ...
  [1424] 'Gherkins con chile' -> https://upload.wikimedia.org/wikipedia/commons/thumb/4/4e/Argentine_hamburgers_made_with_Paty_Cl%C3%A1sicas_patties%2C_lettuce%2C_tomato%2C_fried_egg%2C_and_mozzarella_cheese_on_Don_Yeyo_buns%2C_with_pickled_gherkins%2C_paprika_sauce%2C_and_malagueta_chili_peppers.jpg/500px-thumbnail.jpg
  [1425] 'Banderillas dulces' -> https://upload.wikimedia.org/wikipedia/commons/thumb/1/18/Una_caja_de_dulces_-_comedia_en_un_acto_%28IA_unacajadedulcesc00unse%29.pdf/page1-500px-Una_caja_de_dulces_-_comedia_en_un_acto_%28IA_unacajadedulcesc00unse%29.pdf.jpg
  [1427] 'Preparado agridulce' -> https://upload.wikimedia.org/wikipedia/commons/thumb/8/8f/Savon_Carrefour_extra_riche_%C3%A0_l%27huile_d%27avocat_-_1.jpg/500px-Savon_Carrefour_extra_riche_%C3%A0_l%27huile_d%27avocat_-_1.jpg
  [commons.wikimedia.org] 429 intento 1, esperando 38s ...
  [1429] 'Encurtido de remolacha fresco' -> https://upload.wikimedia.org/wikipedia/commons/thumb/3/38/Karta_Tesco_ClubCard.jpg/500px-Karta_Tesco_ClubCard.jpg
  [1431] 'Pepinillos agridulce frasco' -> https://upload.wikimedia.org/wikipedia/commons/thumb/4/4d/Periodic_table_large.svg/500px-Periodic_table_large.svg.png
  [1432] 'Pepinillos Pequeños' -> https://upload.wikimedia.org/wikipedia/commons/thumb/8/84/Pepinillos_encurtidos-2009.jpg/500px-Pepinillos_encurtidos-2009.jpg
  [1433] 'Pepinillos Vinagre' -> https://upload.wikimedia.org/wikipedia/commons/thumb/d/d9/Pepinillos_en_vinagre.jpg/500px-Pepinillos_en_vinagre.jpg
  [1434] 'Pepinillos (Variedad 1434)' -> https://upload.wikimedia.org/wikipedia/commons/thumb/e/e0/I_Love_Hacendado_%28469984295%29.jpg/500px-I_Love_Hacendado_%28469984295%29.jpg
  [1435] 'Pepinillos Entiers agridulce' -> https://upload.wikimedia.org/wikipedia/commons/thumb/0/02/Carrefour_55-o.art.pub-carrefour-02.jpg/500px-Carrefour_55-o.art.pub-carrefour-02.jpg
  [1436] 'Pepinillos finos con 5 aromáticas' -> https://upload.wikimedia.org/wikipedia/commons/thumb/2/22/Auchan%2C_Le_Pontet%2C_Vaucluse%2C_France.jpg/500px-Auchan%2C_Le_Pontet%2C_Vaucluse%2C_France.jpg
  [commons.wikimedia.org] 429 intento 1, esperando 39s ...
  [1439] 'Piparra' -> https://upload.wikimedia.org/wikipedia/commons/thumb/e/e0/I_Love_Hacendado_%28469984295%29.jpg/500px-I_Love_Hacendado_%28469984295%29.jpg
  [commons.wikimedia.org] 429 intento 1, esperando 40s ...
  [1444] 'Pepinillo picante lime' -> https://upload.wikimedia.org/wikipedia/commons/d/da/Lemon_pickle_star_anise.jpg
  [1446] 'Baby beetroot' -> https://upload.wikimedia.org/wikipedia/commons/thumb/7/7c/Triple_colour_parantha_with_roasted_baby_potatoes_and_palak_paneer.jpg/500px-Triple_colour_parantha_with_roasted_baby_potatoes_and_palak_paneer.jpg
  [1447] 'Pepinillos très finos pasteurisés con Vinagre en frasco' -> https://upload.wikimedia.org/wikipedia/commons/thumb/4/4d/Periodic_table_large.svg/500px-Periodic_table_large.svg.png
  [commons.wikimedia.org] 429 intento 1, esperando 40s ...
  [1452] 'CORNICHON EF' -> https://upload.wikimedia.org/wikipedia/commons/thumb/8/86/Bouton_d%27or_%282%29.jpg/500px-Bouton_d%27or_%282%29.jpg
  [1455] 'Pepinillos Crinkle troceado' -> https://upload.wikimedia.org/wikipedia/commons/thumb/3/3c/Spring_garden_book._1919_-_plants%2C_seeds_and_cut_flowers_-_C._Young_%26_Sons_Co._%28IA_CAT31303239%29.pdf/page1-500px-Spring_garden_book._1919_-_plants%2C_seeds_and_cut_flowers_-_C._Young_%26_Sons_Co._%28IA_CAT31303239%29.pdf.jpg
  [1456] 'Pepinillos extra finos crujientes con Vinagre' -> https://upload.wikimedia.org/wikipedia/commons/thumb/0/0b/Monoprix_shop_looted_2011.jpg/500px-Monoprix_shop_looted_2011.jpg
  [commons.wikimedia.org] 429 intento 1, esperando 39s ...
  [1457] 'Pepinillos encurtidos plakjes Agridulce' -> https://upload.wikimedia.org/wikipedia/commons/thumb/8/8c/Wilhelm_Friedrich_K%C3%BChne_%28HeidICON_28860%29.jpg/500px-Wilhelm_Friedrich_K%C3%BChne_%28HeidICON_28860%29.jpg
  [1458] 'Guindillas' -> https://upload.wikimedia.org/wikipedia/commons/thumb/9/9e/Chile_%283%29%2C_Patagonia%2C_Road_Y-50_towards_Rio_Verde.JPG/500px-Chile_%283%29%2C_Patagonia%2C_Road_Y-50_towards_Rio_Verde.JPG
  [1459] 'Esiggurken' -> https://upload.wikimedia.org/wikipedia/commons/thumb/f/f0/Radensleben_Hengstenberg_Tafel.jpg/500px-Radensleben_Hengstenberg_Tafel.jpg
  [1460] 'Encurtido de dulce Silver Skin cebollas' -> https://upload.wikimedia.org/wikipedia/commons/thumb/d/dc/ALDI_Woerden_02.JPG/500px-ALDI_Woerden_02.JPG
  [1461] 'Rondelles de Pepinillos' -> https://upload.wikimedia.org/wikipedia/commons/thumb/e/ee/Hirundo_rustica_LC0073.jpg/500px-Hirundo_rustica_LC0073.jpg
  [commons.wikimedia.org] 429 intento 1, esperando 40s ...
  [1462] 'Rote Bete' -> https://upload.wikimedia.org/wikipedia/commons/thumb/5/5a/Rote_Bete_%2846417175262%29.jpg/500px-Rote_Bete_%2846417175262%29.jpg
  [1463] 'Pepinillos MALOSSOL' -> https://upload.wikimedia.org/wikipedia/commons/thumb/8/8c/Wilhelm_Friedrich_K%C3%BChne_%28HeidICON_28860%29.jpg/500px-Wilhelm_Friedrich_K%C3%BChne_%28HeidICON_28860%29.jpg
  [1464] 'Mini épis de maïs' -> https://upload.wikimedia.org/wikipedia/commons/thumb/8/8c/Wilhelm_Friedrich_K%C3%BChne_%28HeidICON_28860%29.jpg/500px-Wilhelm_Friedrich_K%C3%BChne_%28HeidICON_28860%29.jpg
  [1465] 'Berenjenas de Almagro aliño suave' -> https://upload.wikimedia.org/wikipedia/commons/thumb/b/b8/Artgate_Fondazione_Cariplo_-_Canova_Antonio%2C_Allegoria_della_Giustizia.jpg/500px-Artgate_Fondazione_Cariplo_-_Canova_Antonio%2C_Allegoria_della_Giustizia.jpg
  [1466] 'Roasted rojo pimientos' -> https://upload.wikimedia.org/wikipedia/commons/thumb/1/15/Pimientos_rojos%2C_asados_al_horno_%28Espa%C3%B1a%29.jpg/500px-Pimientos_rojos%2C_asados_al_horno_%28Espa%C3%B1a%29.jpg
  [1467] 'Original Pickle cebollas' -> https://upload.wikimedia.org/wikipedia/commons/thumb/d/d1/Pickles_de_pepinos%2C_aj%C3%ADes_y_cebollas.jpg/500px-Pickles_de_pepinos%2C_aj%C3%ADes_y_cebollas.jpg
  [commons.wikimedia.org] 429 intento 1, esperando 39s ...
  [1468] 'Pepinillos mi fins TOP BUDGET' -> https://upload.wikimedia.org/wikipedia/commons/thumb/4/43/A_peat_bog_below_the_top_of_Doune_Hill%2C_Luss_Hills%2C_Scotland.jpg/500px-A_peat_bog_below_the_top_of_Doune_Hill%2C_Luss_Hills%2C_Scotland.jpg
  [1470] 'Remolacha rodajas' -> https://upload.wikimedia.org/wikipedia/commons/thumb/6/6a/The_Crown_Inn%2C_King%27s_Somborne_-_geograph.org.uk_-_350293.jpg/500px-The_Crown_Inn%2C_King%27s_Somborne_-_geograph.org.uk_-_350293.jpg
  [1472] 'pepinillos konserwowe' -> https://upload.wikimedia.org/wikipedia/commons/thumb/d/df/Lidl_locations_.png/500px-Lidl_locations_.png
  [commons.wikimedia.org] 429 intento 1, esperando 40s ...
  [1475] 'Silverskin cebollas' -> https://upload.wikimedia.org/wikipedia/commons/thumb/d/dc/ALDI_Woerden_02.JPG/500px-ALDI_Woerden_02.JPG
  [1476] 'Encurtido de eneldo pepinos' -> https://upload.wikimedia.org/wikipedia/commons/thumb/e/ec/Glasses_of_pickled_cucumbers_3.jpg/500px-Glasses_of_pickled_cucumbers_3.jpg
  [1477] 'Encurtido de Gherkins en Vinagre' -> https://upload.wikimedia.org/wikipedia/commons/thumb/a/a5/J._Sainsbury%27s_supermarket_Camden_Road%2C_London.jpg/500px-J._Sainsbury%27s_supermarket_Camden_Road%2C_London.jpg
  [1478] 'Sandwich pepinillos würzig süss' -> https://upload.wikimedia.org/wikipedia/commons/thumb/8/8c/Wilhelm_Friedrich_K%C3%BChne_%28HeidICON_28860%29.jpg/500px-Wilhelm_Friedrich_K%C3%BChne_%28HeidICON_28860%29.jpg
  [1479] 'Sacla Acetelli Gherkins' -> https://upload.wikimedia.org/wikipedia/commons/1/14/Sacla-small.jpg
  [commons.wikimedia.org] 429 intento 1, esperando 39s ...
  [1480] 'Concombres Polonais agridulce' -> https://upload.wikimedia.org/wikipedia/commons/thumb/c/ca/Maayane_Soumagnac.jpg/500px-Maayane_Soumagnac.jpg
  [1481] 'Belgium Pickles' -> https://upload.wikimedia.org/wikipedia/commons/thumb/9/97/A_summer%27s_jaunt_across_the_water._Including_visits_to_England%2C_Ireland%2C_Scotland%2C_France%2C_Switzerland%2C_Germany%2C_Belgium%2C_etc_%28IA_summersjauntacro00smit%29.pdf/page1-500px-A_summer%27s_jaunt_across_the_water._Including_visits_to_England%2C_Ireland%2C_Scotland%2C_France%2C_Switzerland%2C_Germany%2C_Belgium%2C_etc_%28IA_summersjauntacro00smit%29.pdf.jpg
  [1482] 'Snacking pickles' -> https://upload.wikimedia.org/wikipedia/commons/thumb/0/00/Fried_pickles.jpg/500px-Fried_pickles.jpg
  [1483] 'Pepinillos grande francés Preparado agridulce' -> https://upload.wikimedia.org/wikipedia/commons/thumb/8/86/Bouton_d%27or_%282%29.jpg/500px-Bouton_d%27or_%282%29.jpg
  [1484] 'Encurtido de remolacha en rodajas' -> https://upload.wikimedia.org/wikipedia/commons/thumb/9/93/-2018-12-14_Jar_of_pickled_Beetroot_and_Scallions%2C_Cromer_%281%29.JPG/500px--2018-12-14_Jar_of_pickled_Beetroot_and_Scallions%2C_Cromer_%281%29.JPG
  [1485] 'Pepinillos pequeños Croquants) mini Pepinillos (mini' -> https://upload.wikimedia.org/wikipedia/commons/thumb/d/df/ES_Maille_im_Winter.jpg/500px-ES_Maille_im_Winter.jpg
  [commons.wikimedia.org] 429 intento 1, esperando 39s ...
  [1486] 'Pepinillos très finos crujientes' -> https://upload.wikimedia.org/wikipedia/commons/thumb/2/22/Auchan%2C_Le_Pontet%2C_Vaucluse%2C_France.jpg/500px-Auchan%2C_Le_Pontet%2C_Vaucluse%2C_France.jpg
  [1487] 'Encurtido de Pepinillos' -> https://upload.wikimedia.org/wikipedia/commons/thumb/a/a5/J._Sainsbury%27s_supermarket_Camden_Road%2C_London.jpg/500px-J._Sainsbury%27s_supermarket_Camden_Road%2C_London.jpg
  [1488] 'Pepinillos rondelles agridulce Burger' -> https://upload.wikimedia.org/wikipedia/commons/thumb/8/8c/Wilhelm_Friedrich_K%C3%BChne_%28HeidICON_28860%29.jpg/500px-Wilhelm_Friedrich_K%C3%BChne_%28HeidICON_28860%29.jpg
  [1489] 'Gurkenfässchen' -> https://upload.wikimedia.org/wikipedia/commons/thumb/6/6a/The_Crown_Inn%2C_King%27s_Somborne_-_geograph.org.uk_-_350293.jpg/500px-The_Crown_Inn%2C_King%27s_Somborne_-_geograph.org.uk_-_350293.jpg
  [1490] 'Pepinillos mit Kräutern verfeinert' -> https://upload.wikimedia.org/wikipedia/commons/thumb/8/8c/Wilhelm_Friedrich_K%C3%BChne_%28HeidICON_28860%29.jpg/500px-Wilhelm_Friedrich_K%C3%BChne_%28HeidICON_28860%29.jpg
  [1491] 'Remolacha roja en cubos (Variedad 1491)' -> https://upload.wikimedia.org/wikipedia/commons/thumb/a/a0/Locmin%C3%A9_Usine_d%27Aucy.jpg/500px-Locmin%C3%A9_Usine_d%27Aucy.jpg
  [1492] 'Crinkled Beetroot' -> https://upload.wikimedia.org/wikipedia/commons/thumb/4/42/The_Baxters_store_at_Selkirk_-_geograph.org.uk_-_937843.jpg/500px-The_Baxters_store_at_Selkirk_-_geograph.org.uk_-_937843.jpg
  [commons.wikimedia.org] 429 intento 1, esperando 40s ...
  [1493] 'Pepinillos' -> https://upload.wikimedia.org/wikipedia/commons/thumb/4/49/Dia_Island.jpg/500px-Dia_Island.jpg
  [1494] 'Bayerische Gewürzgurken' -> https://upload.wikimedia.org/wikipedia/commons/5/5d/L%C3%A9onard_Specht_%28cropped%29.jpg
  [1495] 'Pepinillos fresco de Val de Loire con Vinagre de Orléans' -> https://upload.wikimedia.org/wikipedia/commons/thumb/d/d7/45._Martin-Pouret._Logotype.jpg/500px-45._Martin-Pouret._Logotype.jpg
  [1496] 'Kühne Pepinillos agridulces' -> https://upload.wikimedia.org/wikipedia/commons/e/ed/Kuhne_Rabbit_optogram.jpg
  [1497] 'Cebollitas Rojas' -> https://upload.wikimedia.org/wikipedia/commons/7/79/Mapa_de_rioverde.GIF
  [commons.wikimedia.org] 429 intento 1, esperando 39s ...
  [1499] 'Pepinillos agridulces (Variedad 1499)' -> https://upload.wikimedia.org/wikipedia/commons/thumb/3/3e/Albert_Heijn_Headquarters_by_Niels_Kim.jpg/500px-Albert_Heijn_Headquarters_by_Niels_Kim.jpg
  [1500] 'Encurtido de rojo cebollas' -> https://upload.wikimedia.org/wikipedia/commons/thumb/5/53/Asda_and_M%26S_Simply_Food_-_geograph.org.uk_-_4227132.jpg/500px-Asda_and_M%26S_Simply_Food_-_geograph.org.uk_-_4227132.jpg
  [1501] 'Pepinillos encurtidos dulce-y-Sour' -> https://upload.wikimedia.org/wikipedia/commons/thumb/4/41/Everyday_Sunday_2009_%283197984491%29.jpg/500px-Everyday_Sunday_2009_%283197984491%29.jpg
  [commons.wikimedia.org] 429 intento 1, esperando 39s ...
  [1502] 'Remolacha roja en cubos - 3x1/' -> https://upload.wikimedia.org/wikipedia/commons/thumb/5/5a/Saint-Eloi_2010-08-01.jpg/500px-Saint-Eloi_2010-08-01.jpg
  [1505] 'Mini épis de maïs crujientes' -> https://upload.wikimedia.org/wikipedia/commons/thumb/0/02/Carrefour_55-o.art.pub-carrefour-02.jpg/500px-Carrefour_55-o.art.pub-carrefour-02.jpg
  [commons.wikimedia.org] 429 intento 1, esperando 39s ...
  [1508] 'Encurtido de cebollas' -> https://upload.wikimedia.org/wikipedia/commons/thumb/2/2b/Aceitunas-Cebollas-encurtidos-02.jpg/500px-Aceitunas-Cebollas-encurtidos-02.jpg
  [1509] 'Scharfe Gürkchen' -> https://upload.wikimedia.org/wikipedia/commons/thumb/8/8c/Wilhelm_Friedrich_K%C3%BChne_%28HeidICON_28860%29.jpg/500px-Wilhelm_Friedrich_K%C3%BChne_%28HeidICON_28860%29.jpg
  [1511] 'Chucrut william saurin' -> https://upload.wikimedia.org/wikipedia/commons/thumb/f/f5/William_Saurin%2C_Pouilly-sur-Serre-5697.jpg/500px-William_Saurin%2C_Pouilly-sur-Serre-5697.jpg
  [1512] 'La Chucrut Garnie' -> https://upload.wikimedia.org/wikipedia/commons/thumb/5/5a/Choucroute_-_Bar_restaurant_de_la_Saline_Royale_%28Arc-et-Senans%29_-_5_janvier_2018.jpg/500px-Choucroute_-_Bar_restaurant_de_la_Saline_Royale_%28Arc-et-Senans%29_-_5_janvier_2018.jpg
  [commons.wikimedia.org] 429 intento 1, esperando 40s ...
  [1514] 'Chucrut Royale, Au Riesling' -> https://upload.wikimedia.org/wikipedia/commons/thumb/f/f5/William_Saurin%2C_Pouilly-sur-Serre-5697.jpg/500px-William_Saurin%2C_Pouilly-sur-Serre-5697.jpg
  [commons.wikimedia.org] 429 intento 1, esperando 39s ...
  [1518] 'Chucrut con ajo crudo y eneldo' -> https://upload.wikimedia.org/wikipedia/commons/5/55/%C3%96narck%C3%A9p-Vadasz_miklos.jpg
  [1519] 'Chucrut Natural' -> https://upload.wikimedia.org/wikipedia/commons/thumb/4/43/Augustins_-_Christ_en_croix_entre_la_Vierge%2C_saint_Jean_et_les_donateurs_pr%C3%A9sum%C3%A9s%2C_le_roi_Charles_VII_et_le_Dauphin_-_Anonyme_2004_1_302.jpg/500px-Augustins_-_Christ_en_croix_entre_la_Vierge%2C_saint_Jean_et_les_donateurs_pr%C3%A9sum%C3%A9s%2C_le_roi_Charles_VII_et_le_Dauphin_-_Anonyme_2004_1_302.jpg
  [1520] 'Chucrut con charcutería y vino Riesling de Alsacia' -> https://upload.wikimedia.org/wikipedia/commons/thumb/e/e5/Justingen-Johannes-Stoeffler-Schule.jpg/500px-Justingen-Johannes-Stoeffler-Schule.jpg
  [commons.wikimedia.org] 429 intento 1, esperando 40s ...
  [1523] 'Dorado cúrcuma' -> https://upload.wikimedia.org/wikipedia/commons/thumb/e/ed/Golden_Milk_.jpg/500px-Golden_Milk_.jpg
  [1524] 'Chucrut d’Alsace' -> https://upload.wikimedia.org/wikipedia/commons/thumb/b/bb/Choucroute-p1030189.jpg/500px-Choucroute-p1030189.jpg
  [1525] 'Chucrut (Chucrut)' -> https://upload.wikimedia.org/wikipedia/commons/thumb/5/5b/Chucrut_%28estilo_argentino%29_preparaci%C3%B3n.jpg/500px-Chucrut_%28estilo_argentino%29_preparaci%C3%B3n.jpg
  [1526] 'Chucrut con panceta salteada y vino Riesling' -> https://upload.wikimedia.org/wikipedia/commons/thumb/4/43/Augustins_-_Christ_en_croix_entre_la_Vierge%2C_saint_Jean_et_les_donateurs_pr%C3%A9sum%C3%A9s%2C_le_roi_Charles_VII_et_le_Dauphin_-_Anonyme_2004_1_302.jpg/500px-Augustins_-_Christ_en_croix_entre_la_Vierge%2C_saint_Jean_et_les_donateurs_pr%C3%A9sum%C3%A9s%2C_le_roi_Charles_VII_et_le_Dauphin_-_Anonyme_2004_1_302.jpg
  [1527] 'Chucrut con remolacha roja' -> https://upload.wikimedia.org/wikipedia/commons/thumb/2/22/The_Ascent_of_the_Matterhorn_-_The_Village_of_Biona.png/500px-The_Ascent_of_the_Matterhorn_-_The_Village_of_Biona.png
  [1528] 'Saucisse de Morteau cuite' -> https://upload.wikimedia.org/wikipedia/commons/thumb/2/26/Revue_des_Deux_Mondes_-_1832_-_tome_5.djvu/page1-500px-Revue_des_Deux_Mondes_-_1832_-_tome_5.djvu.jpg
  [commons.wikimedia.org] 429 intento 1, esperando 38s ...
  [1529] 'Chucrut suave de repollo blanco' -> https://upload.wikimedia.org/wikipedia/commons/thumb/3/39/King_Edward_VII%2C_his_life_%26_reign%3B_the_record_of_a_noble_career_4.djvu/page1-500px-King_Edward_VII%2C_his_life_%26_reign%3B_the_record_of_a_noble_career_4.djvu.jpg
  [1534] 'Chucrut royale alsacienne' -> https://upload.wikimedia.org/wikipedia/commons/thumb/f/f0/Alletz_-_G%C3%A9nie_du_XIXe_si%C3%A8cle%2C_ou_esquisse_des_progr%C3%A8s_de_l%E2%80%99esprit_humain_depuis_1800_jusqu%E2%80%99%C3%A0_nos_jours.djvu/page1-500px-Alletz_-_G%C3%A9nie_du_XIXe_si%C3%A8cle%2C_ou_esquisse_des_progr%C3%A8s_de_l%E2%80%99esprit_humain_depuis_1800_jusqu%E2%80%99%C3%A0_nos_jours.djvu.jpg
  [commons.wikimedia.org] 429 intento 1, esperando 38s ...
  [1536] 'Chucrut garnie Boîte de' -> https://upload.wikimedia.org/wikipedia/commons/thumb/3/36/Saint-Girons_-_Biocoop_-_20110307_%282%29.jpg/500px-Saint-Girons_-_Biocoop_-_20110307_%282%29.jpg
  [1538] 'Chucrut garnie Pur cerdo' -> https://upload.wikimedia.org/wikipedia/commons/thumb/4/4c/Carrefour_in_Singapore.jpg/500px-Carrefour_in_Singapore.jpg
  [1539] 'Chucrut garnie d’Alsace VPF VBF' -> https://upload.wikimedia.org/wikipedia/commons/thumb/e/e5/Justingen-Johannes-Stoeffler-Schule.jpg/500px-Justingen-Johannes-Stoeffler-Schule.jpg
  [commons.wikimedia.org] 429 intento 1, esperando 40s ...
  [1540] 'Chucrut bávaro' -> https://upload.wikimedia.org/wikipedia/commons/thumb/7/7d/Bavarian_food.jpg/500px-Bavarian_food.jpg
  [1541] 'Chucrut royale' -> https://upload.wikimedia.org/wikipedia/commons/thumb/5/5a/Choucroute_-_Bar_restaurant_de_la_Saline_Royale_%28Arc-et-Senans%29_-_5_janvier_2018.jpg/500px-Choucroute_-_Bar_restaurant_de_la_Saline_Royale_%28Arc-et-Senans%29_-_5_janvier_2018.jpg
  [1542] 'Chucrut garnie Royale' -> https://upload.wikimedia.org/wikipedia/commons/thumb/0/02/Carrefour_55-o.art.pub-carrefour-02.jpg/500px-Carrefour_55-o.art.pub-carrefour-02.jpg
  [1544] 'Chucrut auténtico de Alsacia' -> https://upload.wikimedia.org/wikipedia/commons/thumb/9/9d/Downtown_Tempe.jpg/500px-Downtown_Tempe.jpg
  [commons.wikimedia.org] 429 intento 1, esperando 38s ...
  [1549] 'German estilo Chucrut (Chucrut (chucrut))' -> https://upload.wikimedia.org/wikipedia/commons/thumb/c/c5/02014_Deutsche_K%C3%BCche_in_Rzesz%C3%B3w.jpg/500px-02014_Deutsche_K%C3%BCche_in_Rzesz%C3%B3w.jpg
  [1551] 'Chucrut al natural' -> https://upload.wikimedia.org/wikipedia/commons/thumb/d/dd/Annales_du_Jardin_botanique_de_Buitenzorg._%28IA_mobot31753002207774%29.pdf/page1-500px-Annales_du_Jardin_botanique_de_Buitenzorg._%28IA_mobot31753002207774%29.pdf.jpg
  [1553] 'Véritable Chucrut guarnecido de Alsacia' -> https://upload.wikimedia.org/wikipedia/commons/thumb/c/cc/Mercure_de_France%2C_1895%2C_v._13-14.pdf/page1-500px-Mercure_de_France%2C_1895%2C_v._13-14.pdf.jpg
  [commons.wikimedia.org] 429 intento 1, esperando 38s ...
  [1554] 'Chucrut garnie supérieure' -> https://upload.wikimedia.org/wikipedia/commons/thumb/c/c4/SVG_Sans_fonts%2C_cs.svg/500px-SVG_Sans_fonts%2C_cs.svg.png
  [1555] 'Classic Chucrut (Chucrut (chucrut))' -> https://upload.wikimedia.org/wikipedia/commons/thumb/f/f3/Kitchen_Sink%2C_House_from_a_Christmas_Story%2C_Cleveland%2C_Ohio%2C_March_26%2C_2016.jpg/500px-Kitchen_Sink%2C_House_from_a_Christmas_Story%2C_Cleveland%2C_Ohio%2C_March_26%2C_2016.jpg
  [1556] 'Chucrut garnie au vino blanco' -> https://upload.wikimedia.org/wikipedia/commons/thumb/2/22/Auchan%2C_Le_Pontet%2C_Vaucluse%2C_France.jpg/500px-Auchan%2C_Le_Pontet%2C_Vaucluse%2C_France.jpg
  [1557] 'Chucrut garnie Alsace' -> https://upload.wikimedia.org/wikipedia/commons/thumb/0/0b/Choucroute_garnie.jpg/500px-Choucroute_garnie.jpg
  [commons.wikimedia.org] 429 intento 1, esperando 36s ...
  [1558] 'Chucrut gourmande' -> https://upload.wikimedia.org/wikipedia/commons/thumb/8/84/Mus%C3%A9e_de_la_Gourmandise_%E2%80%93_Mission_Gourmande_%E2%80%93_Salle_3_-_mouss%C3%AE_brun-vert.jpg/500px-Mus%C3%A9e_de_la_Gourmandise_%E2%80%93_Mission_Gourmande_%E2%80%93_Salle_3_-_mouss%C3%AE_brun-vert.jpg
  [1559] 'Chucrut garnie à l’Alsacienne VPF - Stoeffler' -> https://upload.wikimedia.org/wikipedia/commons/thumb/e/e5/Justingen-Johannes-Stoeffler-Schule.jpg/500px-Justingen-Johannes-Stoeffler-Schule.jpg
  [1560] 'Chucrut GARNIE (réf saisonnière octobre à mars)' -> https://upload.wikimedia.org/wikipedia/commons/thumb/8/85/Malacologie_de_l%27Alg%C3%A9rie%2C_ou%2C_Histoire_naturelle_des_animaux_mollusques_terrestres_et_fluviatiles_recueillis_jusqu%27%C3%A0_ce_jour_dans_nos_possessions_du_nord_de_l%27Afrique_%28IA_MalacologiedelA00Bour%29.pdf/page1-500px-thumbnail.pdf.jpg
  [commons.wikimedia.org] 429 intento 1, esperando 38s ...
  [1561] 'Chucrut bio cuisinée' -> https://upload.wikimedia.org/wikipedia/commons/thumb/f/ff/Andr%C3%A9_laurent_e_carles_nicolas_II_cochin%2C_interno_e_soffitto_della_siegelzaal_di_versaille_%28da_jean-baptiste_mass%C3%A9_e_charles_le_brun%29%2C_1723-52.jpg/500px-Andr%C3%A9_laurent_e_carles_nicolas_II_cochin%2C_interno_e_soffitto_della_siegelzaal_di_versaille_%28da_jean-baptiste_mass%C3%A9_e_charles_le_brun%29%2C_1723-52.jpg
  [1562] 'Fasskraut (Fermento de repollo)' -> https://upload.wikimedia.org/wikipedia/commons/thumb/8/8c/Wilhelm_Friedrich_K%C3%BChne_%28HeidICON_28860%29.jpg/500px-Wilhelm_Friedrich_K%C3%BChne_%28HeidICON_28860%29.jpg
  [1564] 'Chucrut d’Alsace cuisinée IGP' -> https://upload.wikimedia.org/wikipedia/commons/thumb/e/e5/Justingen-Johannes-Stoeffler-Schule.jpg/500px-Justingen-Johannes-Stoeffler-Schule.jpg
  [commons.wikimedia.org] 429 intento 1, esperando 38s ...
  [1565] 'Assortiment Chucrut' -> https://upload.wikimedia.org/wikipedia/commons/thumb/6/60/Gare_de_Clermont_en_Argonne.jpg/500px-Gare_de_Clermont_en_Argonne.jpg
  [1567] 'Chucrut de mar' -> https://upload.wikimedia.org/wikipedia/commons/thumb/2/26/Choucroute_d%27Alsace_028.jpg/500px-Choucroute_d%27Alsace_028.jpg
  [commons.wikimedia.org] 429 intento 1, esperando 40s ...
  [1569] 'Bio-Chucrut (Chucrut (chucrut))' -> https://upload.wikimedia.org/wikipedia/commons/thumb/d/da/Naturschutzgebiet_und_Nutzung_der_Natur_als_Steinbruch%2C_nur_durch_den_Neckar_getrennt.jpg/500px-Naturschutzgebiet_und_Nutzung_der_Natur_als_Steinbruch%2C_nur_durch_den_Neckar_getrennt.jpg
  [1570] 'Chucrut de Krautergersheim' -> https://upload.wikimedia.org/wikipedia/commons/thumb/4/4e/Ren%C3%A9_Benjamin_-_Gaspard%2C_1915.djvu/page1-500px-Ren%C3%A9_Benjamin_-_Gaspard%2C_1915.djvu.jpg
  [commons.wikimedia.org] 429 intento 1, esperando 38s ...
  [1575] 'Chucrut tradicional con Encurtido de Persian Cucumbers' -> https://upload.wikimedia.org/wikipedia/commons/thumb/9/92/Trader_Joe%27s_in_Chattanooga%2C_Tennessee.jpg/500px-Trader_Joe%27s_in_Chattanooga%2C_Tennessee.jpg
  [1577] 'Chucrut (chucrut (chucrut)) tradicional alemán barrica' -> https://upload.wikimedia.org/wikipedia/commons/thumb/3/3e/LKW_Firma_Carl_K%C3%BChne.JPG/500px-LKW_Firma_Carl_K%C3%BChne.JPG
  [commons.wikimedia.org] 429 intento 1, esperando 40s ...
  [1579] 'Chucrut tradicional Saft' -> https://upload.wikimedia.org/wikipedia/commons/thumb/d/d7/Edeka_in_D%C3%B6ffingen_03.jpg/500px-Edeka_in_D%C3%B6ffingen_03.jpg
  [1580] 'repollo Kiszona Chucrut (Chucrut (chucrut))' -> https://upload.wikimedia.org/wikipedia/commons/thumb/b/b5/Kiszona_kapusta.JPG/500px-Kiszona_kapusta.JPG
  [1582] 'Schlachtekraut' -> https://upload.wikimedia.org/wikipedia/commons/thumb/8/81/Rotkrautglas_von_Th%C3%BCringer_Landgarten.jpg/500px-Rotkrautglas_von_Th%C3%BCringer_Landgarten.jpg
  [1583] 'La Chucrut cuisinée' -> https://upload.wikimedia.org/wikipedia/commons/thumb/f/ff/Andr%C3%A9_laurent_e_carles_nicolas_II_cochin%2C_interno_e_soffitto_della_siegelzaal_di_versaille_%28da_jean-baptiste_mass%C3%A9_e_charles_le_brun%29%2C_1723-52.jpg/500px-Andr%C3%A9_laurent_e_carles_nicolas_II_cochin%2C_interno_e_soffitto_della_siegelzaal_di_versaille_%28da_jean-baptiste_mass%C3%A9_e_charles_le_brun%29%2C_1723-52.jpg
  [1584] 'Gemüse: Chucrut (Chucrut (chucrut)) mit Speck (mild)' -> https://upload.wikimedia.org/wikipedia/commons/thumb/f/f0/Radensleben_Hengstenberg_Tafel.jpg/500px-Radensleben_Hengstenberg_Tafel.jpg
  [commons.wikimedia.org] 429 intento 1, esperando 40s ...
  [1585] 'Fasskraut - natürlich-mildes Chucrut (Chucrut (chucrut))' -> https://upload.wikimedia.org/wikipedia/commons/thumb/d/d5/2016-02-04_Eva_K%C3%BChne-H%C3%B6rmann_-_Justizministerin_Hessen_-_3200-2.jpg/500px-2016-02-04_Eva_K%C3%BChne-H%C3%B6rmann_-_Justizministerin_Hessen_-_3200-2.jpg
  [1586] 'Crauti al natural' -> https://upload.wikimedia.org/wikipedia/commons/thumb/c/c1/Pore%C4%8D%E2%80%93Zuccato_palace-01.jpg/500px-Pore%C4%8D%E2%80%93Zuccato_palace-01.jpg
  [1588] 'Chucrut cuite au Riesling' -> https://upload.wikimedia.org/wikipedia/commons/thumb/c/c6/La_grande_chirurgie...restitu%C3%A9e_par_Laurent_Joubert_%28IA_BIUSante_71187x01%29.pdf/page1-330px-La_grande_chirurgie...restitu%C3%A9e_par_Laurent_Joubert_%28IA_BIUSante_71187x01%29.pdf.jpg
  [1589] 'Chucrut tradicional Campo Verde' -> https://upload.wikimedia.org/wikipedia/commons/thumb/6/6b/Cidade_de_Campo_Verde.jpg/500px-Cidade_de_Campo_Verde.jpg
  [commons.wikimedia.org] 429 intento 1, esperando 39s ...
  [1590] 'Chucrut guarnecido de Alsacia (Variedad 1590)' -> https://upload.wikimedia.org/wikipedia/commons/thumb/1/18/Choucroute_garnie_et_Baeckeoffe_d%27Alsace.JPG/500px-Choucroute_garnie_et_Baeckeoffe_d%27Alsace.JPG
  [1591] 'Coeur de repollo - Chucrut cuisinée' -> https://upload.wikimedia.org/wikipedia/commons/thumb/f/ff/Andr%C3%A9_laurent_e_carles_nicolas_II_cochin%2C_interno_e_soffitto_della_siegelzaal_di_versaille_%28da_jean-baptiste_mass%C3%A9_e_charles_le_brun%29%2C_1723-52.jpg/500px-Andr%C3%A9_laurent_e_carles_nicolas_II_cochin%2C_interno_e_soffitto_della_siegelzaal_di_versaille_%28da_jean-baptiste_mass%C3%A9_e_charles_le_brun%29%2C_1723-52.jpg
  [1593] 'Crauti Già Cotti' -> https://upload.wikimedia.org/wikipedia/commons/thumb/c/c1/Pore%C4%8D%E2%80%93Zuccato_palace-01.jpg/500px-Pore%C4%8D%E2%80%93Zuccato_palace-01.jpg
  [1594] 'Chucrut tradicional Bavarian estilo' -> https://upload.wikimedia.org/wikipedia/commons/thumb/f/f0/Radensleben_Hengstenberg_Tafel.jpg/500px-Radensleben_Hengstenberg_Tafel.jpg
  [1595] 'rojo repollo con Apple' -> https://upload.wikimedia.org/wikipedia/commons/thumb/c/c5/02014_Deutsche_K%C3%BCche_in_Rzesz%C3%B3w.jpg/500px-02014_Deutsche_K%C3%BCche_in_Rzesz%C3%B3w.jpg
  [1596] 'Gegarneerde Zuurkool' -> https://upload.wikimedia.org/wikipedia/commons/thumb/f/f5/William_Saurin%2C_Pouilly-sur-Serre-5697.jpg/500px-William_Saurin%2C_Pouilly-sur-Serre-5697.jpg
  [1597] 'Weinsauerkraut' -> https://upload.wikimedia.org/wikipedia/commons/thumb/4/48/Satellite_image_of_Jamaica_in_November_2001.jpg/500px-Satellite_image_of_Jamaica_in_November_2001.jpg
  [commons.wikimedia.org] 429 intento 1, esperando 39s ...
  [1598] 'Chucrut (chucrut (chucrut)) ecológico crudo' -> https://upload.wikimedia.org/wikipedia/commons/thumb/a/a4/Hurly-Burly_Extravaganza.jpg/500px-Hurly-Burly_Extravaganza.jpg
  [1599] 'Chucrut guarnecido de Alsacia cuisinée con Riesling' -> https://upload.wikimedia.org/wikipedia/commons/thumb/0/02/Carrefour_55-o.art.pub-carrefour-02.jpg/500px-Carrefour_55-o.art.pub-carrefour-02.jpg
  [1600] 'Coeur de choux' -> https://upload.wikimedia.org/wikipedia/commons/thumb/c/c6/Contes_et_r%C3%AAveries_d%27un_planteur_de_choux_%28IA_contesetrverie00pont%29.pdf/page1-500px-Contes_et_r%C3%AAveries_d%27un_planteur_de_choux_%28IA_contesetrverie00pont%29.pdf.jpg
  [1601] 'Chucrut crue Bio lacto-fermentée' -> https://upload.wikimedia.org/wikipedia/commons/thumb/8/83/Richard_Wagner%2C_Paris%2C_1861.jpg/500px-Richard_Wagner%2C_Paris%2C_1861.jpg
  [1602] 'Naturaplan - Chucrut cuite' -> https://upload.wikimedia.org/wikipedia/commons/thumb/1/15/Betty_Bossi-Buerglistrasse-29-leftside.jpg/500px-Betty_Bossi-Buerglistrasse-29-leftside.jpg
  [commons.wikimedia.org] 429 intento 1, esperando 40s ...
  [1605] 'Coreano kimchi' -> https://upload.wikimedia.org/wikipedia/commons/thumb/9/9d/Korean_cuisine-Kimchi-08.jpg/500px-Korean_cuisine-Kimchi-08.jpg
  [1606] 'Super-beet kimchi' -> https://upload.wikimedia.org/wikipedia/commons/5/55/%C3%96narck%C3%A9p-Vadasz_miklos.jpg
  [1608] 'En rodajas kimchi' -> https://upload.wikimedia.org/wikipedia/commons/thumb/8/8d/Korean.cuisine-Nabak.kimchi-01.jpg/500px-Korean.cuisine-Nabak.kimchi-01.jpg
  [commons.wikimedia.org] 429 intento 1, esperando 40s ...
  [1613] 'SPICY Fermento de NAPA repollo' -> https://upload.wikimedia.org/wikipedia/commons/thumb/9/92/Trader_Joe%27s_in_Chattanooga%2C_Tennessee.jpg/500px-Trader_Joe%27s_in_Chattanooga%2C_Tennessee.jpg
  [1615] 'Kimchi Original' -> https://upload.wikimedia.org/wikipedia/commons/thumb/1/1f/Korean.food-Kimchi-01.jpg/500px-Korean.food-Kimchi-01.jpg
  [1616] 'Kimchi Pikant' -> https://upload.wikimedia.org/wikipedia/commons/thumb/f/f0/Radensleben_Hengstenberg_Tafel.jpg/500px-Radensleben_Hengstenberg_Tafel.jpg
  [1617] 'original Kimchi' -> https://upload.wikimedia.org/wikipedia/commons/thumb/1/1f/Korean.food-Kimchi-01.jpg/500px-Korean.food-Kimchi-01.jpg
  [commons.wikimedia.org] 429 intento 1, esperando 39s ...
  [1618] 'Kimchi suave' -> https://upload.wikimedia.org/wikipedia/commons/thumb/1/15/Betty_Bossi-Buerglistrasse-29-leftside.jpg/500px-Betty_Bossi-Buerglistrasse-29-leftside.jpg
  [1620] 'Clásico kimchi' -> https://upload.wikimedia.org/wikipedia/commons/thumb/7/7b/Classic_Chicken_Karaage_-_Sunoso_2023-11-28.jpg/500px-Classic_Chicken_Karaage_-_Sunoso_2023-11-28.jpg
  [1621] 'Encurtido Kimchi especiado' -> https://upload.wikimedia.org/wikipedia/commons/thumb/8/8c/The_Horticulturist_and_journal_of_rural_art_and_rural_taste_%28IA_horticulturistjo01alba%29.pdf/page1-500px-The_Horticulturist_and_journal_of_rural_art_and_rural_taste_%28IA_horticulturistjo01alba%29.pdf.jpg
  [1622] 'Kimchi clásico con chile y ajo' -> https://upload.wikimedia.org/wikipedia/commons/thumb/5/53/Asda_and_M%26S_Simply_Food_-_geograph.org.uk_-_4227132.jpg/500px-Asda_and_M%26S_Simply_Food_-_geograph.org.uk_-_4227132.jpg
  [commons.wikimedia.org] 429 intento 1, esperando 40s ...
  [1626] 'Kimchi picante' -> https://upload.wikimedia.org/wikipedia/commons/thumb/9/95/Gazpachuelo_de_Kimchi%2C_uvas_y_erizo_de_mar_%2814040181413%29.jpg/500px-Gazpachuelo_de_Kimchi%2C_uvas_y_erizo_de_mar_%2814040181413%29.jpg
  [1627] 'VEGAN KIMCHI' -> https://upload.wikimedia.org/wikipedia/commons/thumb/3/3e/Vegan_Moroccan_Kimchi_%288530487198%29.jpg/500px-Vegan_Moroccan_Kimchi_%288530487198%29.jpg
  [1629] 'Kimchi Scharf' -> https://upload.wikimedia.org/wikipedia/commons/thumb/f/f0/Radensleben_Hengstenberg_Tafel.jpg/500px-Radensleben_Hengstenberg_Tafel.jpg
  [1630] 'Baxter’s kimchi' -> https://upload.wikimedia.org/wikipedia/commons/thumb/4/42/The_Baxters_store_at_Selkirk_-_geograph.org.uk_-_937843.jpg/500px-The_Baxters_store_at_Selkirk_-_geograph.org.uk_-_937843.jpg
  [commons.wikimedia.org] 429 intento 1, esperando 39s ...
  [1631] 'Femented Kimchi' -> https://upload.wikimedia.org/wikipedia/commons/thumb/5/56/Loving_Hut_in_Philadelphia.jpg/500px-Loving_Hut_in_Philadelphia.jpg
  [1633] 'Repollo kimchi en rodajas' -> https://upload.wikimedia.org/wikipedia/commons/thumb/8/83/Jean_ren%C3%A9_gauguin%2C_per_bing_%26_gr%C3%B8ndahl%2C_adamo_ed_eva%2C_in_gr%C3%A9s%2C_copenhagen_1923-25.jpg/500px-Jean_ren%C3%A9_gauguin%2C_per_bing_%26_gr%C3%B8ndahl%2C_adamo_ed_eva%2C_in_gr%C3%A9s%2C_copenhagen_1923-25.jpg
  [1634] 'Repollo Table troceado kimchi Vegan Napa' -> https://upload.wikimedia.org/wikipedia/commons/thumb/1/1b/Whistlers_Mother_high_res.jpg/500px-Whistlers_Mother_high_res.jpg
  [commons.wikimedia.org] 429 intento 1, esperando 39s ...
  [1636] 'Cúrcuma kimchi' -> https://upload.wikimedia.org/wikipedia/commons/thumb/0/0f/View_of_a_small_town%2C_Juja%2C_in_Kenya.jpg/500px-View_of_a_small_town%2C_Juja%2C_in_Kenya.jpg
  [1637] 'SEOUL KIMCHI ORIGINAL' -> https://upload.wikimedia.org/wikipedia/commons/thumb/5/59/Seoul-Kimchi_and_banchan.jpg/500px-Seoul-Kimchi_and_banchan.jpg
  [1638] 'Kimchi - clásico' -> https://upload.wikimedia.org/wikipedia/commons/thumb/7/7b/Classic_Chicken_Karaage_-_Sunoso_2023-11-28.jpg/500px-Classic_Chicken_Karaage_-_Sunoso_2023-11-28.jpg
  [commons.wikimedia.org] 429 intento 1, esperando 39s ...
  [1641] 'Kimchi costero Dithmarscher' -> https://upload.wikimedia.org/wikipedia/commons/thumb/6/64/Wesselburen_eingang_kohlosseum.jpg/500px-Wesselburen_eingang_kohlosseum.jpg
  [1642] 'Kimchi picante (Variedad 1642)' -> https://upload.wikimedia.org/wikipedia/commons/thumb/0/04/Kimchi_chige_%28Korean_spicy_hot_pot%29_%283015567106%29.jpg/500px-Kimchi_chige_%28Korean_spicy_hot_pot%29_%283015567106%29.jpg
  [1643] 'Bath Culture casa kimchi' -> https://upload.wikimedia.org/wikipedia/commons/thumb/e/e1/The_Bath_House_%28copy%29_MET_DP816944.jpg/500px-The_Bath_House_%28copy%29_MET_DP816944.jpg
  [1644] 'Kimchi coreano estilo' -> https://upload.wikimedia.org/wikipedia/commons/thumb/8/8f/Korean_style_salad_geotjeoli_and_dongchimi_kimchi.jpg/500px-Korean_style_salad_geotjeoli_and_dongchimi_kimchi.jpg
  [commons.wikimedia.org] 429 intento 1, esperando 30s ...
  [1646] 'Stir-fried kimchi' -> https://upload.wikimedia.org/wikipedia/commons/thumb/f/fc/Korean_cuisine-Dubu_kimchi-01.jpg/500px-Korean_cuisine-Dubu_kimchi-01.jpg
  [1647] 'Kimchi para vegetarian' -> https://upload.wikimedia.org/wikipedia/commons/thumb/e/e8/Hmart_Checkout_lines.png/500px-Hmart_Checkout_lines.png
  [1648] 'Repollo kimchi (cut)' -> https://upload.wikimedia.org/wikipedia/commons/thumb/7/7f/Korea-Dae_Jang_Geum_Theme_Park-Surasang-01.jpg/500px-Korea-Dae_Jang_Geum_Theme_Park-Surasang-01.jpg
  [1649] 'Kimchi Mandu' -> https://upload.wikimedia.org/wikipedia/commons/thumb/f/f6/Korean.cuisine-Kimchi_mandu-01.jpg/500px-Korean.cuisine-Kimchi_mandu-01.jpg
  [commons.wikimedia.org] 429 intento 1, esperando 39s ...
  [1651] 'Rote Rüben Kimchi' -> https://upload.wikimedia.org/wikipedia/commons/thumb/4/44/Hillsborough_County_Florida_Incorporated_and_Unincorporated_areas_Lutz_Highlighted.svg/500px-Hillsborough_County_Florida_Incorporated_and_Unincorporated_areas_Lutz_Highlighted.svg.png
  [1652] 'Udon Kimchi Chicken Katsu' -> https://upload.wikimedia.org/wikipedia/commons/thumb/b/b7/Eat_and_be_happy_%2894638261%29.jpg/500px-Eat_and_be_happy_%2894638261%29.jpg
  [1656] 'Coreano estilo kimchi' -> https://upload.wikimedia.org/wikipedia/commons/thumb/8/8f/Korean_style_salad_geotjeoli_and_dongchimi_kimchi.jpg/500px-Korean_style_salad_geotjeoli_and_dongchimi_kimchi.jpg
  [commons.wikimedia.org] 429 intento 1, esperando 40s ...
  [1657] 'Salsa crudo kimchi Fermento de picante' -> https://upload.wikimedia.org/wikipedia/commons/thumb/0/0f/Alive_dissection_%28133372350%29.jpg/500px-Alive_dissection_%28133372350%29.jpg
  [1662] 'Fermento de KIMCHI repollo' -> https://upload.wikimedia.org/wikipedia/commons/thumb/9/9d/Korean_cuisine-Kimchi-08.jpg/500px-Korean_cuisine-Kimchi-08.jpg
  [commons.wikimedia.org] 429 intento 1, esperando 40s ...
  [1665] 'Chucrut (chucrut (chucrut)) kimchi, Ecológico' -> https://upload.wikimedia.org/wikipedia/commons/thumb/4/45/Garden_of_Eden_ArchesNP_MC.jpg/500px-Garden_of_Eden_ArchesNP_MC.jpg
  [1666] 'Vegetales lacto-fermentés non pasteurisés - kimchi' -> https://upload.wikimedia.org/wikipedia/commons/thumb/c/c2/Synthesis_of_hydrophilic_and_hydrophobic_carbon_quantum_dots_from_waste_of_wine_fermentation.pdf/page1-500px-Synthesis_of_hydrophilic_and_hydrophobic_carbon_quantum_dots_from_waste_of_wine_fermentation.pdf.jpg
  [1667] 'Vegetariánské kimchi' -> https://upload.wikimedia.org/wikipedia/commons/thumb/f/f2/Jacob_Kimchi_and_Shalom_Buzaglo_%28IA_jacobkimchishalo00dusc%29.pdf/page1-500px-Jacob_Kimchi_and_Shalom_Buzaglo_%28IA_jacobkimchishalo00dusc%29.pdf.jpg
  [commons.wikimedia.org] 429 intento 1, esperando 39s ...
  [1671] 'Fermentiertes Bio-Kimchi, nicht pasteurisiert' -> https://upload.wikimedia.org/wikipedia/commons/thumb/c/c6/Suur_Munam%C3%A4gi.jpg/500px-Suur_Munam%C3%A4gi.jpg
  [1673] 'Mr. kimchi picante Fermento de chino Leaves' -> https://upload.wikimedia.org/wikipedia/commons/6/67/Kimchi_talking.gif
  [commons.wikimedia.org] 429 intento 1, esperando 40s ...
  [1674] 'Yutaka coreano kimchi' -> https://upload.wikimedia.org/wikipedia/commons/3/34/Yutaka_Abe.jpg
  [1675] 'Repollo kimchi coreano' -> https://upload.wikimedia.org/wikipedia/commons/thumb/f/fc/%E8%BE%A3%E7%82%92%E9%9B%9E%E6%8E%92%2C_%E6%B5%B7%E8%8B%94%E6%8B%8C%E9%A3%AF%2C_%E7%99%BD%E9%86%AC%E7%BE%A9%E5%A4%A7%E5%88%A9%E9%BA%B5%2C_%E8%84%86%E8%96%AF%2C_%E9%BB%83%E9%87%91%E5%85%83%E5%AF%B6%2C_%E6%96%B0%E9%AE%AE%E6%B2%99%E6%8B%89%2C_50%E9%9B%9ESET%2C_I%E2%80%99m_kimchi%2C_%E5%8F%B0%E5%8C%97%2C_%E5%8F%B0%E7%81%A3%2C_Taipei%2C_Taiwan_%2830669891177%29.jpg/500px-%E8%BE%A3%E7%82%92%E9%9B%9E%E6%8E%92%2C_%E6%B5%B7%E8%8B%94%E6%8B%8C%E9%A3%AF%2C_%E7%99%BD%E9%86%AC%E7%BE%A9%E5%A4%A7%E5%88%A9%E9%BA%B5%2C_%E8%84%86%E8%96%AF%2C_%E9%BB%83%E9%87%91%E5%85%83%E5%AF%B6%2C_%E6%96%B0%E9%AE%AE%E6%B2%99%E6%8B%89%2C_50%E9%9B%9ESET%2C_I%E2%80%99m_kimchi%2C_%E5%8F%B0%E5%8C%97%2C_%E5%8F%B0%E7%81%A3%2C_Taipei%2C_Taiwan_%2830669891177%29.jpg
  [1676] 'Kimchi de repollo y rábano' -> https://upload.wikimedia.org/wikipedia/commons/thumb/0/00/Edinburgh_Mosque_kitchen_-_geograph.org.uk_-_1315877.jpg/500px-Edinburgh_Mosque_kitchen_-_geograph.org.uk_-_1315877.jpg
  [commons.wikimedia.org] 429 intento 1, esperando 39s ...
  [1681] 'Kimchi Gyoza' -> https://upload.wikimedia.org/wikipedia/commons/thumb/2/2f/Nirareba_itame%2C_rice%2C_soup_and_kimchi_of_Gyouza_no_Ohsho.jpg/500px-Nirareba_itame%2C_rice%2C_soup_and_kimchi_of_Gyouza_no_Ohsho.jpg
  [1682] 'Miso Cube Original' -> https://upload.wikimedia.org/wikipedia/commons/thumb/8/82/Escudo_de_Danival_Milagres_Coelho.svg/500px-Escudo_de_Danival_Milagres_Coelho.svg.png
  [1684] 'Miso blanc' -> https://upload.wikimedia.org/wikipedia/commons/thumb/8/82/Escudo_de_Danival_Milagres_Coelho.svg/500px-Escudo_de_Danival_Milagres_Coelho.svg.png
  [1685] 'blanco Miso' -> https://upload.wikimedia.org/wikipedia/commons/thumb/c/c4/Blanco_y_negro_%28IA_blancoynegro6096unse%29.pdf/page1-500px-Blanco_y_negro_%28IA_blancoynegro6096unse%29.pdf.jpg
  [1686] 'Pasta ecológico miso' -> https://upload.wikimedia.org/wikipedia/commons/3/34/Yutaka_Abe.jpg
  [commons.wikimedia.org] 429 intento 1, esperando 39s ...
  [1687] 'Miso Easy (traditional)' -> https://upload.wikimedia.org/wikipedia/commons/thumb/9/98/Itsu_Butterfly_In_Flight.jpg/500px-Itsu_Butterfly_In_Flight.jpg
  [1688] 'Pâta miso' -> https://upload.wikimedia.org/wikipedia/commons/thumb/3/37/Epiciers_%C3%A0_l%27entr%C3%A9e_de_leur_boutique%2C_devant_laquelle_sont_expos%C3%A9s_des_f%C3%BBts_de_bi%C3%A8re%2C_de_%22miso%22_%28p%C3%A2te_de_haricots_de_soja_ferment%C3%A9e%29%2C_de_sak%C3%A9_et_du_charbon_de_bois_-_A68627X.jpg/500px-thumbnail.jpg
  [1690] 'Simply japonés Shiro Miso pasta' -> https://upload.wikimedia.org/wikipedia/commons/thumb/a/a9/Saitaku_Udon_noodles%2C_Provenierswijk%2C_Rotterdam_%282023%29_01.jpg/500px-Saitaku_Udon_noodles%2C_Provenierswijk%2C_Rotterdam_%282023%29_01.jpg
  [commons.wikimedia.org] 429 intento 1, esperando 40s ...
  [1692] 'Arroz ecológico Miso' -> https://upload.wikimedia.org/wikipedia/commons/thumb/8/82/Escudo_de_Danival_Milagres_Coelho.svg/500px-Escudo_de_Danival_Milagres_Coelho.svg.png
  [1694] 'Savoury blanco Miso' -> https://upload.wikimedia.org/wikipedia/commons/thumb/7/77/Hikari_city_office.JPG/500px-Hikari_city_office.JPG
  [1695] 'Miso de arroz y soja' -> https://upload.wikimedia.org/wikipedia/commons/thumb/5/54/Lindau_-_Un_voyage_autour_du_Japon.djvu/page1-500px-Lindau_-_Un_voyage_autour_du_Japon.djvu.jpg
  [1696] 'Hikari Enjuku Wakame Miso' -> https://upload.wikimedia.org/wikipedia/commons/thumb/7/77/Hikari_city_office.JPG/500px-Hikari_city_office.JPG
  [commons.wikimedia.org] 429 intento 1, esperando 38s ...
  [1698] 'Pasta miso Tasty roja miso Rich soja' -> https://upload.wikimedia.org/wikipedia/commons/thumb/6/6a/Tasty_Berlin_1_%28129938695%29.jpeg/500px-Tasty_Berlin_1_%28129938695%29.jpeg
  [1699] 'Miso soep' -> https://upload.wikimedia.org/wikipedia/commons/thumb/9/98/Itsu_Butterfly_In_Flight.jpg/500px-Itsu_Butterfly_In_Flight.jpg
  [1700] 'Miso orge' -> https://upload.wikimedia.org/wikipedia/commons/thumb/8/82/Escudo_de_Danival_Milagres_Coelho.svg/500px-Escudo_de_Danival_Milagres_Coelho.svg.png
  [1701] 'Miso jeune' -> https://upload.wikimedia.org/wikipedia/commons/thumb/5/54/Lindau_-_Un_voyage_autour_du_Japon.djvu/page1-500px-Lindau_-_Un_voyage_autour_du_Japon.djvu.jpg
  [1703] 'Pasta ecológico roja miso rich soja' -> https://upload.wikimedia.org/wikipedia/commons/thumb/6/6a/Tasty_Berlin_1_%28129938695%29.jpeg/500px-Tasty_Berlin_1_%28129938695%29.jpeg
  [1704] 'Bio Miso Orge' -> https://upload.wikimedia.org/wikipedia/commons/thumb/8/82/Escudo_de_Danival_Milagres_Coelho.svg/500px-Escudo_de_Danival_Milagres_Coelho.svg.png
  [commons.wikimedia.org] 429 intento 1, esperando 39s ...
  [1705] 'Miso pasta (Variedad 1705)' -> https://upload.wikimedia.org/wikipedia/commons/1/12/Wendell_BIO_PHOTO_in_NWU.jpg
  [1706] 'Miso de arroz' -> https://upload.wikimedia.org/wikipedia/commons/thumb/5/54/Lindau_-_Un_voyage_autour_du_Japon.djvu/page1-500px-Lindau_-_Un_voyage_autour_du_Japon.djvu.jpg
  [1707] 'Miso Rouge Orgánico' -> https://upload.wikimedia.org/wikipedia/commons/thumb/7/77/Hikari_city_office.JPG/500px-Hikari_city_office.JPG
  [1708] 'Pasta Miso picante con chile' -> https://upload.wikimedia.org/wikipedia/commons/thumb/9/98/Itsu_Butterfly_In_Flight.jpg/500px-Itsu_Butterfly_In_Flight.jpg
  [1709] 'rojo Miso pasta' -> https://upload.wikimedia.org/wikipedia/commons/thumb/6/6a/Tasty_Berlin_1_%28129938695%29.jpeg/500px-Tasty_Berlin_1_%28129938695%29.jpeg
  [1710] 'arroz Miso' -> https://upload.wikimedia.org/wikipedia/commons/thumb/d/d6/Lima_public_square.jpg/500px-Lima_public_square.jpg
  [1711] 'dulce blanco miso' -> https://upload.wikimedia.org/wikipedia/commons/thumb/c/c4/Blanco_y_negro_%28IA_blancoynegro6096unse%29.pdf/page1-500px-Blanco_y_negro_%28IA_blancoynegro6096unse%29.pdf.jpg
  [1712] 'Miso aux algues' -> https://upload.wikimedia.org/wikipedia/commons/thumb/5/54/Lindau_-_Un_voyage_autour_du_Japon.djvu/page1-500px-Lindau_-_Un_voyage_autour_du_Japon.djvu.jpg
  [commons.wikimedia.org] 429 intento 1, esperando 37s ...
  [1714] 'Miso Shiro gefermenteerde rijst-soja pasta' -> https://upload.wikimedia.org/wikipedia/commons/thumb/d/d6/Lima_public_square.jpg/500px-Lima_public_square.jpg
  [1715] 'Miso Unpasteurized marrón arroz' -> https://upload.wikimedia.org/wikipedia/commons/thumb/d/d6/Lima_public_square.jpg/500px-Lima_public_square.jpg
  [1717] 'Miso pasta' -> https://upload.wikimedia.org/wikipedia/commons/thumb/3/3e/Miso_001.jpg/500px-Miso_001.jpg
  [1718] 'blanco Miso pasta' -> https://upload.wikimedia.org/wikipedia/commons/thumb/2/2c/El_caballo_blanco_-_juguete_c%C3%B3mico_en_dos_actos_y_en_prosa_%28IA_elcaballoblancoj452pina%29.pdf/page1-500px-El_caballo_blanco_-_juguete_c%C3%B3mico_en_dos_actos_y_en_prosa_%28IA_elcaballoblancoj452pina%29.pdf.jpg
  [1719] 'Hatcho miso' -> https://upload.wikimedia.org/wikipedia/commons/thumb/b/b2/Maruya-hatcho-miso-1.jpg/500px-Maruya-hatcho-miso-1.jpg
  [commons.wikimedia.org] 429 intento 1, esperando 40s ...
  [1723] 'Miso blanc crémeux' -> https://upload.wikimedia.org/wikipedia/commons/thumb/d/da/Presse_gamme_aromandise_filtre_visuel_blog722x407%281%29.jpg/500px-Presse_gamme_aromandise_filtre_visuel_blog722x407%281%29.jpg
  [1724] 'Miso Brühe bei Edeka' -> https://upload.wikimedia.org/wikipedia/commons/thumb/1/1f/Grande_Arche%2C_France_-_April_2011.jpg/500px-Grande_Arche%2C_France_-_April_2011.jpg
  [1725] 'Miso Riz Complet (non Pasteurise) (300 GR)' -> https://upload.wikimedia.org/wikipedia/commons/thumb/3/3e/Clearspring_Middle_School.jpg/500px-Clearspring_Middle_School.jpg
  [1726] 'SQ Miso-original' -> https://upload.wikimedia.org/wikipedia/commons/thumb/e/ec/Abismos_-_drama_de_costumbres_en_tres_actos_y_cuatro_cuadros%2C_original_y_en_prosa_%28IA_abismosdramadeco00garr_0%29.pdf/page1-500px-Abismos_-_drama_de_costumbres_en_tres_actos_y_cuatro_cuadros%2C_original_y_en_prosa_%28IA_abismosdramadeco00garr_0%29.pdf.jpg
  [1727] 'Dashi Miso' -> https://upload.wikimedia.org/wikipedia/commons/thumb/7/78/Miso_Soup_1.JPG/500px-Miso_Soup_1.JPG
  [1728] 'Miso en frasco Clearspring ecológico cebada' -> https://upload.wikimedia.org/wikipedia/commons/thumb/3/3e/Clearspring_Middle_School.jpg/500px-Clearspring_Middle_School.jpg
  [1729] 'Miso Jaune non pasteurisé' -> https://upload.wikimedia.org/wikipedia/commons/thumb/d/da/Presse_gamme_aromandise_filtre_visuel_blog722x407%281%29.jpg/500px-Presse_gamme_aromandise_filtre_visuel_blog722x407%281%29.jpg
  [commons.wikimedia.org] 429 intento 1, esperando 38s ...
  [1730] 'Miso marrón arroz' -> https://upload.wikimedia.org/wikipedia/commons/thumb/3/3e/Clearspring_Middle_School.jpg/500px-Clearspring_Middle_School.jpg
  [1731] 'Misopaste dunkel' -> https://upload.wikimedia.org/wikipedia/commons/thumb/a/aa/Asian_specialties_from_Vitasia_in_Lidl_Winschoten_%282018%29.jpg/500px-Asian_specialties_from_Vitasia_in_Lidl_Winschoten_%282018%29.jpg
  [1732] 'Honzukuri Shinshu Shiro Miso' -> https://upload.wikimedia.org/wikipedia/commons/d/d6/Maruman_%28stationery%29.jpg
  [1733] 'Miso de arroz Complet en Sachet (300 GR)' -> https://upload.wikimedia.org/wikipedia/commons/thumb/3/3e/Clearspring_Middle_School.jpg/500px-Clearspring_Middle_School.jpg
  [commons.wikimedia.org] 429 intento 1, esperando 40s ...
  [1736] 'Shiro Miso' -> https://upload.wikimedia.org/wikipedia/commons/a/a2/Miko_Imre_sirja.jpg
  [1738] 'Bílá miso pasta' -> https://upload.wikimedia.org/wikipedia/commons/thumb/a/aa/Asian_specialties_from_Vitasia_in_Lidl_Winschoten_%282018%29.jpg/500px-Asian_specialties_from_Vitasia_in_Lidl_Winschoten_%282018%29.jpg
  [1739] 'Miso De soja Non Pasteurise (300 GR)' -> https://upload.wikimedia.org/wikipedia/commons/thumb/3/3e/Clearspring_Middle_School.jpg/500px-Clearspring_Middle_School.jpg
  [1740] 'Miso ecológico japonés marrón arroz' -> https://upload.wikimedia.org/wikipedia/commons/thumb/3/3e/Clearspring_Middle_School.jpg/500px-Clearspring_Middle_School.jpg
  [1741] 'Aka Miso' -> https://upload.wikimedia.org/wikipedia/commons/thumb/e/ed/Miso_paste_by_wilbanks_in_Nishiki_Ichiba%2C_Kyoto.jpg/500px-Miso_paste_by_wilbanks_in_Nishiki_Ichiba%2C_Kyoto.jpg
  [commons.wikimedia.org] 429 intento 1, esperando 40s ...
  [1743] 'MUGI MISO pasta' -> https://upload.wikimedia.org/wikipedia/commons/thumb/1/1f/Grande_Arche%2C_France_-_April_2011.jpg/500px-Grande_Arche%2C_France_-_April_2011.jpg
  [1744] 'Pasta miso soja' -> https://upload.wikimedia.org/wikipedia/commons/thumb/3/3e/Miso_001.jpg/500px-Miso_001.jpg
  [1745] 'Miso ecológico Genmai' -> https://upload.wikimedia.org/wikipedia/commons/thumb/b/b2/Yukiya_Amano_in_May_2012.png/500px-Yukiya_Amano_in_May_2012.png
  [commons.wikimedia.org] 429 intento 1, esperando 39s ...
  [1747] 'Pasta blanca Shiro miso soja' -> https://upload.wikimedia.org/wikipedia/commons/thumb/6/6b/Twin_Dragon_Chinese_Restaurant_-_Eugene%2C_Oregon.jpg/500px-Twin_Dragon_Chinese_Restaurant_-_Eugene%2C_Oregon.jpg
  [1748] 'Miso Reduced Sodium ecológico' -> https://upload.wikimedia.org/wikipedia/commons/thumb/7/79/Marukome_headquarters_and_plants.jpg/500px-Marukome_headquarters_and_plants.jpg
  [1750] 'Pasta miso' -> https://upload.wikimedia.org/wikipedia/commons/thumb/3/3e/Miso_001.jpg/500px-Miso_001.jpg
  [1752] 'Ryotei no aji Miso pasta' -> https://upload.wikimedia.org/wikipedia/commons/thumb/7/79/Marukome_headquarters_and_plants.jpg/500px-Marukome_headquarters_and_plants.jpg
  [commons.wikimedia.org] 429 intento 1, esperando 40s ...
  [1754] 'Pasta miso jasna' -> https://upload.wikimedia.org/wikipedia/commons/thumb/e/e5/Asia_House_-_geograph.org.uk_-_2890432.jpg/500px-Asia_House_-_geograph.org.uk_-_2890432.jpg
  [1758] 'Pasta marrón arroz miso sopa' -> https://upload.wikimedia.org/wikipedia/commons/thumb/3/3e/Clearspring_Middle_School.jpg/500px-Clearspring_Middle_School.jpg
  [1759] 'japonés Miso' -> https://upload.wikimedia.org/wikipedia/commons/thumb/e/e8/Miso_Soup_001.jpg/500px-Miso_Soup_001.jpg
  [commons.wikimedia.org] 429 intento 1, esperando 39s ...
  [1760] 'Terrasana Miso Genmai Eko' -> https://upload.wikimedia.org/wikipedia/commons/thumb/0/05/An_parciori_victu_mens_sana_in_corpore_sano_%3F_%28IA_BIUSante_ms02322_ms02337ax04x0076%29.pdf/page1-500px-An_parciori_victu_mens_sana_in_corpore_sano_%3F_%28IA_BIUSante_ms02322_ms02337ax04x0076%29.pdf.jpg
  [1761] 'Pasta ecológico blanca miso - suave soja' -> https://upload.wikimedia.org/wikipedia/commons/thumb/6/6a/Tasty_Berlin_1_%28129938695%29.jpeg/500px-Tasty_Berlin_1_%28129938695%29.jpeg
  [1762] 'Shiro Miso pasta hell' -> https://upload.wikimedia.org/wikipedia/commons/thumb/6/64/Osaka_City_Shinjyo_elementary_school.JPG/500px-Osaka_City_Shinjyo_elementary_school.JPG
  [1764] 'Pasta para sopa miso con jengibre y cúrcuma' -> https://upload.wikimedia.org/wikipedia/commons/thumb/3/3e/Clearspring_Middle_School.jpg/500px-Clearspring_Middle_School.jpg
  [1765] 'Pâte Miso Dashiiri Ryotei No Aji' -> https://upload.wikimedia.org/wikipedia/commons/thumb/7/79/Marukome_headquarters_and_plants.jpg/500px-Marukome_headquarters_and_plants.jpg
  [commons.wikimedia.org] 429 intento 1, esperando 40s ...
  [1768] 'Miso cebada' -> https://upload.wikimedia.org/wikipedia/commons/thumb/d/d6/Lima_public_square.jpg/500px-Lima_public_square.jpg
  [1769] 'Miso sesame ramen' -> https://upload.wikimedia.org/wikipedia/commons/thumb/3/33/Sesame_and_miso_hot_pot_with_pork%2C_and_ramen_made_with_the_soup_%E8%83%A1%E9%BA%BB%E5%91%B3%E5%99%8C%E8%B1%9A%E8%82%89%E9%87%8E%E8%8F%9C%E9%8D%8B%E3%81%A8%E3%80%86%E3%81%AE%E3%83%A9%E3%83%BC%E3%83%A1%E3%83%B3.jpg/500px-Sesame_and_miso_hot_pot_with_pork%2C_and_ramen_made_with_the_soup_%E8%83%A1%E9%BA%BB%E5%91%B3%E5%99%8C%E8%B1%9A%E8%82%89%E9%87%8E%E8%8F%9C%E9%8D%8B%E3%81%A8%E3%80%86%E3%81%AE%E3%83%A9%E3%83%BC%E3%83%A1%E3%83%B3.jpg
  [1770] 'Koji Miso pasta' -> https://upload.wikimedia.org/wikipedia/commons/thumb/1/11/Umami_Burger_hamburger.jpg/500px-Umami_Burger_hamburger.jpg
  [1772] 'Pate de soja (Soybean pasta)' -> https://upload.wikimedia.org/wikipedia/commons/2/2a/Kim_Hee-Seon%28Sun%29_at_the_premiere_of_The_Myth%2C_Toronto_Film_Festival_2005.jpg
  [1774] 'Miso tradicional rojo' -> https://upload.wikimedia.org/wikipedia/commons/thumb/0/0d/Toast-master%27s_companion_%281%29.pdf/page1-500px-Toast-master%27s_companion_%281%29.pdf.jpg
  [commons.wikimedia.org] 429 intento 1, esperando 39s ...
  [1775] "Miso d'orzo" -> https://upload.wikimedia.org/wikipedia/commons/thumb/1/1f/Grande_Arche%2C_France_-_April_2011.jpg/500px-Grande_Arche%2C_France_-_April_2011.jpg
  [1776] 'Miso shiro bílá rýže' -> https://upload.wikimedia.org/wikipedia/commons/6/67/Muso_soseki.jpg
  [commons.wikimedia.org] 429 intento 1, esperando 40s ...
  [1784] 'Erdnuss Miso' -> https://upload.wikimedia.org/wikipedia/commons/thumb/6/60/Wiener_Miso_-_Bio_Umami_Paste-front_PNr%C2%B01253.jpg/500px-Wiener_Miso_-_Bio_Umami_Paste-front_PNr%C2%B01253.jpg
  [1785] 'Pasta para sopa miso' -> https://upload.wikimedia.org/wikipedia/commons/thumb/3/3d/Satoru_Iwata_-_Game_Developers_Conference_2011_-_Day_2_%281%29.jpg/500px-Satoru_Iwata_-_Game_Developers_Conference_2011_-_Day_2_%281%29.jpg
  [1786] 'Aware miso' -> https://upload.wikimedia.org/wikipedia/commons/thumb/e/ed/Miso_paste_by_wilbanks_in_Nishiki_Ichiba%2C_Kyoto.jpg/500px-Miso_paste_by_wilbanks_in_Nishiki_Ichiba%2C_Kyoto.jpg
  [commons.wikimedia.org] 429 intento 1, esperando 39s ...
  [1789] 'Tempeh ecológico' -> https://upload.wikimedia.org/wikipedia/commons/thumb/2/27/Beauty_%26_nature_of_Sri_Lanka.jpg/500px-Beauty_%26_nature_of_Sri_Lanka.jpg
  [1793] 'Smoky Tempeh' -> https://upload.wikimedia.org/wikipedia/commons/thumb/3/31/Smoky_Grilled_Tempeh_%28140491151%29.jpeg/500px-Smoky_Grilled_Tempeh_%28140491151%29.jpeg
  [commons.wikimedia.org] 429 intento 1, esperando 38s ...
  [1796] 'Tofu' -> https://upload.wikimedia.org/wikipedia/commons/thumb/0/03/Japanese_SilkyTofu_%28Kinugoshi_Tofu%29.JPG/500px-Japanese_SilkyTofu_%28Kinugoshi_Tofu%29.JPG
  [1800] 'Tiba Tempeh Mince' -> https://upload.wikimedia.org/wikipedia/commons/thumb/7/79/Tiba_Plakat.jpg/500px-Tiba_Plakat.jpg
  [commons.wikimedia.org] 429 intento 1, esperando 40s ...
  [1807] 'Tempeh un fette' -> https://upload.wikimedia.org/wikipedia/commons/thumb/d/d4/Liveg.jpg/500px-Liveg.jpg
  [commons.wikimedia.org] 429 intento 1, esperando 40s ...
  [1815] 'Tempeh mediterranean trozos' -> https://upload.wikimedia.org/wikipedia/commons/thumb/2/27/Beauty_%26_nature_of_Sri_Lanka.jpg/500px-Beauty_%26_nature_of_Sri_Lanka.jpg
  [commons.wikimedia.org] 429 intento 1, esperando 39s ...
  [1816] 'Tempeh ecológico 3 Grain' -> https://upload.wikimedia.org/wikipedia/commons/thumb/9/92/Trader_Joe%27s_in_Chattanooga%2C_Tennessee.jpg/500px-Trader_Joe%27s_in_Chattanooga%2C_Tennessee.jpg
  [1818] 'Voorgegaarde Tempéblokjes en 25% Ketjapmarinade' -> https://upload.wikimedia.org/wikipedia/commons/thumb/3/3e/Albert_Heijn_Headquarters_by_Niels_Kim.jpg/500px-Albert_Heijn_Headquarters_by_Niels_Kim.jpg
  [1823] "Tempeh con l'orientale" -> https://upload.wikimedia.org/wikipedia/commons/thumb/a/a7/Toshiba_la_vie_claire_%2788.jpg/500px-Toshiba_la_vie_claire_%2788.jpg
  [commons.wikimedia.org] 429 intento 1, esperando 40s ...
  [1825] 'Tempeh geräuchert' -> https://upload.wikimedia.org/wikipedia/commons/thumb/2/27/Beauty_%26_nature_of_Sri_Lanka.jpg/500px-Beauty_%26_nature_of_Sri_Lanka.jpg
  [1828] 'Yakso Tempeh' -> https://upload.wikimedia.org/wikipedia/commons/f/f7/Yakso_Falls%2C_Oregon.jpg
  [commons.wikimedia.org] 429 intento 1, esperando 39s ...
  [1834] 'Smoky BBQ Burgers' -> https://upload.wikimedia.org/wikipedia/commons/thumb/2/2d/%E3%83%90%E3%83%BC%E3%82%AC%E3%83%BC%E3%82%AD%E3%83%B3%E3%82%B0_%E3%82%B9%E3%83%A2%E3%83%BC%E3%82%AD%E3%83%BCBBQ%E3%83%AF%E3%83%83%E3%83%91%E3%83%BC%E3%82%BB%E3%83%83%E3%83%88_-_2.jpg/500px-%E3%83%90%E3%83%BC%E3%82%AC%E3%83%BC%E3%82%AD%E3%83%B3%E3%82%B0_%E3%82%B9%E3%83%A2%E3%83%BC%E3%82%AD%E3%83%BCBBQ%E3%83%AF%E3%83%83%E3%83%91%E3%83%BC%E3%82%BB%E3%83%83%E3%83%88_-_2.jpg
  [1836] 'Tempeh gegrillt' -> https://upload.wikimedia.org/wikipedia/commons/thumb/d/df/Pir_Gazi_and_his_tiger_in_Sundarbans.jpg/500px-Pir_Gazi_and_his_tiger_in_Sundarbans.jpg
  [commons.wikimedia.org] 429 intento 1, esperando 40s ...
  [1840] 'Vivera Tofu ahumado' -> https://upload.wikimedia.org/wikipedia/commons/thumb/f/f2/Raheja_Vivera_Mumbai.jpg/500px-Raheja_Vivera_Mumbai.jpg
  [1841] 'Teriyaki Tempeh' -> https://upload.wikimedia.org/wikipedia/commons/thumb/e/e8/Yuanta_Yipin_Garden-01.2024-04-01.jpg/500px-Yuanta_Yipin_Garden-01.2024-04-01.jpg
  [commons.wikimedia.org] 429 intento 1, esperando 40s ...
  [1849] 'Tempeh indio' -> https://upload.wikimedia.org/wikipedia/commons/thumb/a/a1/Prasasti_Bumi_Alit_Kabuyutan_Batukarut%2C_Kab._Bandung.jpg/500px-Prasasti_Bumi_Alit_Kabuyutan_Batukarut%2C_Kab._Bandung.jpg
  [commons.wikimedia.org] 429 intento 1, esperando 39s ...
  [1854] 'Tempeh curry' -> https://upload.wikimedia.org/wikipedia/commons/thumb/6/65/Chilli_Tempeh%2C_Curry_Chicken%2C_Silverbeet_in_Coconut_Milk_-_Nelayan_AUD8.50_%282867854970%29.jpg/500px-Chilli_Tempeh%2C_Curry_Chicken%2C_Silverbeet_in_Coconut_Milk_-_Nelayan_AUD8.50_%282867854970%29.jpg
  [1859] 'Tempeh de soja orgánico original' -> https://upload.wikimedia.org/wikipedia/commons/thumb/b/b0/The_Bean_creek_valley_%28IA_beancreekvalley00hoga%29.pdf/page1-500px-The_Bean_creek_valley_%28IA_beancreekvalley00hoga%29.pdf.jpg
  [commons.wikimedia.org] 429 intento 1, esperando 39s ...
  [1860] 'Tempe ecológico' -> https://upload.wikimedia.org/wikipedia/commons/thumb/6/69/Bureau_Veritas_Hamburg_02.jpg/500px-Bureau_Veritas_Hamburg_02.jpg
  [1861] 'Tempeh van lupine bonen' -> https://upload.wikimedia.org/wikipedia/commons/thumb/a/a1/Prasasti_Bumi_Alit_Kabuyutan_Batukarut%2C_Kab._Bandung.jpg/500px-Prasasti_Bumi_Alit_Kabuyutan_Batukarut%2C_Kab._Bandung.jpg
  [1865] 'Seitan naturel' -> https://upload.wikimedia.org/wikipedia/commons/thumb/a/a1/Taarten_die_smaken_naar_meer%21_-_Smaakt_naar_meer.webm/500px--Taarten_die_smaken_naar_meer%21_-_Smaakt_naar_meer.webm.jpg
  [1868] 'Tempeh Marinado' -> https://upload.wikimedia.org/wikipedia/commons/thumb/e/e0/I_Love_Hacendado_%28469984295%29.jpg/500px-I_Love_Hacendado_%28469984295%29.jpg
  [commons.wikimedia.org] 429 intento 1, esperando 39s ...
  [commons.wikimedia.org] 429 intento 1, esperando 36s ...
  [1876] 'Tempeh natural' -> https://upload.wikimedia.org/wikipedia/commons/thumb/d/d6/Natural_Caf%C3%A9%2C_Santa_Maria%2C_California_%2828895346786%29.jpg/500px-Natural_Caf%C3%A9%2C_Santa_Maria%2C_California_%2828895346786%29.jpg
  [1877] 'Tempeh ahumado con madera de aliso' -> https://upload.wikimedia.org/wikipedia/commons/thumb/e/e8/Yuanta_Yipin_Garden-01.2024-04-01.jpg/500px-Yuanta_Yipin_Garden-01.2024-04-01.jpg
  [1880] 'Tempeh fresco ahumado' -> https://upload.wikimedia.org/wikipedia/commons/thumb/d/d6/Lima_public_square.jpg/500px-Lima_public_square.jpg
  [1881] 'Tempeh de garbanzo fermentado' -> https://upload.wikimedia.org/wikipedia/commons/thumb/e/e6/Gazette_de_sant%C3%A9_%28IA_BIUSante_90133x1780%29.pdf/page1-250px-Gazette_de_sant%C3%A9_%28IA_BIUSante_90133x1780%29.pdf.jpg
  [1883] 'Tempeh vegetale' -> https://upload.wikimedia.org/wikipedia/commons/thumb/e/ef/Vico_-_La_scienza_nuova%2C_1%2C_1911.djvu/page1-500px-Vico_-_La_scienza_nuova%2C_1%2C_1911.djvu.jpg
  [commons.wikimedia.org] 429 intento 1, esperando 37s ...
  [1884] 'Veganer Bio-Tempeh Teriyaki-Art' -> https://upload.wikimedia.org/wikipedia/commons/thumb/9/96/WTSB_Obersch%C3%BCtzen_Spar_Tatzmannsdorferstra%C3%9Fe_51.jpg/500px-WTSB_Obersch%C3%BCtzen_Spar_Tatzmannsdorferstra%C3%9Fe_51.jpg
  [1885] 'Tempeh plancha' -> https://upload.wikimedia.org/wikipedia/commons/thumb/6/6f/Tempeh_a_la_plancha_con_pimientos_y_calabac%C3%ADn_%286411652053%29.jpg/500px-Tempeh_a_la_plancha_con_pimientos_y_calabac%C3%ADn_%286411652053%29.jpg
  [1890] 'Tempe de soja' -> https://upload.wikimedia.org/wikipedia/commons/thumb/9/9e/Tempeh_tempe.jpg/500px-Tempeh_tempe.jpg
  [commons.wikimedia.org] 429 intento 1, esperando 40s ...
  [1891] 'Tempeh ahumado orgánico (Variedad 1891)' -> https://upload.wikimedia.org/wikipedia/commons/thumb/c/c2/Scout_promise_parade_near_Kouty%2C_T%C5%99eb%C3%AD%C4%8D_District.jpg/500px-Scout_promise_parade_near_Kouty%2C_T%C5%99eb%C3%AD%C4%8D_District.jpg
  [1893] 'TEMPEH ORIGINAL' -> https://upload.wikimedia.org/wikipedia/commons/thumb/6/6b/Tempeh_uncooked.jpg/500px-Tempeh_uncooked.jpg
  [1894] 'Kotsubu Natto' -> https://upload.wikimedia.org/wikipedia/commons/thumb/6/64/Japan_Monkey_Centre_-_Entrance.jpg/500px-Japan_Monkey_Centre_-_Entrance.jpg
  [1895] 'Natti' -> https://upload.wikimedia.org/wikipedia/commons/thumb/a/a1/Natti_Natasha_2017_2.png/500px-Natti_Natasha_2017_2.png
  [1898] 'Dragon Kombucha' -> https://upload.wikimedia.org/wikipedia/commons/thumb/6/62/Klimt_Ciao_Adele.jpg/500px-Klimt_Ciao_Adele.jpg
  [commons.wikimedia.org] 429 intento 1, esperando 40s ...
  [1901] 'Kombucha Gingembre Bio' -> https://upload.wikimedia.org/wikipedia/commons/thumb/7/7d/Ucha_river_01.jpg/500px-Ucha_river_01.jpg
  [1905] 'Kombucha mangue passion' -> https://upload.wikimedia.org/wikipedia/commons/thumb/7/7d/Ucha_river_01.jpg/500px-Ucha_river_01.jpg
  [commons.wikimedia.org] 429 intento 1, esperando 39s ...
  [1908] 'Kombucha original orgánico de té verde' -> https://upload.wikimedia.org/wikipedia/commons/7/7e/PiRNA_pathway_mutants_show_germline_defects_in_Drosophila..jpg
  [1910] 'Kombucha Energy Gingembre' -> https://upload.wikimedia.org/wikipedia/commons/thumb/7/7d/Ucha_river_01.jpg/500px-Ucha_river_01.jpg
  [1913] 'Kombucha original' -> https://upload.wikimedia.org/wikipedia/commons/thumb/4/4a/Kombucha_mushroom.jpg/500px-Kombucha_mushroom.jpg
  [commons.wikimedia.org] 429 intento 1, esperando 40s ...
  [1914] 'Ecológico frambuesa limonada kombucha' -> https://upload.wikimedia.org/wikipedia/commons/thumb/b/bd/The_legal_remedy_for_plutocracy_%28IA_legalremedyforpl01farr%29.pdf/page1-500px-The_legal_remedy_for_plutocracy_%28IA_legalremedyforpl01farr%29.pdf.jpg
  [1915] 'Kombucha limón vert & gingembre' -> https://upload.wikimedia.org/wikipedia/commons/thumb/d/d1/Piotr_Voelkel.jpg/500px-Piotr_Voelkel.jpg
  [1917] 'Jengibre y limón' -> https://upload.wikimedia.org/wikipedia/commons/thumb/8/8b/Six_miles_from_a_lemon%3B_a_farce_in_three_acts_%28IA_sixmilesfromlemo00drum%29.pdf/page1-500px-Six_miles_from_a_lemon%3B_a_farce_in_three_acts_%28IA_sixmilesfromlemo00drum%29.pdf.jpg
  [commons.wikimedia.org] 429 intento 1, esperando 39s ...
  [1918] 'Manzana y Elderflower ecológico kombucha' -> https://upload.wikimedia.org/wikipedia/commons/thumb/d/d2/Pop_Conference_2010_-_Hip_Hop_Layerings_panel_01.jpg/500px-Pop_Conference_2010_-_Hip_Hop_Layerings_panel_01.jpg
  [1919] 'Kombucha - Boisson gazeuse con tisane' -> https://upload.wikimedia.org/wikipedia/commons/thumb/e/e5/Carpe_diem_blue.png/500px-Carpe_diem_blue.png
  [1921] 'Kombucha frambuesa limonada' -> https://upload.wikimedia.org/wikipedia/commons/thumb/b/bd/The_legal_remedy_for_plutocracy_%28IA_legalremedyforpl01farr%29.pdf/page1-500px-The_legal_remedy_for_plutocracy_%28IA_legalremedyforpl01farr%29.pdf.jpg
  [1923] 'TRILOGY' -> https://upload.wikimedia.org/wikipedia/commons/thumb/b/b9/Trilogy_Business_Park_-_geograph.org.uk_-_1292595.jpg/500px-Trilogy_Business_Park_-_geograph.org.uk_-_1292595.jpg
  [commons.wikimedia.org] 429 intento 1, esperando 40s ...
  [1925] 'Sicilian citrus kombucha' -> https://upload.wikimedia.org/wikipedia/commons/thumb/8/8d/Fix8_usage.png/500px-Fix8_usage.png
  [1927] 'Kombutcha ananas' -> https://upload.wikimedia.org/wikipedia/commons/thumb/7/7d/Ucha_river_01.jpg/500px-Ucha_river_01.jpg
  [1928] 'Original' -> https://upload.wikimedia.org/wikipedia/commons/thumb/a/a7/Chamomile%40original_size.jpg/500px-Chamomile%40original_size.jpg
  [1930] 'Espumoso kombucha' -> https://upload.wikimedia.org/wikipedia/commons/thumb/8/81/Acadian_geology-_the_geological_structure%2C_organic_remains%2C_and_mineral_resources_of_Nova_Scotia%2C_New_Brunswick%2C_and_Prince_Edward_island._By_J._W._Dawson%2C_M.A.%2C_LL.D._%28IA_biostor-91549%29.pdf/page1-500px-thumbnail.pdf.jpg
  [commons.wikimedia.org] 429 intento 1, esperando 37s ...
  [1931] 'Jengibre cúrcuma LIVE espumoso gaseosa' -> https://upload.wikimedia.org/wikipedia/commons/thumb/8/8d/Fix8_usage.png/500px-Fix8_usage.png
  [1932] 'Kombucha grenade' -> https://upload.wikimedia.org/wikipedia/commons/thumb/7/7d/Ucha_river_01.jpg/500px-Ucha_river_01.jpg
  [1934] 'Kombucha mangue' -> https://upload.wikimedia.org/wikipedia/commons/thumb/3/3c/Devika_Rani_et_Himansu_Rai_dans_Karma_%281933%29.jpg/500px-Devika_Rani_et_Himansu_Rai_dans_Karma_%281933%29.jpg
  [1936] 'Kombucha Gingembre limón' -> https://upload.wikimedia.org/wikipedia/commons/5/58/Kiva_Simulation.jpg
  [commons.wikimedia.org] 429 intento 1, esperando 39s ...
  [1938] 'Sweetened Condensed leche' -> https://upload.wikimedia.org/wikipedia/commons/thumb/3/36/Tin_of_condensed_milk.jpg/500px-Tin_of_condensed_milk.jpg
  [1939] 'Jengibre kombucha' -> https://upload.wikimedia.org/wikipedia/commons/thumb/2/24/Night_of_the_Living_Dead_%281968%29.webm/500px--Night_of_the_Living_Dead_%281968%29.webm.jpg
  [1940] 'Kombucha Hibiscus Arándano' -> https://upload.wikimedia.org/wikipedia/commons/2/20/Aure_Atika_Cannes.jpg
  [commons.wikimedia.org] 429 intento 1, esperando 40s ...
  [1943] 'Kombucha - limón, gingembre' -> https://upload.wikimedia.org/wikipedia/commons/thumb/d/de/Higashi-kourokan-ato_%28Heian-kyo%29.JPG/500px-Higashi-kourokan-ato_%28Heian-kyo%29.JPG
  [1944] 'Clear Mind' -> https://upload.wikimedia.org/wikipedia/commons/thumb/8/85/A_walk_through_the_forest_nothing_nicer_to_clear_the_mind_for_sure._%2825185957694%29.jpg/500px-A_walk_through_the_forest_nothing_nicer_to_clear_the_mind_for_sure._%2825185957694%29.jpg
  [1945] 'Mango Passionfruit Probiotic kombucha' -> https://upload.wikimedia.org/wikipedia/commons/thumb/4/4e/Heliothrix_pha%C3%AFnol%C3%A6ma_%2B_Till._bulbosa_-_Gould_-Humm.jpg/500px-Heliothrix_pha%C3%AFnol%C3%A6ma_%2B_Till._bulbosa_-_Gould_-Humm.jpg
  [1946] 'Ecológico kombucha frambuesa limonada' -> https://upload.wikimedia.org/wikipedia/commons/thumb/b/bd/The_legal_remedy_for_plutocracy_%28IA_legalremedyforpl01farr%29.pdf/page1-500px-The_legal_remedy_for_plutocracy_%28IA_legalremedyforpl01farr%29.pdf.jpg
  [1947] 'Gingerade ecológico y crudo kombucha' -> https://upload.wikimedia.org/wikipedia/commons/thumb/a/a3/Satellite_image_of_Guatemala_in_April_2002.jpg/500px-Satellite_image_of_Guatemala_in_April_2002.jpg
  [1948] 'Cereza y mora CBD kombucha' -> https://upload.wikimedia.org/wikipedia/commons/thumb/d/d2/Pop_Conference_2010_-_Hip_Hop_Layerings_panel_01.jpg/500px-Pop_Conference_2010_-_Hip_Hop_Layerings_panel_01.jpg
  [commons.wikimedia.org] 429 intento 1, esperando 39s ...
  [commons.wikimedia.org] ConnectError intento 2, esperando 10s ...
  [commons.wikimedia.org] ConnectError intento 1, esperando 5s ...
  [1949] 'Frambuesa limonada kombucha' -> https://upload.wikimedia.org/wikipedia/commons/thumb/b/bd/The_legal_remedy_for_plutocracy_%28IA_legalremedyforpl01farr%29.pdf/page1-500px-The_legal_remedy_for_plutocracy_%28IA_legalremedyforpl01farr%29.pdf.jpg
  [1950] 'Sunset ananas' -> https://upload.wikimedia.org/wikipedia/commons/thumb/4/44/Starr-130201-1661-Ananas_comosus-plantings_at_sunset_with_Eucalyptus_and_pastures_beyond-Hawea_Pl_Olinda-Maui_%2824909679440%29.jpg/500px-Starr-130201-1661-Ananas_comosus-plantings_at_sunset_with_Eucalyptus_and_pastures_beyond-Hawea_Pl_Olinda-Maui_%2824909679440%29.jpg
  [1951] 'Limón Berry crudo kombucha' -> https://upload.wikimedia.org/wikipedia/commons/thumb/4/48/Muscle-synergy-space-learning-model-to-create-an-optimal-muscle-synergy-Movie1.ogv/330px--Muscle-synergy-space-learning-model-to-create-an-optimal-muscle-synergy-Movie1.ogv.jpg
  [1952] 'GUAVA GODDESS' -> https://upload.wikimedia.org/wikipedia/commons/thumb/4/48/Muscle-synergy-space-learning-model-to-create-an-optimal-muscle-synergy-Movie1.ogv/330px--Muscle-synergy-space-learning-model-to-create-an-optimal-muscle-synergy-Movie1.ogv.jpg
  [1953] 'Limón kombucha jengibre' -> https://upload.wikimedia.org/wikipedia/commons/thumb/b/bd/The_legal_remedy_for_plutocracy_%28IA_legalremedyforpl01farr%29.pdf/page1-500px-The_legal_remedy_for_plutocracy_%28IA_legalremedyforpl01farr%29.pdf.jpg
  [1954] 'CBD Kombucha' -> https://upload.wikimedia.org/wikipedia/commons/thumb/d/d2/Pop_Conference_2010_-_Hip_Hop_Layerings_panel_01.jpg/500px-Pop_Conference_2010_-_Hip_Hop_Layerings_panel_01.jpg
  [1955] 'Ucha Kombucha' -> https://upload.wikimedia.org/wikipedia/commons/thumb/7/7d/Ucha_river_01.jpg/500px-Ucha_river_01.jpg
  [1957] 'Limón espumoso kombucha jengibre' -> https://upload.wikimedia.org/wikipedia/commons/9/96/WORLD_To_WORLD_FESTIVAL_Nana_Vosconcelos-Birger_Sulsbruck-Zakir_Hussain-pAhmadu_Jarr-Atilla_Engin_Copenhagen.jpg
  [commons.wikimedia.org] 429 intento 1, esperando 36s ...
  [1958] 'Limón ecológico kombucha jengibre' -> https://upload.wikimedia.org/wikipedia/commons/thumb/b/bd/The_legal_remedy_for_plutocracy_%28IA_legalremedyforpl01farr%29.pdf/page1-500px-The_legal_remedy_for_plutocracy_%28IA_legalremedyforpl01farr%29.pdf.jpg
  [1959] 'Frambuesa kombucha' -> https://upload.wikimedia.org/wikipedia/commons/thumb/d/da/The_Phoenix_Vol3_No1.djvu/page1-500px-The_Phoenix_Vol3_No1.djvu.jpg
  [1960] 'Melocotón LIVE PROBIOTIC kombucha piña' -> https://upload.wikimedia.org/wikipedia/commons/thumb/d/df/Kombucha%2C_1_Cup_of_Kevita_Master_Brew_Kombucha%2C_%22Tart_Cherry%22_Flavor.jpg/500px-Kombucha%2C_1_Cup_of_Kevita_Master_Brew_Kombucha%2C_%22Tart_Cherry%22_Flavor.jpg
  [1961] 'Kombucha grenade menthe CC' -> https://upload.wikimedia.org/wikipedia/commons/thumb/3/36/Saint-Girons_-_Biocoop_-_20110307_%282%29.jpg/500px-Saint-Girons_-_Biocoop_-_20110307_%282%29.jpg
  [commons.wikimedia.org] 429 intento 1, esperando 40s ...
  [1962] 'Bebida de Chá Fermentado Kombucha Vivo Framboesa' -> https://upload.wikimedia.org/wikipedia/commons/thumb/5/5b/Pingo_Doce_Santana_%28Sesimbra%29.jpg/500px-Pingo_Doce_Santana_%28Sesimbra%29.jpg
  [1963] 'Superberry Kombucha' -> https://upload.wikimedia.org/wikipedia/commons/thumb/4/4f/Time_for_a_brew_-_geograph.org.uk_-_1339715.jpg/500px-Time_for_a_brew_-_geograph.org.uk_-_1339715.jpg
  [1964] 'Kombucha au gingembre' -> https://upload.wikimedia.org/wikipedia/commons/thumb/3/36/Saint-Girons_-_Biocoop_-_20110307_%282%29.jpg/500px-Saint-Girons_-_Biocoop_-_20110307_%282%29.jpg
  [1966] 'Melocotón splash piña' -> https://upload.wikimedia.org/wikipedia/commons/thumb/2/2e/Fall_1903_-_4%2C000%2C000_peach_trees_%28IA_CAT31286371%29.pdf/page1-500px-Fall_1903_-_4%2C000%2C000_peach_trees_%28IA_CAT31286371%29.pdf.jpg
  [commons.wikimedia.org] 429 intento 1, esperando 39s ...
  [1967] 'Naranja y mango kombucha' -> https://upload.wikimedia.org/wikipedia/commons/thumb/5/5b/Marks_%26_Spencer%2C_Briggate%2C_Leeds_%284th_May_2010%29.jpg/500px-Marks_%26_Spencer%2C_Briggate%2C_Leeds_%284th_May_2010%29.jpg
  [1968] 'Ecológico kombucha' -> https://upload.wikimedia.org/wikipedia/commons/thumb/b/bd/Earth-lighting-equinox_af.png/500px-Earth-lighting-equinox_af.png
  [1969] 'Jengibre y Yuzu kombucha' -> https://upload.wikimedia.org/wikipedia/commons/thumb/d/d2/Pop_Conference_2010_-_Hip_Hop_Layerings_panel_01.jpg/500px-Pop_Conference_2010_-_Hip_Hop_Layerings_panel_01.jpg
  [1970] 'Mystic Mango' -> https://upload.wikimedia.org/wikipedia/commons/thumb/a/a2/Occult_science_in_India_and_among_the_ancients%2Cwith_an_account_of_their_mystic_initiations_and_the_history_of_spiritism._%28IA_occultscienceini00jaco%29.pdf/page1-500px-Occult_science_in_India_and_among_the_ancients%2Cwith_an_account_of_their_mystic_initiations_and_the_history_of_spiritism._%28IA_occultscienceini00jaco%29.pdf.jpg
  [1971] 'Fresa y piña Hip Pop kombucha' -> https://upload.wikimedia.org/wikipedia/commons/thumb/d/d2/Pop_Conference_2010_-_Hip_Hop_Layerings_panel_01.jpg/500px-Pop_Conference_2010_-_Hip_Hop_Layerings_panel_01.jpg
  [1972] 'Kombucha Framboesa' -> https://upload.wikimedia.org/wikipedia/commons/thumb/1/1a/Lipton-mug-tea.jpg/500px-Lipton-mug-tea.jpg
  [commons.wikimedia.org] 429 intento 1, esperando 40s ...
  [1973] 'Mango kombucha con Lime' -> https://upload.wikimedia.org/wikipedia/commons/thumb/2/24/Night_of_the_Living_Dead_%281968%29.webm/500px--Night_of_the_Living_Dead_%281968%29.webm.jpg
  [1975] 'GINGERBERRY' -> https://upload.wikimedia.org/wikipedia/commons/thumb/4/48/Muscle-synergy-space-learning-model-to-create-an-optimal-muscle-synergy-Movie1.ogv/330px--Muscle-synergy-space-learning-model-to-create-an-optimal-muscle-synergy-Movie1.ogv.jpg
  [commons.wikimedia.org] 429 intento 1, esperando 36s ...
  [1978] 'Jengibre cúrcuma Ancient champiñón Elixir' -> https://upload.wikimedia.org/wikipedia/commons/thumb/e/eb/Wuppertal_Barmen_-_I%27m_alive_02_ies.jpg/500px-Wuppertal_Barmen_-_I%27m_alive_02_ies.jpg
  [1979] 'Kombucha Bio' -> https://upload.wikimedia.org/wikipedia/commons/thumb/e/ed/Kombucha_margarita_at_Early_%2851706944313%29.jpg/500px-Kombucha_margarita_at_Early_%2851706944313%29.jpg
  [1981] 'Kombucha clásico Schorle' -> https://upload.wikimedia.org/wikipedia/commons/thumb/e/e5/Carpe_diem_blue.png/500px-Carpe_diem_blue.png
  [1982] 'Sicilian Orange y Yuzu' -> https://upload.wikimedia.org/wikipedia/commons/thumb/8/81/Acadian_geology-_the_geological_structure%2C_organic_remains%2C_and_mineral_resources_of_Nova_Scotia%2C_New_Brunswick%2C_and_Prince_Edward_island._By_J._W._Dawson%2C_M.A.%2C_LL.D._%28IA_biostor-91549%29.pdf/page1-500px-thumbnail.pdf.jpg
  [commons.wikimedia.org] 429 intento 1, esperando 40s ...
  [1985] 'Thé fermenté Kombucha' -> https://upload.wikimedia.org/wikipedia/commons/thumb/2/21/Kombucha_cordial.jpg/500px-Kombucha_cordial.jpg
  [1988] 'Love' -> https://upload.wikimedia.org/wikipedia/commons/thumb/c/c0/LOVE_Liebe.JPG/500px-LOVE_Liebe.JPG
  [commons.wikimedia.org] 429 intento 1, esperando 39s ...
  [1991] 'BLUEBERRY MINT' -> https://upload.wikimedia.org/wikipedia/commons/thumb/c/cb/Farmers%27_Bulletin._No._2254%2C_1973_-_Commercial_blueberry_growing_%28IA_CAT87205345%29.pdf/page1-500px-Farmers%27_Bulletin._No._2254%2C_1973_-_Commercial_blueberry_growing_%28IA_CAT87205345%29.pdf.jpg
  [1993] 'No. 1 Living Passion fruta Kombucha con Goji' -> https://upload.wikimedia.org/wikipedia/commons/thumb/2/24/Night_of_the_Living_Dead_%281968%29.webm/500px--Night_of_the_Living_Dead_%281968%29.webm.jpg
  [1994] 'Tao Rosehip Kambucha' -> https://upload.wikimedia.org/wikipedia/commons/thumb/f/f9/Tao_-_FRU2010.jpg/500px-Tao_-_FRU2010.jpg
  [commons.wikimedia.org] 429 intento 1, esperando 39s ...
  [1997] 'Raïbi Jamila (Bebida láctea de granada)' -> https://upload.wikimedia.org/wikipedia/commons/thumb/1/1f/Isuzu%2C_Refrigerator_Van_%28DANONE%29.jpg/500px-Isuzu%2C_Refrigerator_Van_%28DANONE%29.jpg
  [2000] 'Kéfir' -> https://upload.wikimedia.org/wikipedia/commons/thumb/2/28/Reina.jpg/500px-Reina.jpg
  [2001] 'Kéfir natural sabor suave' -> https://upload.wikimedia.org/wikipedia/commons/thumb/e/e0/I_Love_Hacendado_%28469984295%29.jpg/500px-I_Love_Hacendado_%28469984295%29.jpg
  [2002] 'Dan up' -> https://upload.wikimedia.org/wikipedia/commons/thumb/c/ce/Dan_Daly_%281864%E2%80%931904%29_as_Mr._Smiley_and_Edna_May_%281878%E2%80%931948%29_as_Olga_in_The_Girl_From_Up_There.png/500px-Dan_Daly_%281864%E2%80%931904%29_as_Mr._Smiley_and_Edna_May_%281878%E2%80%931948%29_as_Olga_in_The_Girl_From_Up_There.png
  [2003] 'Danone (zéro azúcar ajouté zéro matière grasse)' -> https://upload.wikimedia.org/wikipedia/commons/thumb/1/1f/Isuzu%2C_Refrigerator_Van_%28DANONE%29.jpg/500px-Isuzu%2C_Refrigerator_Van_%28DANONE%29.jpg
  [commons.wikimedia.org] 429 intento 1, esperando 39s ...
  [2005] 'Danup fraise' -> https://upload.wikimedia.org/wikipedia/commons/thumb/1/1f/Isuzu%2C_Refrigerator_Van_%28DANONE%29.jpg/500px-Isuzu%2C_Refrigerator_Van_%28DANONE%29.jpg
  [2006] 'Fresa frambuesa yogur con boire' -> https://upload.wikimedia.org/wikipedia/commons/thumb/1/1f/Isuzu%2C_Refrigerator_Van_%28DANONE%29.jpg/500px-Isuzu%2C_Refrigerator_Van_%28DANONE%29.jpg
  [2008] 'Actimel' -> https://upload.wikimedia.org/wikipedia/commons/thumb/e/e7/Actimel.jpg/500px-Actimel.jpg
  [2011] 'Chergui protéine vanille' -> https://upload.wikimedia.org/wikipedia/commons/thumb/1/12/Chergui_village_3.jpg/500px-Chergui_village_3.jpg
  [commons.wikimedia.org] 429 intento 1, esperando 40s ...
  [2013] 'Raib banan sghir' -> https://upload.wikimedia.org/wikipedia/commons/thumb/1/12/Chergui_village_3.jpg/500px-Chergui_village_3.jpg
  [2014] 'Yop fraise' -> https://upload.wikimedia.org/wikipedia/commons/thumb/7/7f/Usine_Yoplait_de_Vienne.jpg/500px-Usine_Yoplait_de_Vienne.jpg
  [2017] 'Daya Avocat' -> https://upload.wikimedia.org/wikipedia/commons/thumb/1/12/Chergui_village_3.jpg/500px-Chergui_village_3.jpg
  [commons.wikimedia.org] 429 intento 1, esperando 39s ...
  [2019] 'leche Ribot' -> https://upload.wikimedia.org/wikipedia/commons/thumb/f/f8/Ribot_-_Revue_philosophique_de_la_France_et_de_l%E2%80%99%C3%A9tranger%2C_tome_5.djvu/page1-500px-Ribot_-_Revue_philosophique_de_la_France_et_de_l%E2%80%99%C3%A9tranger%2C_tome_5.djvu.jpg
  [2020] 'Kefir Drink Original' -> https://upload.wikimedia.org/wikipedia/commons/thumb/c/c5/Kefir_Ariani_bottles_in_Greece_nutrition_facts.jpg/500px-Kefir_Ariani_bottles_in_Greece_nutrition_facts.jpg
  [2022] 'Daya Vani Sghira' -> https://upload.wikimedia.org/wikipedia/commons/thumb/1/12/Chergui_village_3.jpg/500px-Chergui_village_3.jpg
  [2023] 'Fresa yogur BOIRE DAYA' -> https://upload.wikimedia.org/wikipedia/commons/thumb/1/12/Chergui_village_3.jpg/500px-Chergui_village_3.jpg
  [2024] 'Kéfir Fresa Plátano' -> https://upload.wikimedia.org/wikipedia/commons/thumb/e/e0/I_Love_Hacendado_%28469984295%29.jpg/500px-I_Love_Hacendado_%28469984295%29.jpg
  [2025] 'Raibi grenadine' -> https://upload.wikimedia.org/wikipedia/commons/thumb/1/12/Chergui_village_3.jpg/500px-Chergui_village_3.jpg
  [2026] 'Daya vanille' -> https://upload.wikimedia.org/wikipedia/commons/thumb/1/12/Chergui_village_3.jpg/500px-Chergui_village_3.jpg
  [commons.wikimedia.org] 429 intento 1, esperando 38s ...
  [2027] 'Daya fraise sghira' -> https://upload.wikimedia.org/wikipedia/commons/thumb/1/12/Chergui_village_3.jpg/500px-Chergui_village_3.jpg
  [2028] 'Yogo' -> https://upload.wikimedia.org/wikipedia/commons/thumb/7/7a/Yogo_in_Shiga_Prefecture.png/500px-Yogo_in_Shiga_Prefecture.png
  [2029] 'Daya Fraise' -> https://upload.wikimedia.org/wikipedia/commons/thumb/1/12/Chergui_village_3.jpg/500px-Chergui_village_3.jpg
  [2032] 'Actimel 100 g x 12 original' -> https://upload.wikimedia.org/wikipedia/commons/thumb/e/e7/Actimel.jpg/500px-Actimel.jpg
  [commons.wikimedia.org] 429 intento 1, esperando 40s ...
  [2036] 'Kéfir coco' -> https://upload.wikimedia.org/wikipedia/commons/thumb/e/e0/I_Love_Hacendado_%28469984295%29.jpg/500px-I_Love_Hacendado_%28469984295%29.jpg
  [2038] 'Carrefour Sensation Kefir leche Demi-Écrémé Fermenté' -> https://upload.wikimedia.org/wikipedia/commons/thumb/0/02/Carrefour_55-o.art.pub-carrefour-02.jpg/500px-Carrefour_55-o.art.pub-carrefour-02.jpg
  [2039] 'Linea 0% - leche' -> https://upload.wikimedia.org/wikipedia/commons/thumb/9/9e/Flan_con_dulce_de_leche_en_La_L%C3%ADnea_de_la_Concepci%C3%B3n%2C_Espa%C3%B1a.jpg/500px-Flan_con_dulce_de_leche_en_La_L%C3%ADnea_de_la_Concepci%C3%B3n%2C_Espa%C3%B1a.jpg
  [2040] 'Smoozy' -> https://upload.wikimedia.org/wikipedia/commons/thumb/4/46/Albane_Duterc_20091013_Casio_G-SHOCK_01.jpg/500px-Albane_Duterc_20091013_Casio_G-SHOCK_01.jpg
  [commons.wikimedia.org] 429 intento 1, esperando 40s ...
  [2041] 'Yogur / Leche Fermentada' -> https://upload.wikimedia.org/wikipedia/commons/thumb/1/12/Chergui_village_3.jpg/500px-Chergui_village_3.jpg
  [2042] 'Kefir 1,5%' -> https://upload.wikimedia.org/wikipedia/commons/thumb/9/98/Man_pilos_Louvre_MNE1330.jpg/500px-Man_pilos_Louvre_MNE1330.jpg
  [2043] 'Yop framboise' -> https://upload.wikimedia.org/wikipedia/commons/thumb/7/7f/Usine_Yoplait_de_Vienne.jpg/500px-Usine_Yoplait_de_Vienne.jpg
  [2045] 'Actimel original Natural' -> https://upload.wikimedia.org/wikipedia/commons/thumb/e/e7/Actimel.jpg/500px-Actimel.jpg
  [commons.wikimedia.org] 429 intento 1, esperando 38s ...
  [2047] 'Yaourt cereal' -> https://upload.wikimedia.org/wikipedia/commons/thumb/1/1f/Isuzu%2C_Refrigerator_Van_%28DANONE%29.jpg/500px-Isuzu%2C_Refrigerator_Van_%28DANONE%29.jpg
  [2048] 'Protein Drink Raspberry Flavour' -> https://upload.wikimedia.org/wikipedia/commons/thumb/1/1f/Isuzu%2C_Refrigerator_Van_%28DANONE%29.jpg/500px-Isuzu%2C_Refrigerator_Van_%28DANONE%29.jpg
  [2049] 'hacendado+proteinas' -> https://upload.wikimedia.org/wikipedia/commons/thumb/e/e0/I_Love_Hacendado_%28469984295%29.jpg/500px-I_Love_Hacendado_%28469984295%29.jpg
  [2050] 'kéfir beber Nestlé' -> https://upload.wikimedia.org/wikipedia/commons/thumb/9/96/Nestl%C3%A9_Israel_ice_cream_delivery_truck.jpg/500px-Nestl%C3%A9_Israel_ice_cream_delivery_truck.jpg
  [2053] 'Melocotón fermentado' -> https://upload.wikimedia.org/wikipedia/commons/thumb/1/12/Chergui_village_3.jpg/500px-Chergui_village_3.jpg
  [commons.wikimedia.org] 429 intento 1, esperando 40s ...
  [2054] 'Moufid 7mr' -> https://upload.wikimedia.org/wikipedia/commons/thumb/1/1f/Isuzu%2C_Refrigerator_Van_%28DANONE%29.jpg/500px-Isuzu%2C_Refrigerator_Van_%28DANONE%29.jpg
  [2055] 'Kéfir Pastoret Mango' -> https://upload.wikimedia.org/wikipedia/commons/thumb/5/52/Pastoret_-_Ordonnances_des_rois_de_France_de_la_troisi%C3%A8me_race%2C_tome_15.djvu/page1-500px-Pastoret_-_Ordonnances_des_rois_de_France_de_la_troisi%C3%A8me_race%2C_tome_15.djvu.jpg
  [2057] 'Kéfir Drink natural' -> https://upload.wikimedia.org/wikipedia/commons/thumb/b/b3/Beverages_and_their_adulteration%2C_origin%2C_composition%2C_manufacture%2C_natural%2C_artificial%2C_fermented%2C_distilled%2C_alkaloidal_and_fruit_juices_%28IA_beveragestheirad00wileuoft%29.pdf/page1-500px-thumbnail.pdf.jpg
  [2058] 'Actimel sabor multifruta' -> https://upload.wikimedia.org/wikipedia/commons/thumb/e/e7/Actimel.jpg/500px-Actimel.jpg
  [2059] 'Raïbi' -> https://upload.wikimedia.org/wikipedia/commons/thumb/8/89/Rabbi_lau2.jpg/500px-Rabbi_lau2.jpg
  [2060] 'Hacendado' -> https://upload.wikimedia.org/wikipedia/commons/thumb/e/e0/I_Love_Hacendado_%28469984295%29.jpg/500px-I_Love_Hacendado_%28469984295%29.jpg
  [2061] 'Proteínas Sabor Tropical' -> https://upload.wikimedia.org/wikipedia/commons/thumb/4/42/Nociones_de_agricultura_tropical_para_las_escuelas_rurales_%28IA_nocionesdeagricu00mill%29.pdf/page1-500px-Nociones_de_agricultura_tropical_para_las_escuelas_rurales_%28IA_nocionesdeagricu00mill%29.pdf.jpg
  [commons.wikimedia.org] 429 intento 1, esperando 35s ...
  [2062] 'kéfir ECOLOGICO' -> https://upload.wikimedia.org/wikipedia/commons/thumb/5/52/Pastoret_-_Ordonnances_des_rois_de_France_de_la_troisi%C3%A8me_race%2C_tome_15.djvu/page1-500px-Pastoret_-_Ordonnances_des_rois_de_France_de_la_troisi%C3%A8me_race%2C_tome_15.djvu.jpg
  [2063] 'Suckies Strawberry' -> https://upload.wikimedia.org/wikipedia/commons/thumb/5/5c/The_Collective_%288121193079%29.jpg/500px-The_Collective_%288121193079%29.jpg
  [2064] 'Yogur Bebible Fresa y Plátano' -> https://upload.wikimedia.org/wikipedia/commons/thumb/e/e0/I_Love_Hacendado_%28469984295%29.jpg/500px-I_Love_Hacendado_%28469984295%29.jpg
  [2066] 'Kalinka Kefir' -> https://upload.wikimedia.org/wikipedia/commons/thumb/2/21/Lu%C3%ADs_Ant%C3%B4nio_Corr%C3%AAa_da_Costa_%28M%C3%BCller%29_01.jpg/500px-Lu%C3%ADs_Ant%C3%B4nio_Corr%C3%AAa_da_Costa_%28M%C3%BCller%29_01.jpg
  [2067] 'Actimel sabor fresa 100 g x' -> https://upload.wikimedia.org/wikipedia/commons/thumb/1/1f/Isuzu%2C_Refrigerator_Van_%28DANONE%29.jpg/500px-Isuzu%2C_Refrigerator_Van_%28DANONE%29.jpg
  [commons.wikimedia.org] 429 intento 1, esperando 39s ...
  [2070] 'Love kefir bianco natural' -> https://upload.wikimedia.org/wikipedia/commons/thumb/9/96/Nestl%C3%A9_Israel_ice_cream_delivery_truck.jpg/500px-Nestl%C3%A9_Israel_ice_cream_delivery_truck.jpg
  [2071] 'Danonino' -> https://upload.wikimedia.org/wikipedia/commons/thumb/2/25/Yohanan_danino_2011.JPG/500px-Yohanan_danino_2011.JPG
  [2073] "Pequeños Filou - Tub's, Fresa goût, Frambuesa y melocotón" -> https://upload.wikimedia.org/wikipedia/commons/thumb/7/7f/Usine_Yoplait_de_Vienne.jpg/500px-Usine_Yoplait_de_Vienne.jpg
  [2074] 'Kefir bio bianco naturale' -> https://upload.wikimedia.org/wikipedia/commons/thumb/0/01/Milk-bottle.jpg/500px-Milk-bottle.jpg
  [commons.wikimedia.org] 429 intento 1, esperando 39s ...
  [2075] 'Raïbi tropical' -> https://upload.wikimedia.org/wikipedia/commons/thumb/1/12/Chergui_village_3.jpg/500px-Chergui_village_3.jpg
  [2076] 'Actimel 0%mg original' -> https://upload.wikimedia.org/wikipedia/commons/thumb/1/1f/Isuzu%2C_Refrigerator_Van_%28DANONE%29.jpg/500px-Isuzu%2C_Refrigerator_Van_%28DANONE%29.jpg
  [2079] 'Yogur bebible piña coco 0%' -> https://upload.wikimedia.org/wikipedia/commons/thumb/e/e0/I_Love_Hacendado_%28469984295%29.jpg/500px-I_Love_Hacendado_%28469984295%29.jpg
  [2080] 'Bio-Kefir' -> https://upload.wikimedia.org/wikipedia/commons/thumb/a/a4/Andechser_Molkerei_2016_%283%29.jpg/500px-Andechser_Molkerei_2016_%283%29.jpg
  [commons.wikimedia.org] 429 intento 1, esperando 40s ...
  [2081] 'Mango y PASSION fruta kéfir' -> https://upload.wikimedia.org/wikipedia/commons/thumb/9/9a/Yeo_Valley_Factory_-_geograph.org.uk_-_89300.jpg/500px-Yeo_Valley_Factory_-_geograph.org.uk_-_89300.jpg
  [2084] 'Bifidus Probióticos con Fibras Cereales' -> https://upload.wikimedia.org/wikipedia/commons/thumb/e/e0/I_Love_Hacendado_%28469984295%29.jpg/500px-I_Love_Hacendado_%28469984295%29.jpg
  [2085] 'Kefir Drink' -> https://upload.wikimedia.org/wikipedia/commons/thumb/c/cf/Kefir_glass_london_feb_10.jpg/500px-Kefir_glass_london_feb_10.jpg
  [2087] 'Yoplait Cesta de Cereza' -> https://upload.wikimedia.org/wikipedia/commons/thumb/7/7f/Usine_Yoplait_de_Vienne.jpg/500px-Usine_Yoplait_de_Vienne.jpg
  [commons.wikimedia.org] 429 intento 1, esperando 39s ...
  [2089] 'Banana Paradise alimento en Bottle' -> https://upload.wikimedia.org/wikipedia/commons/thumb/1/14/Tasty_Steak_at_GR_Shopping_Mall_5F_%2820230115105126%29.jpg/500px-Tasty_Steak_at_GR_Shopping_Mall_5F_%2820230115105126%29.jpg
  [2091] 'Fresa vainilla frambuesa Yop' -> https://upload.wikimedia.org/wikipedia/commons/thumb/7/7f/Usine_Yoplait_de_Vienne.jpg/500px-Usine_Yoplait_de_Vienne.jpg
  [2092] 'Yogur bebible fresa 0%' -> https://upload.wikimedia.org/wikipedia/commons/thumb/e/e0/I_Love_Hacendado_%28469984295%29.jpg/500px-I_Love_Hacendado_%28469984295%29.jpg
  [2094] 'Paysan Breton - Le leche Ribot' -> https://upload.wikimedia.org/wikipedia/commons/thumb/5/56/Breton_-_Un_peintre_paysan%2C_1896.djvu/page1-500px-Breton_-_Un_peintre_paysan%2C_1896.djvu.jpg
  [2095] 'Kéfir fresa' -> https://upload.wikimedia.org/wikipedia/commons/thumb/0/0a/Strawberry_milkshake_close-up_bubble_texture.jpg/500px-Strawberry_milkshake_close-up_bubble_texture.jpg
  [commons.wikimedia.org] 429 intento 1, esperando 38s ...
  [2096] 'zott Protein drink čokolada' -> https://upload.wikimedia.org/wikipedia/commons/thumb/6/6e/Zott_Producent_mlecznych_rozkoszy.png/500px-Zott_Producent_mlecznych_rozkoszy.png
  [2097] 'Kéfir plus' -> https://upload.wikimedia.org/wikipedia/commons/thumb/5/5e/Henninger_Turm_2006_-_Kaiku.jpg/500px-Henninger_Turm_2006_-_Kaiku.jpg
  [commons.wikimedia.org] 429 intento 1, esperando 39s ...
  [2099] 'Kefir yogur (Variedad 2099)' -> https://upload.wikimedia.org/wikipedia/commons/thumb/4/43/Graham_Tawny_Vino_de_Oporto.jpg/500px-Graham_Tawny_Vino_de_Oporto.jpg
  [2100] 'Yogur con boire Dost up' -> https://upload.wikimedia.org/wikipedia/commons/thumb/0/0d/Dost_Mohammad_Khan_of_Afghanistan.jpg/500px-Dost_Mohammad_Khan_of_Afghanistan.jpg
  [2101] 'Leche ecológico demi-écrémé fermenté con kéfir' -> https://upload.wikimedia.org/wikipedia/commons/thumb/8/88/Andechser_3_beers.JPG/500px-Andechser_3_beers.JPG
  [2103] 'Kefir Multifruttti' -> https://upload.wikimedia.org/wikipedia/commons/thumb/0/01/Milk-bottle.jpg/500px-Milk-bottle.jpg
  [2105] 'L Casei Fresa' -> https://upload.wikimedia.org/wikipedia/commons/thumb/e/e0/I_Love_Hacendado_%28469984295%29.jpg/500px-I_Love_Hacendado_%28469984295%29.jpg
  [commons.wikimedia.org] 429 intento 1, esperando 40s ...
  [2108] 'Mango Vache con boire' -> https://upload.wikimedia.org/wikipedia/commons/thumb/8/81/Blason_Michel-Augustin_de_Goyon_%281764-1851%29.svg/500px-Blason_Michel-Augustin_de_Goyon_%281764-1851%29.svg.png
  [2109] 'Yop parfum fraise banane' -> https://upload.wikimedia.org/wikipedia/commons/thumb/7/7f/Usine_Yoplait_de_Vienne.jpg/500px-Usine_Yoplait_de_Vienne.jpg
  [2111] 'Natural Original' -> https://upload.wikimedia.org/wikipedia/commons/thumb/f/f4/Music-natural.svg/500px-Music-natural.svg.png
  [commons.wikimedia.org] 429 intento 1, esperando 37s ...
  [2113] 'Yogur con Boire Stracciatella Pro+' -> https://upload.wikimedia.org/wikipedia/commons/thumb/9/96/Nestl%C3%A9_Israel_ice_cream_delivery_truck.jpg/500px-Nestl%C3%A9_Israel_ice_cream_delivery_truck.jpg
  [2115] 'Kefir melograno e lampone' -> https://upload.wikimedia.org/wikipedia/commons/thumb/9/9f/Milk_thistle_flowerhead.jpg/500px-Milk_thistle_flowerhead.jpg
  [2117] 'Kefir Bianco' -> https://upload.wikimedia.org/wikipedia/commons/thumb/0/01/Milk-bottle.jpg/500px-Milk-bottle.jpg
  [2118] 'Kefir Mixed Berry' -> https://upload.wikimedia.org/wikipedia/commons/thumb/2/23/Everyday_business_and_beautiful_old_houses%2C_Agra%2C_11-2009_-_panoramio.jpg/500px-Everyday_business_and_beautiful_old_houses%2C_Agra%2C_11-2009_-_panoramio.jpg
  [commons.wikimedia.org] 429 intento 1, esperando 40s ...
  [2119] 'kéfir natural 0% M.G.' -> https://upload.wikimedia.org/wikipedia/commons/thumb/e/e0/I_Love_Hacendado_%28469984295%29.jpg/500px-I_Love_Hacendado_%28469984295%29.jpg
  [2120] 'Mixed Berry Vanilla Protein Shake' -> https://upload.wikimedia.org/wikipedia/commons/thumb/6/6b/NYC_CHOBANI_Store.jpg/500px-NYC_CHOBANI_Store.jpg
  [2121] 'KEFIR ACTIVIA' -> https://upload.wikimedia.org/wikipedia/commons/thumb/1/1f/Isuzu%2C_Refrigerator_Van_%28DANONE%29.jpg/500px-Isuzu%2C_Refrigerator_Van_%28DANONE%29.jpg
  [2123] 'Yogur con boire YOP parfum coco' -> https://upload.wikimedia.org/wikipedia/commons/thumb/7/7f/Usine_Yoplait_de_Vienne.jpg/500px-Usine_Yoplait_de_Vienne.jpg
  [2124] 'leche fermente bq' -> https://upload.wikimedia.org/wikipedia/commons/thumb/0/0e/P%C3%A2turages_JPG01.jpg/500px-P%C3%A2turages_JPG01.jpg
  [commons.wikimedia.org] 429 intento 1, esperando 38s ...
  [2128] 'Yago' -> https://upload.wikimedia.org/wikipedia/commons/thumb/3/3e/MI_Yago_Santiago_MMA2012.jpg/500px-MI_Yago_Santiago_MMA2012.jpg
  [2129] 'Kéfir sabor arándanos' -> https://upload.wikimedia.org/wikipedia/commons/thumb/1/1f/Isuzu%2C_Refrigerator_Van_%28DANONE%29.jpg/500px-Isuzu%2C_Refrigerator_Van_%28DANONE%29.jpg
  [commons.wikimedia.org] 429 intento 1, esperando 40s ...
  [2132] 'Fresa Fermento de yogur Yeo del valle ecológico kéfir' -> https://upload.wikimedia.org/wikipedia/commons/thumb/9/9a/Yeo_Valley_Factory_-_geograph.org.uk_-_89300.jpg/500px-Yeo_Valley_Factory_-_geograph.org.uk_-_89300.jpg
  [2133] 'Leche fermentada con L.casei' -> https://upload.wikimedia.org/wikipedia/commons/thumb/e/e0/I_Love_Hacendado_%28469984295%29.jpg/500px-I_Love_Hacendado_%28469984295%29.jpg
  [2134] 'Actimel Immune Support' -> https://upload.wikimedia.org/wikipedia/commons/thumb/1/1f/Isuzu%2C_Refrigerator_Van_%28DANONE%29.jpg/500px-Isuzu%2C_Refrigerator_Van_%28DANONE%29.jpg
  [2135] 'Protein Drink Stracciatella Flavour' -> https://upload.wikimedia.org/wikipedia/commons/thumb/1/1f/Isuzu%2C_Refrigerator_Van_%28DANONE%29.jpg/500px-Isuzu%2C_Refrigerator_Van_%28DANONE%29.jpg
  [2136] 'Kefir sabor fresa' -> https://upload.wikimedia.org/wikipedia/commons/thumb/9/96/Nestl%C3%A9_Israel_ice_cream_delivery_truck.jpg/500px-Nestl%C3%A9_Israel_ice_cream_delivery_truck.jpg
  [2139] 'Yogur Para Beber Exotic Piña Y Coco' -> https://upload.wikimedia.org/wikipedia/commons/thumb/e/e0/I_Love_Hacendado_%28469984295%29.jpg/500px-I_Love_Hacendado_%28469984295%29.jpg
  [2140] 'Bifidus activia regularis (Fraise)' -> https://upload.wikimedia.org/wikipedia/commons/thumb/1/1f/Isuzu%2C_Refrigerator_Van_%28DANONE%29.jpg/500px-Isuzu%2C_Refrigerator_Van_%28DANONE%29.jpg
  [commons.wikimedia.org] 429 intento 1, esperando 39s ...
  [2143] 'Kéfir de leche' -> https://upload.wikimedia.org/wikipedia/commons/thumb/9/93/Lactel.jpg/500px-Lactel.jpg
  [2144] 'Yogur líquido fresa' -> https://upload.wikimedia.org/wikipedia/commons/thumb/e/e0/I_Love_Hacendado_%28469984295%29.jpg/500px-I_Love_Hacendado_%28469984295%29.jpg
  [2145] 'Fresas y crema' -> https://upload.wikimedia.org/wikipedia/commons/3/33/Chimichangas_de_queso_crema_y_fresas.png
  [2146] 'Amul Lassi' -> https://upload.wikimedia.org/wikipedia/commons/thumb/c/c3/Amul_Plant_at_Anand.jpg/500px-Amul_Plant_at_Anand.jpg
  [commons.wikimedia.org] 429 intento 1, esperando 40s ...
  [2147] 'Yogur / Leche fermentada +Proteína Fresa' -> https://upload.wikimedia.org/wikipedia/commons/thumb/1/1f/Isuzu%2C_Refrigerator_Van_%28DANONE%29.jpg/500px-Isuzu%2C_Refrigerator_Van_%28DANONE%29.jpg
  [2148] 'lúpulo parfum framboise' -> https://upload.wikimedia.org/wikipedia/commons/thumb/7/7f/Usine_Yoplait_de_Vienne.jpg/500px-Usine_Yoplait_de_Vienne.jpg
  [2149] 'Chefir pur si simplu' -> https://upload.wikimedia.org/wikipedia/commons/3/35/Napolact_Gospodar_Cream.JPG
  [2151] 'Activia Kéfir Auténtico' -> https://upload.wikimedia.org/wikipedia/commons/thumb/1/1f/Isuzu%2C_Refrigerator_Van_%28DANONE%29.jpg/500px-Isuzu%2C_Refrigerator_Van_%28DANONE%29.jpg
  [2153] 'Vache à boire Arándanos sauvages' -> https://upload.wikimedia.org/wikipedia/commons/thumb/8/81/Blason_Michel-Augustin_de_Goyon_%281764-1851%29.svg/500px-Blason_Michel-Augustin_de_Goyon_%281764-1851%29.svg.png
  [commons.wikimedia.org] 429 intento 1, esperando 39s ...
  [2154] 'Kéfir de chèvre' -> https://upload.wikimedia.org/wikipedia/commons/thumb/e/e1/Utos116-Mathieu_Gaborit.jpg/500px-Utos116-Mathieu_Gaborit.jpg
  [2157] 'Actimel Natural Sin Azúcar' -> https://upload.wikimedia.org/wikipedia/commons/thumb/e/e7/Actimel.jpg/500px-Actimel.jpg
  [commons.wikimedia.org] 429 intento 1, esperando 39s ...
  [2162] 'Kéfir con probioticos' -> https://upload.wikimedia.org/wikipedia/commons/thumb/5/5e/Henninger_Turm_2006_-_Kaiku.jpg/500px-Henninger_Turm_2006_-_Kaiku.jpg
  [commons.wikimedia.org] 429 intento 1, esperando 39s ...
  [2164] 'Leche Fermenté extra dulce' -> https://upload.wikimedia.org/wikipedia/commons/thumb/5/56/Breton_-_Un_peintre_paysan%2C_1896.djvu/page1-500px-Breton_-_Un_peintre_paysan%2C_1896.djvu.jpg
  [2165] 'leche fermenté Leben' -> https://upload.wikimedia.org/wikipedia/commons/thumb/0/02/Carrefour_55-o.art.pub-carrefour-02.jpg/500px-Carrefour_55-o.art.pub-carrefour-02.jpg
  [2166] 'L Casei 0% Natural' -> https://upload.wikimedia.org/wikipedia/commons/thumb/3/3a/Nicolae_Iorga_-_Cinci_conferin%C8%9Be_despre_Vene%C8%9Bia_-_%C5%A2inute_din_%C3%AEns%C4%83rcinarea_Casei_%C5%9Ecoalelor.pdf/page1-500px-Nicolae_Iorga_-_Cinci_conferin%C8%9Be_despre_Vene%C8%9Bia_-_%C5%A2inute_din_%C3%AEns%C4%83rcinarea_Casei_%C5%9Ecoalelor.pdf.jpg
  [2167] 'Yakult Plus' -> https://upload.wikimedia.org/wikipedia/commons/thumb/0/0e/Yakult_drink.jpg/500px-Yakult_drink.jpg
  [2168] 'Vache con Boire frambuesa' -> https://upload.wikimedia.org/wikipedia/commons/thumb/8/81/Blason_Michel-Augustin_de_Goyon_%281764-1851%29.svg/500px-Blason_Michel-Augustin_de_Goyon_%281764-1851%29.svg.png
  [2170] 'Yogur para beber natural con azúcar de caña' -> https://upload.wikimedia.org/wikipedia/commons/thumb/e/e0/I_Love_Hacendado_%28469984295%29.jpg/500px-I_Love_Hacendado_%28469984295%29.jpg
  [2171] "P'tit Yop, Goût Fraise" -> https://upload.wikimedia.org/wikipedia/commons/thumb/7/7f/Usine_Yoplait_de_Vienne.jpg/500px-Usine_Yoplait_de_Vienne.jpg
  [2172] 'Leben leche Fermenté' -> https://upload.wikimedia.org/wikipedia/commons/thumb/8/80/Skulptur_Leben_%28Traube%29_Michael_Schoenholtz_Claire-Waldoff-Promenade_16_Berlin-Moabit_03.jpg/500px-Skulptur_Leben_%28Traube%29_Michael_Schoenholtz_Claire-Waldoff-Promenade_16_Berlin-Moabit_03.jpg
  [commons.wikimedia.org] 429 intento 1, esperando 40s ...
  [2176] 'Actimel Natural x' -> https://upload.wikimedia.org/wikipedia/commons/thumb/e/e7/Actimel.jpg/500px-Actimel.jpg
  [2177] 'Kefir desnatado 0% M.G. Pastoret' -> https://upload.wikimedia.org/wikipedia/commons/thumb/5/52/Pastoret_-_Ordonnances_des_rois_de_France_de_la_troisi%C3%A8me_race%2C_tome_15.djvu/page1-500px-Pastoret_-_Ordonnances_des_rois_de_France_de_la_troisi%C3%A8me_race%2C_tome_15.djvu.jpg
  [2179] 'Kefir - Gęsty' -> https://upload.wikimedia.org/wikipedia/commons/thumb/7/7e/Corpus_Christi_in_%C5%81owicz.jpg/500px-Corpus_Christi_in_%C5%81owicz.jpg
  [commons.wikimedia.org] 429 intento 1, esperando 39s ...
  [2180] 'Kéfir Graham’s natural' -> https://upload.wikimedia.org/wikipedia/commons/thumb/9/98/FEDERAL_DAIRY_POLICY_%28IA_gov.gpo.fdsys.CHRG-106shrg67541%29.pdf/page1-500px-FEDERAL_DAIRY_POLICY_%28IA_gov.gpo.fdsys.CHRG-106shrg67541%29.pdf.jpg
  [2181] 'YoPro vainilla cookies' -> https://upload.wikimedia.org/wikipedia/commons/thumb/1/1f/Isuzu%2C_Refrigerator_Van_%28DANONE%29.jpg/500px-Isuzu%2C_Refrigerator_Van_%28DANONE%29.jpg
  [2183] 'Vinagre de table blanco Star' -> https://upload.wikimedia.org/wikipedia/commons/thumb/c/cc/Star-sizes.jpg/500px-Star-sizes.jpg
  [2184] 'Assaisonnement aromatisé au limón' -> https://upload.wikimedia.org/wikipedia/commons/thumb/c/cc/Star-sizes.jpg/500px-Star-sizes.jpg
  [2185] 'Vinagre de Table blanco' -> https://upload.wikimedia.org/wikipedia/commons/thumb/3/39/Blanco_y_negro_%28IA_blancoynegro1401unse%29.pdf/page1-500px-Blanco_y_negro_%28IA_blancoynegro1401unse%29.pdf.jpg
  [2186] 'Vinagre balsámico de Modène' -> https://upload.wikimedia.org/wikipedia/commons/thumb/d/df/ES_Maille_im_Winter.jpg/500px-ES_Maille_im_Winter.jpg
  [commons.wikimedia.org] 429 intento 1, esperando 38s ...
  [2188] 'Vinagre de vino rojo y chalotas Vinaigrette Légère' -> https://upload.wikimedia.org/wikipedia/commons/thumb/d/df/ES_Maille_im_Winter.jpg/500px-ES_Maille_im_Winter.jpg
  [2191] 'vinagre balsámico Di Modena' -> https://upload.wikimedia.org/wikipedia/commons/c/cb/Stanis%C5%82aw_Kania_-1979-.jpg
  [2194] 'Vinagre balsámico de Modène 25 cl (variedad 2194)' -> https://upload.wikimedia.org/wikipedia/commons/thumb/d/df/ES_Maille_im_Winter.jpg/500px-ES_Maille_im_Winter.jpg
  [2195] 'Vinagre de CIDRE de manzana' -> https://upload.wikimedia.org/wikipedia/commons/thumb/c/cc/Star-sizes.jpg/500px-Star-sizes.jpg
  [commons.wikimedia.org] 429 intento 1, esperando 39s ...
  [2200] 'Crema vinagre balsámico di Modena' -> https://upload.wikimedia.org/wikipedia/commons/5/57/Carlo_Ponti_1951.jpg
  [commons.wikimedia.org] 429 intento 1, esperando 39s ...
  [2205] 'Crème con Vinagre balsámico de molène' -> https://upload.wikimedia.org/wikipedia/commons/thumb/f/f9/Doodsbrief_Louis_Tramier_1885_barcode_800000169445.jpg/500px-Doodsbrief_Louis_Tramier_1885_barcode_800000169445.jpg
  [2207] 'Vinagre' -> https://upload.wikimedia.org/wikipedia/commons/thumb/2/28/Vinagre.png/500px-Vinagre.png
  [2208] 'vinagre - Melfor' -> https://upload.wikimedia.org/wikipedia/commons/thumb/5/58/Mulhouse_melfor.png/500px-Mulhouse_melfor.png
  [2209] 'Vinagre de vino rojo adouci con Jugo de raisin concentré' -> https://upload.wikimedia.org/wikipedia/commons/thumb/d/df/ES_Maille_im_Winter.jpg/500px-ES_Maille_im_Winter.jpg
  [2210] 'Vinagre de cidre' -> https://upload.wikimedia.org/wikipedia/commons/thumb/8/86/Bouton_d%27or_%282%29.jpg/500px-Bouton_d%27or_%282%29.jpg
  [commons.wikimedia.org] 429 intento 1, esperando 39s ...
  [2212] 'Vinagre de cidre 5° bouteille en verre de U' -> https://upload.wikimedia.org/wikipedia/commons/thumb/0/02/Carrefour_55-o.art.pub-carrefour-02.jpg/500px-Carrefour_55-o.art.pub-carrefour-02.jpg
  [2215] 'Vinagre de Xérès Réserve' -> https://upload.wikimedia.org/wikipedia/commons/thumb/d/df/ES_Maille_im_Winter.jpg/500px-ES_Maille_im_Winter.jpg
  [2216] 'Vinagre d’alcool colore' -> https://upload.wikimedia.org/wikipedia/commons/thumb/4/4d/Hoodoos_in_the_Bryce_Canyon_National_Park.jpg/500px-Hoodoos_in_the_Bryce_Canyon_National_Park.jpg
  [commons.wikimedia.org] 429 intento 1, esperando 35s ...
  [2218] 'Vinagre de arroz' -> https://upload.wikimedia.org/wikipedia/commons/thumb/b/b0/Camp_Tanoshi_140621-M-OC926-014.jpg/500px-Camp_Tanoshi_140621-M-OC926-014.jpg
  [2220] 'Vinagre APPLE sidra' -> https://upload.wikimedia.org/wikipedia/commons/thumb/b/b5/Apple_Cider_Vinegar_%284108653248%29.jpg/500px-Apple_Cider_Vinegar_%284108653248%29.jpg
  [2222] 'Vinagre de cidre bouteille en verre de' -> https://upload.wikimedia.org/wikipedia/commons/thumb/6/6e/Kop_lesa_u_obodu%2C_gde_je_bio_kurgan.jpg/500px-Kop_lesa_u_obodu%2C_gde_je_bio_kurgan.jpg
  [2224] 'Vinagre de manzana' -> https://upload.wikimedia.org/wikipedia/commons/thumb/9/94/Pav%C3%A9_Bio_Carrefour_-_1.jpg/500px-Pav%C3%A9_Bio_Carrefour_-_1.jpg
  [2227] 'Mercadona' -> https://upload.wikimedia.org/wikipedia/commons/thumb/0/01/Mercadona_Nuevo_Modelo_de_Tienda2.jpg/500px-Mercadona_Nuevo_Modelo_de_Tienda2.jpg
  [2228] 'Vinagre con manzana' -> https://upload.wikimedia.org/wikipedia/commons/thumb/b/bc/Foie_fresco_a_la_plancha_con_compota_de_manzana_y_reducci%C3%B3n_de_vinagre_bals%C3%A1mico%2C_Madrid%2C_2018.jpg/500px-Foie_fresco_a_la_plancha_con_compota_de_manzana_y_reducci%C3%B3n_de_vinagre_bals%C3%A1mico%2C_Madrid%2C_2018.jpg
  [commons.wikimedia.org] 429 intento 1, esperando 40s ...
  [2231] 'Jardin blo' -> https://upload.wikimedia.org/wikipedia/commons/thumb/d/dd/Annales_du_Jardin_botanique_de_Buitenzorg._%28IA_mobot31753002207774%29.pdf/page1-500px-Annales_du_Jardin_botanique_de_Buitenzorg._%28IA_mobot31753002207774%29.pdf.jpg
  [2232] 'Vinagre balsámico 6°, Bouteille en verre de' -> https://upload.wikimedia.org/wikipedia/commons/thumb/4/4d/Periodic_table_large.svg/500px-Periodic_table_large.svg.png
  [2233] 'Condimento balsámico blanco' -> https://upload.wikimedia.org/wikipedia/commons/thumb/d/df/ES_Maille_im_Winter.jpg/500px-ES_Maille_im_Winter.jpg
  [2235] "Vinagre balsámico de Modène 6% d'acidité" -> https://upload.wikimedia.org/wikipedia/commons/thumb/2/22/Auchan%2C_Le_Pontet%2C_Vaucluse%2C_France.jpg/500px-Auchan%2C_Le_Pontet%2C_Vaucluse%2C_France.jpg
  [commons.wikimedia.org] 429 intento 1, esperando 39s ...
  [2237] 'Vinagre de vino blanco' -> https://upload.wikimedia.org/wikipedia/commons/thumb/b/b5/El_vino_de_Maguey_-_t%C3%A9sis_para_el_ex%C3%A1men_profesional_de_medicina%2C_ciruj%C3%ADa_y_obstetricia_%28IA_101183809.nlm.nih.gov%29.pdf/page1-500px-El_vino_de_Maguey_-_t%C3%A9sis_para_el_ex%C3%A1men_profesional_de_medicina%2C_ciruj%C3%ADa_y_obstetricia_%28IA_101183809.nlm.nih.gov%29.pdf.jpg
  [2240] 'Vinagre de cidre de NORMANDIE' -> https://upload.wikimedia.org/wikipedia/commons/8/8c/Monte_Carlo_Casino.jpg
  [2241] 'Vinagre Sarsons Malt imp' -> https://upload.wikimedia.org/wikipedia/commons/thumb/3/37/Sarson.jpg/500px-Sarson.jpg
  [commons.wikimedia.org] 429 intento 1, esperando 39s ...
  [2242] 'Vinagre Balsamic de Modena' -> https://upload.wikimedia.org/wikipedia/commons/thumb/1/13/Olive_oil_with_Balsamic_Vinegar.jpg/500px-Olive_oil_with_Balsamic_Vinegar.jpg
  [2243] 'Douceur à base d\'"vinagre balsámico di Modena IGP"' -> https://upload.wikimedia.org/wikipedia/commons/thumb/f/f3/Carrefour_City_Centre_Shopping_Mall_Doha.jpg/500px-Carrefour_City_Centre_Shopping_Mall_Doha.jpg
  [2244] 'Nuez Vinagre de vino blanco aromatisé' -> https://upload.wikimedia.org/wikipedia/commons/thumb/d/df/ES_Maille_im_Winter.jpg/500px-ES_Maille_im_Winter.jpg
  [2245] 'Douceur de Vinagre balsámico de modene con albahaca' -> https://upload.wikimedia.org/wikipedia/commons/thumb/0/02/Carrefour_55-o.art.pub-carrefour-02.jpg/500px-Carrefour_55-o.art.pub-carrefour-02.jpg
  [commons.wikimedia.org] 429 intento 1, esperando 40s ...
  [2249] 'Vinagre de vino' -> https://upload.wikimedia.org/wikipedia/commons/thumb/e/ee/Hirundo_rustica_LC0073.jpg/500px-Hirundo_rustica_LC0073.jpg
  [2250] 'Vinagre balsámico de Modena' -> https://upload.wikimedia.org/wikipedia/commons/thumb/3/31/Napoleon_I_of_France_by_Andrea_Appiani.jpg/500px-Napoleon_I_of_France_by_Andrea_Appiani.jpg
  [2251] 'Aceton Balsamico de Modena I.G.P.' -> https://upload.wikimedia.org/wikipedia/commons/thumb/4/4a/Deluxe_-_Bonneville.jpg/500px-Deluxe_-_Bonneville.jpg
  [2253] 'Vinagre Malt' -> https://upload.wikimedia.org/wikipedia/commons/8/8c/Derby_Malt_Vinegar_Brewery%2C_200_Kedleston_Road_-_geograph.org.uk_-_377317.jpg
  [2254] 'Reducción bálsamica de vinagre Pedro Ximénez' -> https://upload.wikimedia.org/wikipedia/commons/thumb/e/e0/I_Love_Hacendado_%28469984295%29.jpg/500px-I_Love_Hacendado_%28469984295%29.jpg
  [2255] 'Melfor Arôme' -> https://upload.wikimedia.org/wikipedia/commons/thumb/5/58/Mulhouse_melfor.png/500px-Mulhouse_melfor.png
  [commons.wikimedia.org] 429 intento 1, esperando 38s ...
  [2257] 'Vinagre Glaze con Balsamic de Modena' -> https://upload.wikimedia.org/wikipedia/commons/thumb/0/0b/Waitrose%2C_Tarvin_Road%2C_Chester_-_geograph.org.uk_-_4340416.jpg/500px-Waitrose%2C_Tarvin_Road%2C_Chester_-_geograph.org.uk_-_4340416.jpg
  [2258] 'Vinagre de table coloré' -> https://upload.wikimedia.org/wikipedia/commons/thumb/c/cc/Star-sizes.jpg/500px-Star-sizes.jpg
  [2259] 'Aceite de oliva Virgen extra' -> https://upload.wikimedia.org/wikipedia/commons/thumb/a/ad/Tostas_de_aceite_de_oliva_virgen_extra_-_xurde.jpg/500px-Tostas_de_aceite_de_oliva_virgen_extra_-_xurde.jpg
  [2262] 'Vinagre Simply japonés arroz' -> https://upload.wikimedia.org/wikipedia/commons/thumb/a/a9/Saitaku_Udon_noodles%2C_Provenierswijk%2C_Rotterdam_%282023%29_01.jpg/500px-Saitaku_Udon_noodles%2C_Provenierswijk%2C_Rotterdam_%282023%29_01.jpg
  [commons.wikimedia.org] 429 intento 1, esperando 39s ...
  [2263] 'vinagre Reisessig' -> https://upload.wikimedia.org/wikipedia/commons/3/34/Yutaka_Abe.jpg
  [2267] 'Sidra con el mother Vinagre ecológico manzana' -> https://upload.wikimedia.org/wikipedia/commons/thumb/5/51/Making_vinegar_in_the_home_and_on_the_farm_%28IA_CAT85821826%29.pdf/page1-500px-Making_vinegar_in_the_home_and_on_the_farm_%28IA_CAT85821826%29.pdf.jpg
  [commons.wikimedia.org] 429 intento 1, esperando 39s ...
  [2268] 'Vinagre de manzana de Norma Biosonne' -> https://upload.wikimedia.org/wikipedia/commons/thumb/6/69/The_First_and_second_Part_of_the_troublesome_Raigne_of_John_King_of_England._With_the_discouerie_of_King_Richard_Cordelions_Base_sonne_%28vulgarly_named%2C_the_Bastard_Fawconbridge-%29_Also_%28IA_firstsecondparto00shak%29.pdf/page1-500px-thumbnail.pdf.jpg
  [2272] 'Sidra con miel y jengibre Vinagre manzana' -> https://upload.wikimedia.org/wikipedia/commons/thumb/e/e8/Facts_about_honey_.._%28IA_factsabouthoney00dada%29.pdf/page1-500px-Facts_about_honey_.._%28IA_factsabouthoney00dada%29.pdf.jpg
  [2273] 'Vinagre de vino rojo aromatisé frambuesa' -> https://upload.wikimedia.org/wikipedia/commons/thumb/d/df/ES_Maille_im_Winter.jpg/500px-ES_Maille_im_Winter.jpg
  [2274] 'Sidra Vinagre ecológico manzana' -> https://upload.wikimedia.org/wikipedia/commons/thumb/5/51/Making_vinegar_in_the_home_and_on_the_farm_%28IA_CAT85821826%29.pdf/page1-500px-Making_vinegar_in_the_home_and_on_the_farm_%28IA_CAT85821826%29.pdf.jpg
  [commons.wikimedia.org] 429 intento 1, esperando 39s ...
  [2278] 'Vinagre Balsámico de Módena' -> https://upload.wikimedia.org/wikipedia/commons/d/d5/Jorge_Luis_Borges_Hotel.jpg
  [2279] 'Vinagre Balsamic drizzle' -> https://upload.wikimedia.org/wikipedia/commons/thumb/5/57/Vinegar_and_cheese.jpg/500px-Vinegar_and_cheese.jpg
  [commons.wikimedia.org] 429 intento 1, esperando 40s ...
  [2281] 'Balsamico' -> https://upload.wikimedia.org/wikipedia/commons/thumb/7/7e/Balsamico-1.jpg/500px-Balsamico-1.jpg
  [2283] 'Vinagre balsámico de MODENE ecológico CAUVIN' -> https://upload.wikimedia.org/wikipedia/commons/thumb/e/e7/Raoul_Cauvin%2C_2012_%28cropped%29.jpg/500px-Raoul_Cauvin%2C_2012_%28cropped%29.jpg
  [2284] 'Vinagre de vino rojo affiné en fût de chêne 7° bouteille en verrede' -> https://upload.wikimedia.org/wikipedia/commons/thumb/4/4d/Periodic_table_large.svg/500px-Periodic_table_large.svg.png
  [2285] 'Melfort' -> https://upload.wikimedia.org/wikipedia/commons/thumb/4/4e/Melfort_banner.jpg/500px-Melfort_banner.jpg
  [commons.wikimedia.org] 429 intento 1, esperando 39s ...
  [2287] 'Vinagre de Cidre Normand' -> https://upload.wikimedia.org/wikipedia/commons/thumb/d/d7/45._Martin-Pouret._Logotype.jpg/500px-45._Martin-Pouret._Logotype.jpg
  [2289] "Crema all' &quot;vinagre balsámico di modena IGP&quot;" -> https://upload.wikimedia.org/wikipedia/commons/thumb/f/fe/Spacio_Conad_%282%29.jpg/500px-Spacio_Conad_%282%29.jpg
  [2290] 'Vinagre de alcool cristal' -> https://upload.wikimedia.org/wikipedia/commons/thumb/9/9d/%2795_Rover_Mini_Cooper_Grand_Prix_%28Toronto_Spring_%2712_Classic_Car_Auction%29.JPG/500px-%2795_Rover_Mini_Cooper_Grand_Prix_%28Toronto_Spring_%2712_Classic_Car_Auction%29.JPG
  [2292] 'Vinagre francés de vino rojo' -> https://upload.wikimedia.org/wikipedia/commons/thumb/b/b5/El_vino_de_Maguey_-_t%C3%A9sis_para_el_ex%C3%A1men_profesional_de_medicina%2C_ciruj%C3%ADa_y_obstetricia_%28IA_101183809.nlm.nih.gov%29.pdf/page1-500px-El_vino_de_Maguey_-_t%C3%A9sis_para_el_ex%C3%A1men_profesional_de_medicina%2C_ciruj%C3%ADa_y_obstetricia_%28IA_101183809.nlm.nih.gov%29.pdf.jpg
  [commons.wikimedia.org] 429 intento 1, esperando 37s ...
  [2293] "Vinagre de alcool coloré (6% d'acidité) 1 litre - €co +" -> https://upload.wikimedia.org/wikipedia/commons/thumb/b/b1/Bourg-la-Reine_-_B%C3%A2timent_de_l%27ancienne_cr%C3%A8che_Leclerc_en_2024.jpg/500px-Bourg-la-Reine_-_B%C3%A2timent_de_l%27ancienne_cr%C3%A8che_Leclerc_en_2024.jpg
  [2294] 'Balsamic Glaze' -> https://upload.wikimedia.org/wikipedia/commons/thumb/0/01/Pork_with_balsamic_glaze_%281126952114%29.jpg/500px-Pork_with_balsamic_glaze_%281126952114%29.jpg
  [2296] 'Vinagre balsamique (Vinagre balsamique 25cl)' -> https://upload.wikimedia.org/wikipedia/commons/thumb/0/0e/001_Dante_Nello_Carapelli_con_il_nipote_Franco_Emilio%2C_Firenze%2C_Piazza_San_Felice%2C_1935.jpg/500px-001_Dante_Nello_Carapelli_con_il_nipote_Franco_Emilio%2C_Firenze%2C_Piazza_San_Felice%2C_1935.jpg
  [2297] 'Vinagre de cidre, Non pasteurisé, Non filtré' -> https://upload.wikimedia.org/wikipedia/commons/thumb/a/a7/Toshiba_la_vie_claire_%2788.jpg/500px-Toshiba_la_vie_claire_%2788.jpg
  [2299] 'Vinagre arroz' -> https://upload.wikimedia.org/wikipedia/commons/thumb/a/aa/Asian_specialties_from_Vitasia_in_Lidl_Winschoten_%282018%29.jpg/500px-Asian_specialties_from_Vitasia_in_Lidl_Winschoten_%282018%29.jpg
  [commons.wikimedia.org] 429 intento 1, esperando 39s ...
  [2300] 'Vinagre de manzana ecológico non fitrato' -> https://upload.wikimedia.org/wikipedia/commons/5/57/Carlo_Ponti_1951.jpg
  [2302] 'Vinagre ecológico de sidra de manzana sin filtrar' -> https://upload.wikimedia.org/wikipedia/commons/thumb/b/bc/Busto_Arsizio_notizie_storico_statistiche.djvu/page1-500px-Busto_Arsizio_notizie_storico_statistiche.djvu.jpg
  [2303] 'Vinaigrette Natural allégée en matières grasses*' -> https://upload.wikimedia.org/wikipedia/commons/thumb/2/22/Auchan%2C_Le_Pontet%2C_Vaucluse%2C_France.jpg/500px-Auchan%2C_Le_Pontet%2C_Vaucluse%2C_France.jpg
  [2304] 'sazonadores para Sushi arroz' -> https://upload.wikimedia.org/wikipedia/commons/thumb/7/7f/KIKKOMAN_Corporation_head_office.jpg/500px-KIKKOMAN_Corporation_head_office.jpg
  [2305] 'Vinagre d alcool 8%' -> https://upload.wikimedia.org/wikipedia/commons/9/9a/Wolf_Cond%C3%A9.jpg
  [2306] 'Vinagre de Xérès' -> https://upload.wikimedia.org/wikipedia/commons/thumb/1/12/Vinagre_en_rama_Pedro_Xim%C3%A9nez.jpg/500px-Vinagre_en_rama_Pedro_Xim%C3%A9nez.jpg
  [commons.wikimedia.org] 429 intento 1, esperando 40s ...
  [2307] 'Vinagre blanco arroz imp' -> https://upload.wikimedia.org/wikipedia/commons/thumb/3/39/Dragon_Ljubljana.jpg/500px-Dragon_Ljubljana.jpg
  [2308] 'Vinagre SPAL TRULY SUFFOLE gre 303 tas blanco WINE' -> https://upload.wikimedia.org/wikipedia/commons/thumb/2/2c/B1077_Aspall_Road%2C_Aspall_-_geograph.org.uk_-_4638246.jpg/500px-B1077_Aspall_Road%2C_Aspall_-_geograph.org.uk_-_4638246.jpg
  [2309] 'Vinagre de Jerez reserva' -> https://upload.wikimedia.org/wikipedia/commons/thumb/e/e0/I_Love_Hacendado_%28469984295%29.jpg/500px-I_Love_Hacendado_%28469984295%29.jpg
  [2310] 'Vinagre de Orléans' -> https://upload.wikimedia.org/wikipedia/commons/thumb/d/d7/45._Martin-Pouret._Logotype.jpg/500px-45._Martin-Pouret._Logotype.jpg
  [2312] 'condimento blanc' -> https://upload.wikimedia.org/wikipedia/commons/thumb/0/02/Carrefour_55-o.art.pub-carrefour-02.jpg/500px-Carrefour_55-o.art.pub-carrefour-02.jpg
  [2313] 'Sojasaus' -> https://upload.wikimedia.org/wikipedia/commons/thumb/7/7f/KIKKOMAN_Corporation_head_office.jpg/500px-KIKKOMAN_Corporation_head_office.jpg
  [commons.wikimedia.org] 429 intento 1, esperando 39s ...
  [2315] 'Salsa soja con teneur en sal réduite' -> https://upload.wikimedia.org/wikipedia/commons/thumb/7/7f/KIKKOMAN_Corporation_head_office.jpg/500px-KIKKOMAN_Corporation_head_office.jpg
  [2320] 'salsa soja (réduite en sal -40%)' -> https://upload.wikimedia.org/wikipedia/commons/thumb/b/b0/Camp_Tanoshi_140621-M-OC926-014.jpg/500px-Camp_Tanoshi_140621-M-OC926-014.jpg
  [2323] 'Salsa premium soja' -> https://upload.wikimedia.org/wikipedia/commons/thumb/d/d3/Lee_Kum_Kee_Black_Bean_Garlic_Sauce.JPG/500px-Lee_Kum_Kee_Black_Bean_Garlic_Sauce.JPG
  [2324] 'salsa YAKITORI' -> https://upload.wikimedia.org/wikipedia/commons/thumb/7/7f/KIKKOMAN_Corporation_head_office.jpg/500px-KIKKOMAN_Corporation_head_office.jpg
  [commons.wikimedia.org] 429 intento 1, esperando 40s ...
  [2326] 'SOS SOIA' -> https://upload.wikimedia.org/wikipedia/commons/thumb/7/7f/KIKKOMAN_Corporation_head_office.jpg/500px-KIKKOMAN_Corporation_head_office.jpg
  [2327] 'Salsa de soja Tamari' -> https://upload.wikimedia.org/wikipedia/commons/thumb/7/7b/Soja_Sauce_zum_Sushi_%2825966205154%29.jpg/500px-Soja_Sauce_zum_Sushi_%2825966205154%29.jpg
  [2328] "Lkk'salsa s premium negro soja" -> https://upload.wikimedia.org/wikipedia/commons/thumb/d/d3/Lee_Kum_Kee_Black_Bean_Garlic_Sauce.JPG/500px-Lee_Kum_Kee_Black_Bean_Garlic_Sauce.JPG
  [2329] 'salsa soja BIO' -> https://upload.wikimedia.org/wikipedia/commons/thumb/9/99/Le_petit_jardin_Bio_du_19_rue_St_Malo.jpg/500px-Le_petit_jardin_Bio_du_19_rue_St_Malo.jpg
  [commons.wikimedia.org] 429 intento 1, esperando 39s ...
  [2332] 'Salsa de soja (Variedad 2332)' -> https://upload.wikimedia.org/wikipedia/commons/thumb/2/26/Revue_des_Deux_Mondes_-_1832_-_tome_5.djvu/page1-500px-Revue_des_Deux_Mondes_-_1832_-_tome_5.djvu.jpg
  [2333] 'KIKKOMAN Natürlich Gebraute Salzreduzierte Sojasauce 6,99 € Inhalt: 0,975 Liter 7,17 € / Liter' -> https://upload.wikimedia.org/wikipedia/commons/thumb/7/7f/KIKKOMAN_Corporation_head_office.jpg/500px-KIKKOMAN_Corporation_head_office.jpg
  [2336] 'SALSA MOLHO soja' -> https://upload.wikimedia.org/wikipedia/commons/thumb/7/7b/Soja_Sauce_zum_Sushi_%2825966205154%29.jpg/500px-Soja_Sauce_zum_Sushi_%2825966205154%29.jpg
  [commons.wikimedia.org] 429 intento 1, esperando 40s ...
  [2337] 'Dragon chef' -> https://upload.wikimedia.org/wikipedia/commons/thumb/f/f2/Mar%C3%A9chal_des_logis-chef_porte-aigle_du_19e_r%C3%A9giment_de_dragons%2C_1805.jpg/500px-Mar%C3%A9chal_des_logis-chef_porte-aigle_du_19e_r%C3%A9giment_de_dragons%2C_1805.jpg
  [2338] 'Tamari less sal -25%' -> https://upload.wikimedia.org/wikipedia/commons/thumb/d/d6/Lima_public_square.jpg/500px-Lima_public_square.jpg
  [2339] 'salsa soja Sans Gluten' -> https://upload.wikimedia.org/wikipedia/commons/thumb/7/7f/KIKKOMAN_Corporation_head_office.jpg/500px-KIKKOMAN_Corporation_head_office.jpg
  [2340] 'Salsa suave soja' -> https://upload.wikimedia.org/wikipedia/commons/thumb/0/0d/Thin_%28light%29_soy_sauce.jpg/500px-Thin_%28light%29_soy_sauce.jpg
  [2341] 'Salsa negro soja' -> https://upload.wikimedia.org/wikipedia/commons/thumb/6/6f/Amoy_Harbour_MET_DP165634.jpg/500px-Amoy_Harbour_MET_DP165634.jpg
  [commons.wikimedia.org] 429 intento 1, esperando 39s ...
  [2344] 'Salsa de soja shoyu mild' -> https://upload.wikimedia.org/wikipedia/commons/thumb/d/d6/Lima_public_square.jpg/500px-Lima_public_square.jpg
  [2345] 'Dragon' -> https://upload.wikimedia.org/wikipedia/commons/thumb/e/e8/Komodo_dragon_%28Varanus_komodoensis%29.jpg/500px-Komodo_dragon_%28Varanus_komodoensis%29.jpg
  [2346] 'Salsa Superior suave soja' -> https://upload.wikimedia.org/wikipedia/commons/thumb/d/de/Farmers%27_Bulletin._No._0973%2C_1918_-_The_soy_bean_-_its_culture_and_uses_%28IA_CAT87202617%29.pdf/page1-500px-Farmers%27_Bulletin._No._0973%2C_1918_-_The_soy_bean_-_its_culture_and_uses_%28IA_CAT87202617%29.pdf.jpg
  [2347] 'Véritable tamari - Salsa de soja' -> https://upload.wikimedia.org/wikipedia/commons/thumb/5/54/Lindau_-_Un_voyage_autour_du_Japon.djvu/page1-500px-Lindau_-_Un_voyage_autour_du_Japon.djvu.jpg
  [2348] 'Salsa Pad thai' -> https://upload.wikimedia.org/wikipedia/commons/thumb/2/25/Hoi_Lai_Pad_Phrik_Pao75.jpg/500px-Hoi_Lai_Pad_Phrik_Pao75.jpg
  [commons.wikimedia.org] 429 intento 1, esperando 38s ...
  [2351] 'Salsa de soja con champiñones' -> https://upload.wikimedia.org/wikipedia/commons/thumb/1/1a/Flickr_-_aktivioslo_-_Jessy_Matador_-_Frankrike.jpg/500px-Flickr_-_aktivioslo_-_Jessy_Matador_-_Frankrike.jpg
  [2354] 'Shoyu traditionnel' -> https://upload.wikimedia.org/wikipedia/commons/thumb/4/47/Trigault_-_Lettre_du_R_P_Trigaut_escrite_a_ceux_de_la_mesme_Compagnie%2C_1609.djvu/page1-500px-Trigault_-_Lettre_du_R_P_Trigaut_escrite_a_ceux_de_la_mesme_Compagnie%2C_1609.djvu.jpg
  [commons.wikimedia.org] 429 intento 1, esperando 39s ...
  [2355] 'Szójaszósz' -> https://upload.wikimedia.org/wikipedia/commons/thumb/f/fc/Heinz_Aktie.jpg/500px-Heinz_Aktie.jpg
  [2357] 'Salsa Tamari soya strong' -> https://upload.wikimedia.org/wikipedia/commons/thumb/d/d6/Lima_public_square.jpg/500px-Lima_public_square.jpg
  [2358] 'Mild Shoyu' -> https://upload.wikimedia.org/wikipedia/commons/thumb/d/d6/Lima_public_square.jpg/500px-Lima_public_square.jpg
  [2359] 'Salsa suave shoyu soja' -> https://upload.wikimedia.org/wikipedia/commons/thumb/d/d6/Lima_public_square.jpg/500px-Lima_public_square.jpg
  [2361] 'Preserved negro frijoles con chile' -> https://upload.wikimedia.org/wikipedia/commons/thumb/9/9a/Laoganma_stirred_rice_hby1.jpg/500px-Laoganma_stirred_rice_hby1.jpg
  [commons.wikimedia.org] 429 intento 1, esperando 39s ...
  [2362] 'Salsa de soja Orgánico Tamari less sal 25%' -> https://upload.wikimedia.org/wikipedia/commons/thumb/d/d6/Lima_public_square.jpg/500px-Lima_public_square.jpg
  [2363] 'Salsa Tamari soya' -> https://upload.wikimedia.org/wikipedia/commons/thumb/6/63/Soy_sauce_2.jpg/500px-Soy_sauce_2.jpg
  [2364] 'Salsa Reduced sal Soy' -> https://upload.wikimedia.org/wikipedia/commons/thumb/6/6f/Amoy_Harbour_MET_DP165634.jpg/500px-Amoy_Harbour_MET_DP165634.jpg
  [2365] 'Shoyu' -> https://upload.wikimedia.org/wikipedia/commons/thumb/5/54/Lindau_-_Un_voyage_autour_du_Japon.djvu/page1-500px-Lindau_-_Un_voyage_autour_du_Japon.djvu.jpg
  [2366] 'soja Tamari' -> https://upload.wikimedia.org/wikipedia/commons/thumb/8/88/Tamari.jpg/500px-Tamari.jpg
  [2367] 'salsa soja Tamari' -> https://upload.wikimedia.org/wikipedia/commons/thumb/7/7b/Soja_Sauce_zum_Sushi_%2825966205154%29.jpg/500px-Soja_Sauce_zum_Sushi_%2825966205154%29.jpg
  [2368] 'Salsa ecológico Tamari soja' -> https://upload.wikimedia.org/wikipedia/commons/3/34/Yutaka_Abe.jpg
  [commons.wikimedia.org] 429 intento 1, esperando 39s ...
  [2370] 'Salsa ecológico soja' -> https://upload.wikimedia.org/wikipedia/commons/thumb/f/f7/Wanjashan_Organic_Worcestershire_Sauce.png/500px-Wanjashan_Organic_Worcestershire_Sauce.png
  [2371] 'Salsa Less sal Soy' -> https://upload.wikimedia.org/wikipedia/commons/thumb/7/7f/KIKKOMAN_Corporation_head_office.jpg/500px-KIKKOMAN_Corporation_head_office.jpg
  [2373] 'Salsa de soja francés salée' -> https://upload.wikimedia.org/wikipedia/commons/thumb/f/f9/Jasserie_Coq_noir_HCForez.jpg/500px-Jasserie_Coq_noir_HCForez.jpg
  [2374] 'Salsa KIKKOMAN sin gluten soja' -> https://upload.wikimedia.org/wikipedia/commons/thumb/7/7f/KIKKOMAN_Corporation_head_office.jpg/500px-KIKKOMAN_Corporation_head_office.jpg
  [commons.wikimedia.org] 429 intento 1, esperando 39s ...
  [2375] 'Salsa soja bio suave shoyu' -> https://upload.wikimedia.org/wikipedia/commons/thumb/d/d6/Lima_public_square.jpg/500px-Lima_public_square.jpg
  [2376] 'Liquid Aminos' -> https://upload.wikimedia.org/wikipedia/commons/thumb/b/be/Application_of_Light_Scattering_to_Polymers%2C_Liquid_Crystals%2C_and_Biological_Systems_%28IA_jresv86n6p571_A1b%29.pdf/page1-500px-Application_of_Light_Scattering_to_Polymers%2C_Liquid_Crystals%2C_and_Biological_Systems_%28IA_jresv86n6p571_A1b%29.pdf.jpg
  [2377] 'Shoyu - salsa soja' -> https://upload.wikimedia.org/wikipedia/commons/thumb/7/7b/Soja_Sauce_zum_Sushi_%2825966205154%29.jpg/500px-Soja_Sauce_zum_Sushi_%2825966205154%29.jpg
  [2380] 'Salsa Strong Tamari soy' -> https://upload.wikimedia.org/wikipedia/commons/thumb/d/d6/Lima_public_square.jpg/500px-Lima_public_square.jpg
  [2381] 'salsa soja japonaise' -> https://upload.wikimedia.org/wikipedia/commons/f/fa/Boni.jpg
  [commons.wikimedia.org] 429 intento 1, esperando 40s ...
  [2382] 'Salsa elaborado Soy' -> https://upload.wikimedia.org/wikipedia/commons/thumb/d/de/Sushi_Express_brewing_soy_sauce_5g_20170429_rear.jpg/500px-Sushi_Express_brewing_soy_sauce_5g_20170429_rear.jpg
  [2383] 'Salsa de soja sucrée' -> https://upload.wikimedia.org/wikipedia/commons/thumb/5/54/Lindau_-_Un_voyage_autour_du_Japon.djvu/page1-500px-Lindau_-_Un_voyage_autour_du_Japon.djvu.jpg
  [2384] 'Salsa Poke' -> https://upload.wikimedia.org/wikipedia/commons/thumb/3/34/Miso_Aubergine_and_California_Salmon_poke_bowls_-_Island_Pok%C3%A9_2023-08-13.jpg/500px-Miso_Aubergine_and_California_Salmon_poke_bowls_-_Island_Pok%C3%A9_2023-08-13.jpg
  [2386] 'Salsa Chili frijol' -> https://upload.wikimedia.org/wikipedia/commons/thumb/5/5b/Lamb_Chops_With_Guajillo_Chili_Sauce_and_Charro_Beans.jpg/500px-Lamb_Chops_With_Guajillo_Chili_Sauce_and_Charro_Beans.jpg
  [2387] 'Salsa di soia' -> https://upload.wikimedia.org/wikipedia/commons/thumb/8/84/Salsa_Lentis_Nesler.jpg/500px-Salsa_Lentis_Nesler.jpg
  [2388] 'Shoyu traditionnel - salsa soja' -> https://upload.wikimedia.org/wikipedia/commons/thumb/5/54/Lindau_-_Un_voyage_autour_du_Japon.djvu/page1-500px-Lindau_-_Un_voyage_autour_du_Japon.djvu.jpg
  [2389] 'Sojasauce Sushi' -> https://upload.wikimedia.org/wikipedia/commons/thumb/3/33/Sushi_mit_Ingwer_und_Sojasauce_%2826545048276%29.jpg/500px-Sushi_mit_Ingwer_und_Sojasauce_%2826545048276%29.jpg
  [2390] 'salsa soja - épicée' -> https://upload.wikimedia.org/wikipedia/commons/thumb/b/b0/Camp_Tanoshi_140621-M-OC926-014.jpg/500px-Camp_Tanoshi_140621-M-OC926-014.jpg
  [commons.wikimedia.org] 429 intento 1, esperando 39s ...
  [2391] 'Salsa Healthy boy brand thin soy soja' -> https://upload.wikimedia.org/wikipedia/commons/thumb/8/89/The_Boy_Travellers_in_South_America.djvu/page1-500px-The_Boy_Travellers_in_South_America.djvu.jpg
  [2392] 'salsa shoyu allégé en sal' -> https://upload.wikimedia.org/wikipedia/commons/thumb/5/54/Lindau_-_Un_voyage_autour_du_Japon.djvu/page1-500px-Lindau_-_Un_voyage_autour_du_Japon.djvu.jpg
  [2394] 'Salsa Tamari soya less sal' -> https://upload.wikimedia.org/wikipedia/commons/thumb/d/d6/Lima_public_square.jpg/500px-Lima_public_square.jpg
  [2395] 'Salsa premium suave soja' -> https://upload.wikimedia.org/wikipedia/commons/thumb/d/d3/Lee_Kum_Kee_Black_Bean_Garlic_Sauce.JPG/500px-Lee_Kum_Kee_Black_Bean_Garlic_Sauce.JPG
  [commons.wikimedia.org] 429 intento 1, esperando 40s ...
  [2396] 'salsa soja Caramélisée' -> https://upload.wikimedia.org/wikipedia/commons/thumb/4/49/Korean_hat-Ayam-01.jpg/500px-Korean_hat-Ayam-01.jpg
  [2397] 'Stir FRY dulce soja, Jengibre y ajo' -> https://upload.wikimedia.org/wikipedia/commons/thumb/5/53/Asda_and_M%26S_Simply_Food_-_geograph.org.uk_-_4227132.jpg/500px-Asda_and_M%26S_Simply_Food_-_geograph.org.uk_-_4227132.jpg
  [2399] 'Salsa Oyakata Soy Noodles' -> https://upload.wikimedia.org/wikipedia/commons/thumb/5/55/Kyodori_Oyakata_2017-04-09.jpg/500px-Kyodori_Oyakata_2017-04-09.jpg
  [2401] 'salsa soja Claire' -> https://upload.wikimedia.org/wikipedia/commons/thumb/a/a9/Vi%E1%BB%87n_Ki%E1%BB%83m_S%C3%A1t_Nh%C3%A2n_D%C3%A2n_Qu%E1%BA%ADn_Hoan_Ki%C3%AAm_%282017%29.jpg/500px-Vi%E1%BB%87n_Ki%E1%BB%83m_S%C3%A1t_Nh%C3%A2n_D%C3%A2n_Qu%E1%BA%ADn_Hoan_Ki%C3%AAm_%282017%29.jpg
  [2402] 'Shoyu Mild 28% de sal en Moins' -> https://upload.wikimedia.org/wikipedia/commons/thumb/d/d6/Lima_public_square.jpg/500px-Lima_public_square.jpg
  [2403] 'Ketjap Manis' -> https://upload.wikimedia.org/wikipedia/commons/thumb/b/ba/Kecap_manis_%26_kecap_asin.jpg/500px-Kecap_manis_%26_kecap_asin.jpg
  [2404] 'Salsa negro soja imp' -> https://upload.wikimedia.org/wikipedia/commons/thumb/3/39/Dragon_Ljubljana.jpg/500px-Dragon_Ljubljana.jpg
  [commons.wikimedia.org] 429 intento 1, esperando 40s ...
  [2405] 'salsa Ketjap Manis' -> https://upload.wikimedia.org/wikipedia/commons/thumb/b/ba/Kecap_manis_%26_kecap_asin.jpg/500px-Kecap_manis_%26_kecap_asin.jpg
  [2406] 'Premium Donkere Sojasaus' -> https://upload.wikimedia.org/wikipedia/commons/thumb/d/d3/Lee_Kum_Kee_Black_Bean_Garlic_Sauce.JPG/500px-Lee_Kum_Kee_Black_Bean_Garlic_Sauce.JPG
  [2408] 'Salsa Blue dragon Soy imp' -> https://upload.wikimedia.org/wikipedia/commons/thumb/3/39/Dragon_Ljubljana.jpg/500px-Dragon_Ljubljana.jpg
  [2409] 'Shoyu allegé en sal' -> https://upload.wikimedia.org/wikipedia/commons/thumb/5/54/Lindau_-_Un_voyage_autour_du_Japon.djvu/page1-500px-Lindau_-_Un_voyage_autour_du_Japon.djvu.jpg
  [2410] 'Salsa Superior negro soja' -> https://upload.wikimedia.org/wikipedia/commons/thumb/3/3c/Soy_and_related_fermentations_%28IA_soyrelatedfermen1152chur%29.pdf/page1-500px-Soy_and_related_fermentations_%28IA_soyrelatedfermen1152chur%29.pdf.jpg
  [2412] 'Salsa japonés estilo negro soja' -> https://upload.wikimedia.org/wikipedia/commons/thumb/7/7f/Child-life_in_Japan_and_Japanese_child_stories_%28Ayrton%2C_Matilida_Chaplin._%2C_1901%29.djvu/page1-500px-Child-life_in_Japan_and_Japanese_child_stories_%28Ayrton%2C_Matilida_Chaplin._%2C_1901%29.djvu.jpg
  [2413] 'Marinade barbecue coréen pour bulgogi' -> https://upload.wikimedia.org/wikipedia/commons/thumb/b/b0/Camp_Tanoshi_140621-M-OC926-014.jpg/500px-Camp_Tanoshi_140621-M-OC926-014.jpg
  [commons.wikimedia.org] 429 intento 1, esperando 39s ...
  [2414] 'Salsa de soja tradicional' -> https://upload.wikimedia.org/wikipedia/commons/thumb/8/88/Salman_and_Katrina_snapped_leaving_for_Bangkok_schedule_of_%27Ek_Tha_Tiger%27_%284%29.jpg/500px-Salman_and_Katrina_snapped_leaving_for_Bangkok_schedule_of_%27Ek_Tha_Tiger%27_%284%29.jpg
  [2415] 'Salsa Soy dulce' -> https://upload.wikimedia.org/wikipedia/commons/thumb/f/fd/Sweet_soy_sauce.jpg/500px-Sweet_soy_sauce.jpg
  [2416] 'salsa soja épaise Maggi Vietnam' -> https://upload.wikimedia.org/wikipedia/commons/thumb/5/51/Maggi_Hambling_2006.jpg/500px-Maggi_Hambling_2006.jpg
  [2417] 'Salsa dulce soy-gluten sin' -> https://upload.wikimedia.org/wikipedia/commons/thumb/f/fd/Sweet_soy_sauce.jpg/500px-Sweet_soy_sauce.jpg
  [2418] 'Salsa Teriyaki stir fry' -> https://upload.wikimedia.org/wikipedia/commons/thumb/a/a5/J._Sainsbury%27s_supermarket_Camden_Road%2C_London.jpg/500px-J._Sainsbury%27s_supermarket_Camden_Road%2C_London.jpg
  [2419] 'Salsa Kikkoman tamari soy gf' -> https://upload.wikimedia.org/wikipedia/commons/thumb/7/7f/KIKKOMAN_Corporation_head_office.jpg/500px-KIKKOMAN_Corporation_head_office.jpg
  [2420] 'Salsa dulce soja' -> https://upload.wikimedia.org/wikipedia/commons/thumb/4/40/Salsa_soja_dulce.jpg/500px-Salsa_soja_dulce.jpg
  [2421] 'Tamari' -> https://upload.wikimedia.org/wikipedia/commons/thumb/8/88/Tamari.jpg/500px-Tamari.jpg
  [commons.wikimedia.org] 429 intento 1, esperando 39s ...
  [2422] 'Salsa Shoyu soja -30% de sal en moins' -> https://upload.wikimedia.org/wikipedia/commons/thumb/e/e7/Catalogue_des_plantes_plus_ou_moins_rares_de_la_vall%C3%A9e_de_la_Meuse%2C_de_Li%C3%A9ge_%C3%A0_Maestricht_%28IA_jstor-20790538%29.pdf/page1-500px-Catalogue_des_plantes_plus_ou_moins_rares_de_la_vall%C3%A9e_de_la_Meuse%2C_de_Li%C3%A9ge_%C3%A0_Maestricht_%28IA_jstor-20790538%29.pdf.jpg
  [2423] 'Salsa soja' -> https://upload.wikimedia.org/wikipedia/commons/thumb/4/40/Salsa_soja_dulce.jpg/500px-Salsa_soja_dulce.jpg
  [2424] 'salsa soja Exotic alimento' -> https://upload.wikimedia.org/wikipedia/commons/thumb/8/8e/Exotic_foods_in_Pattaya.jpg/500px-Exotic_foods_in_Pattaya.jpg
  [2426] 'Salsa Fish imp' -> https://upload.wikimedia.org/wikipedia/commons/thumb/3/39/Dragon_Ljubljana.jpg/500px-Dragon_Ljubljana.jpg
  [2428] 'Sauc Nuoc Mam' -> https://upload.wikimedia.org/wikipedia/commons/thumb/4/49/Korean_hat-Ayam-01.jpg/500px-Korean_hat-Ayam-01.jpg
  [2430] 'salsa nuoc mam (salsa nuoc mam 150ml)' -> https://upload.wikimedia.org/wikipedia/commons/thumb/2/26/Revue_des_Deux_Mondes_-_1832_-_tome_5.djvu/page1-500px-Revue_des_Deux_Mondes_-_1832_-_tome_5.djvu.jpg
  [2431] 'Salsa Fisch / Fischsauce' -> https://upload.wikimedia.org/wikipedia/commons/thumb/a/ac/Fighting_Cock.jpg/500px-Fighting_Cock.jpg
  [commons.wikimedia.org] 429 intento 1, esperando 39s ...
  [2432] 'Salsa de pescado 725 ML Squid Brand (nam pla)' -> https://upload.wikimedia.org/wikipedia/commons/thumb/9/9c/Squid_Champong_ramyun_20210114_003.jpg/500px-Squid_Champong_ramyun_20210114_003.jpg
  [2433] 'salsa nuoc mam veggie' -> https://upload.wikimedia.org/wikipedia/commons/thumb/5/54/Lindau_-_Un_voyage_autour_du_Japon.djvu/page1-500px-Lindau_-_Un_voyage_autour_du_Japon.djvu.jpg
  [2434] 'Salsa de anchoas Nuöc mam' -> https://upload.wikimedia.org/wikipedia/commons/thumb/8/8e/Exotic_foods_in_Pattaya.jpg/500px-Exotic_foods_in_Pattaya.jpg
  [2435] 'Nuoc Mam Salsa de pescado' -> https://upload.wikimedia.org/wikipedia/commons/thumb/e/ed/Anchovies_for_fish_sauce.jpg/500px-Anchovies_for_fish_sauce.jpg
  [2436] 'Salsa Fish 3 crabes' -> https://upload.wikimedia.org/wikipedia/commons/thumb/8/85/One_hundred_ways_of_cooking_fish_%28IA_onehundredwaysof00fili_0%29.pdf/page1-500px-One_hundred_ways_of_cooking_fish_%28IA_onehundredwaysof00fili_0%29.pdf.jpg
  [2437] 'Salsa de pescado' -> https://upload.wikimedia.org/wikipedia/commons/thumb/7/77/Filete_de_pescado_en_salsa_de_mariscos_09092009.JPG/500px-Filete_de_pescado_en_salsa_de_mariscos_09092009.JPG
  [commons.wikimedia.org] 429 intento 1, esperando 39s ...
  [2442] 'salsa pescado nuoc mam' -> https://upload.wikimedia.org/wikipedia/commons/thumb/a/ac/Fighting_Cock.jpg/500px-Fighting_Cock.jpg
  [commons.wikimedia.org] 429 intento 1, esperando 39s ...
  [2443] 'Salsa de pescado (nuoc mam)' -> https://upload.wikimedia.org/wikipedia/commons/thumb/8/8a/Phu_quoc_3.jpg/500px-Phu_quoc_3.jpg
  [2447] 'salsa Ponzu au Yuzu' -> https://upload.wikimedia.org/wikipedia/commons/thumb/2/2f/Example_4_Shibanuma.png/500px-Example_4_Shibanuma.png
  [2448] 'salsa nuoc mam au gingembre' -> https://upload.wikimedia.org/wikipedia/commons/thumb/f/fb/Mei-Mei_in_1975_SF_photo_by_Nancy_Wong.jpg/500px-Mei-Mei_in_1975_SF_photo_by_Nancy_Wong.jpg
  [commons.wikimedia.org] 429 intento 1, esperando 39s ...
  [2449] 'Vegane Fischsoße' -> https://upload.wikimedia.org/wikipedia/commons/thumb/a/ac/Charm_of_nature.jpg/500px-Charm_of_nature.jpg
  [2450] 'Zuvies padazas' -> https://upload.wikimedia.org/wikipedia/commons/0/04/Dress_of_Oji_and_Aji.jpg
  [2452] 'Salsa Nam pla fish' -> https://upload.wikimedia.org/wikipedia/commons/thumb/3/35/Phrik_nam_pla.jpg/500px-Phrik_nam_pla.jpg
  [2453] "Receta d'asiesauce nuoc mam" -> https://upload.wikimedia.org/wikipedia/commons/thumb/2/22/Auchan%2C_Le_Pontet%2C_Vaucluse%2C_France.jpg/500px-Auchan%2C_Le_Pontet%2C_Vaucluse%2C_France.jpg
  [2454] 'Pescado Salsa premium' -> https://upload.wikimedia.org/wikipedia/commons/thumb/a/ac/Catalog_season_1922_-_Brent%27s_premium_seeds_-_the_C.S._Brent_Seed_Co._Incorporated._%28IA_CAT31306998%29.pdf/page1-500px-Catalog_season_1922_-_Brent%27s_premium_seeds_-_the_C.S._Brent_Seed_Co._Incorporated._%28IA_CAT31306998%29.pdf.jpg
  [2456] 'salsa pescado phu Quoc' -> https://upload.wikimedia.org/wikipedia/commons/thumb/a/ac/Fighting_Cock.jpg/500px-Fighting_Cock.jpg
  [2457] 'Salsa Pantai Encurtido de Fish' -> https://upload.wikimedia.org/wikipedia/commons/thumb/5/51/Pantai_sejile.jpg/500px-Pantai_sejile.jpg
  [commons.wikimedia.org] 429 intento 1, esperando 40s ...
  [2458] 'Pescado con ajo Salsa Instant, Chile' -> https://upload.wikimedia.org/wikipedia/commons/thumb/4/4f/Longdan_tiger.png/500px-Longdan_tiger.png
  [2459] 'Salsa Fish Nuoc mam' -> https://upload.wikimedia.org/wikipedia/commons/thumb/e/ed/Anchovies_for_fish_sauce.jpg/500px-Anchovies_for_fish_sauce.jpg
  [2460] 'Mini nems con Pouletsauce nuoc-mâm' -> https://upload.wikimedia.org/wikipedia/commons/thumb/2/22/Auchan%2C_Le_Pontet%2C_Vaucluse%2C_France.jpg/500px-Auchan%2C_Le_Pontet%2C_Vaucluse%2C_France.jpg
  [2461] 'Salsa Fish - sazonadores para asian cooking' -> https://upload.wikimedia.org/wikipedia/commons/thumb/9/93/Markets_for_U.S._soybeans_and_soybean_products_in_Asia_and_Oceania_%28IA_marketsforussoyb227spil%29.pdf/page1-500px-Markets_for_U.S._soybeans_and_soybean_products_in_Asia_and_Oceania_%28IA_marketsforussoyb227spil%29.pdf.jpg
  [2463] 'Salsa Nuoc Mam Fish' -> https://upload.wikimedia.org/wikipedia/commons/thumb/e/ed/Anchovies_for_fish_sauce.jpg/500px-Anchovies_for_fish_sauce.jpg
  [commons.wikimedia.org] 429 intento 1, esperando 39s ...
  [2464] 'Pescado Salsa Authentic tailandés' -> https://upload.wikimedia.org/wikipedia/commons/thumb/f/fb/Thai_Fried_Rice_with_Chicken_-_Kao_Gang_%282440905796%29.jpg/500px-Thai_Fried_Rice_with_Chicken_-_Kao_Gang_%282440905796%29.jpg
  [2465] 'Sos rybny' -> https://upload.wikimedia.org/wikipedia/commons/thumb/c/c8/Mannerheim_-_Across_Asia_from_West_to_East_in_1906-08_%281909%2C_1940%2C_1969%29_vol_1.pdf/page1-500px-Mannerheim_-_Across_Asia_from_West_to_East_in_1906-08_%281909%2C_1940%2C_1969%29_vol_1.pdf.jpg
  [2470] 'El Baraka Mermelada de Albaricoques / Damascos' -> https://upload.wikimedia.org/wikipedia/commons/thumb/4/4a/Restaurant_El_Baraka%2C_Kairouan%2C_Tunisia.JPG/500px-Restaurant_El_Baraka%2C_Kairouan%2C_Tunisia.JPG
  [2471] 'Mermelada de albaricoque Délicia' -> https://upload.wikimedia.org/wikipedia/commons/thumb/8/89/Delicia_Head_Office_and_Logistics_center_from_Matsumoto_Airport_2018.jpg/500px-Delicia_Head_Office_and_Logistics_center_from_Matsumoto_Airport_2018.jpg
  [2472] 'Delicia' -> https://upload.wikimedia.org/wikipedia/commons/thumb/8/89/Delicia_Head_Office_and_Logistics_center_from_Matsumoto_Airport_2018.jpg/500px-Delicia_Head_Office_and_Logistics_center_from_Matsumoto_Airport_2018.jpg
  [commons.wikimedia.org] 429 intento 1, esperando 39s ...
  [2473] 'Mermelada de fresa Intense' -> https://upload.wikimedia.org/wikipedia/commons/thumb/c/c6/Bonne_Maman_Pineapple_-_Yuzu_Spread.jpg/500px-Bonne_Maman_Pineapple_-_Yuzu_Spread.jpg
  [2474] 'Mermelada extra de Fresas' -> https://upload.wikimedia.org/wikipedia/commons/thumb/c/c6/Bonne_Maman_Pineapple_-_Yuzu_Spread.jpg/500px-Bonne_Maman_Pineapple_-_Yuzu_Spread.jpg
  [2477] 'Arándano Intense' -> https://upload.wikimedia.org/wikipedia/commons/thumb/c/c6/Bonne_Maman_Pineapple_-_Yuzu_Spread.jpg/500px-Bonne_Maman_Pineapple_-_Yuzu_Spread.jpg
  [2480] 'Mermelada abricot' -> https://upload.wikimedia.org/wikipedia/commons/thumb/c/c6/Bonne_Maman_Pineapple_-_Yuzu_Spread.jpg/500px-Bonne_Maman_Pineapple_-_Yuzu_Spread.jpg
  [commons.wikimedia.org] 429 intento 1, esperando 40s ...
  [2482] 'Framboise Intense' -> https://upload.wikimedia.org/wikipedia/commons/thumb/c/c6/Bonne_Maman_Pineapple_-_Yuzu_Spread.jpg/500px-Bonne_Maman_Pineapple_-_Yuzu_Spread.jpg
  [2483] 'Mermelada Abricot INTENSE' -> https://upload.wikimedia.org/wikipedia/commons/thumb/c/c6/Bonne_Maman_Pineapple_-_Yuzu_Spread.jpg/500px-Bonne_Maman_Pineapple_-_Yuzu_Spread.jpg
  [2484] 'Mermelada Frambuesas' -> https://upload.wikimedia.org/wikipedia/commons/thumb/e/e5/Filloa_con_mermelada_de_frambuesa.jpg/500px-Filloa_con_mermelada_de_frambuesa.jpg
  [2486] 'Fresa -30% de sucres Mermelada' -> https://upload.wikimedia.org/wikipedia/commons/thumb/9/94/Frasco_de_vidrio_de_mermelada_de_fresa_artesanal_en_la_Fonda_Garufa.jpg/500px-Frasco_de_vidrio_de_mermelada_de_fresa_artesanal_en_la_Fonda_Garufa.jpg
  [2487] 'Mermelada' -> https://upload.wikimedia.org/wikipedia/commons/thumb/3/36/Mermelada_de_naranja.JPG/500px-Mermelada_de_naranja.JPG
  [2489] 'Konfitura Morelowa *EL Baraka*' -> https://upload.wikimedia.org/wikipedia/commons/thumb/8/84/Al_Baraka_Bank_Egypt.jpg/500px-Al_Baraka_Bank_Egypt.jpg
  [2490] 'Mermelada frutos rojos intenses' -> https://upload.wikimedia.org/wikipedia/commons/thumb/c/c6/Bonne_Maman_Pineapple_-_Yuzu_Spread.jpg/500px-Bonne_Maman_Pineapple_-_Yuzu_Spread.jpg
  [2491] 'Fresa' -> https://upload.wikimedia.org/wikipedia/commons/thumb/9/91/SOTETSU_FRESA_INN%2C_Fujisawa_Shonandai.jpg/500px-SOTETSU_FRESA_INN%2C_Fujisawa_Shonandai.jpg
  [commons.wikimedia.org] 429 intento 1, esperando 39s ...
  [2492] 'Mermelada de Albaricoques / Damascos extra aïcha' -> https://upload.wikimedia.org/wikipedia/commons/thumb/5/58/A%C3%AFcha_Chenna_2016.jpg/500px-A%C3%AFcha_Chenna_2016.jpg
  [2494] 'Confitura de fresas 0% azúcares añadidos' -> https://upload.wikimedia.org/wikipedia/commons/thumb/e/e6/Hoagie_Hero_Sub_Sandwich.jpg/500px-Hoagie_Hero_Sub_Sandwich.jpg
  [2496] 'Mermelada de frambuesa 70%' -> https://upload.wikimedia.org/wikipedia/commons/thumb/f/f6/Pot-confiture-Framboise-Bonne-Maman-Fete-des-Mere-byRundvald.jpg/500px-Pot-confiture-Framboise-Bonne-Maman-Fete-des-Mere-byRundvald.jpg
  [2497] 'Doce Extra Fresa fresa' -> https://upload.wikimedia.org/wikipedia/commons/thumb/e/ef/Maribel_Wisconsin_Fire_Department.jpg/500px-Maribel_Wisconsin_Fire_Department.jpg
  [commons.wikimedia.org] 429 intento 1, esperando 40s ...
  [2498] 'Mermelada extra de Arándanos' -> https://upload.wikimedia.org/wikipedia/commons/thumb/c/c6/Bonne_Maman_Pineapple_-_Yuzu_Spread.jpg/500px-Bonne_Maman_Pineapple_-_Yuzu_Spread.jpg
  [2500] 'Strawberry Conserve' -> https://upload.wikimedia.org/wikipedia/commons/thumb/8/88/Az-Strawberry_jam%2C_making_by_e-citizen_%28moonsun1981%29.JPG/500px-Az-Strawberry_jam%2C_making_by_e-citizen_%28moonsun1981%29.JPG
  [2502] 'Mermelada clémentines y Naranjas de Corse' -> https://upload.wikimedia.org/wikipedia/commons/thumb/0/03/Court_-_De_l%E2%80%99empoisonnement_par_le_tabac_et_de_son_traitement_chez_nos_animaux_domestiques.djvu/page1-500px-Court_-_De_l%E2%80%99empoisonnement_par_le_tabac_et_de_son_traitement_chez_nos_animaux_domestiques.djvu.jpg
  [2504] 'Mermelada extra Arándano' -> https://upload.wikimedia.org/wikipedia/commons/thumb/9/94/Pav%C3%A9_Bio_Carrefour_-_1.jpg/500px-Pav%C3%A9_Bio_Carrefour_-_1.jpg
  [commons.wikimedia.org] 429 intento 1, esperando 39s ...
  [2505] 'Mermelada Fresas' -> https://upload.wikimedia.org/wikipedia/commons/thumb/9/94/Frasco_de_vidrio_de_mermelada_de_fresa_artesanal_en_la_Fonda_Garufa.jpg/500px-Frasco_de_vidrio_de_mermelada_de_fresa_artesanal_en_la_Fonda_Garufa.jpg
  [2506] 'Confitura de Fresa 0%' -> https://upload.wikimedia.org/wikipedia/commons/thumb/9/99/Tarta-de-queso-y-fresa-venta-aurelio-restaurante-chipiona.JPG/500px-Tarta-de-queso-y-fresa-venta-aurelio-restaurante-chipiona.JPG
  [2507] 'Mermelada 4 Cítricos' -> https://upload.wikimedia.org/wikipedia/commons/thumb/3/3c/Caricature_de_L%C3%A9once_Rousset_dans_Le_Merle_blanc_du_17_avril_1920.jpg/500px-Caricature_de_L%C3%A9once_Rousset_dans_Le_Merle_blanc_du_17_avril_1920.jpg
  [2510] 'Mermelada Cerise INTENSE' -> https://upload.wikimedia.org/wikipedia/commons/thumb/c/c6/Bonne_Maman_Pineapple_-_Yuzu_Spread.jpg/500px-Bonne_Maman_Pineapple_-_Yuzu_Spread.jpg
  [2511] 'Mermelada de figues violettes' -> https://upload.wikimedia.org/wikipedia/commons/thumb/c/c6/Bonne_Maman_Pineapple_-_Yuzu_Spread.jpg/500px-Bonne_Maman_Pineapple_-_Yuzu_Spread.jpg
  [2512] 'Confitura de melocotones 0% azúcares añadidos' -> https://upload.wikimedia.org/wikipedia/commons/thumb/e/e6/Hoagie_Hero_Sub_Sandwich.jpg/500px-Hoagie_Hero_Sub_Sandwich.jpg
  [commons.wikimedia.org] 429 intento 1, esperando 39s ...
  [2517] 'Mermelada châtaigne' -> https://upload.wikimedia.org/wikipedia/commons/thumb/c/c6/Bonne_Maman_Pineapple_-_Yuzu_Spread.jpg/500px-Bonne_Maman_Pineapple_-_Yuzu_Spread.jpg
  [2518] 'Emotion' -> https://upload.wikimedia.org/wikipedia/commons/thumb/2/27/Emotions_according_to_the_Atlas_of_Personality%2C_Emotion_and_Behaviour.svg/500px-Emotions_according_to_the_Atlas_of_Personality%2C_Emotion_and_Behaviour.svg.png
  [2520] 'Fresa y frambuesa intense mermeladas moins sucrée' -> https://upload.wikimedia.org/wikipedia/commons/thumb/c/c6/Bonne_Maman_Pineapple_-_Yuzu_Spread.jpg/500px-Bonne_Maman_Pineapple_-_Yuzu_Spread.jpg
  [commons.wikimedia.org] 429 intento 1, esperando 40s ...
  [2522] 'Mermelada de Albaricoques / Damascos allégée en sucres' -> https://upload.wikimedia.org/wikipedia/commons/thumb/e/ef/Maribel_Wisconsin_Fire_Department.jpg/500px-Maribel_Wisconsin_Fire_Department.jpg
  [2523] 'Marmelade Bonne Maman Naranjas Amères' -> https://upload.wikimedia.org/wikipedia/commons/thumb/c/c6/Bonne_Maman_Pineapple_-_Yuzu_Spread.jpg/500px-Bonne_Maman_Pineapple_-_Yuzu_Spread.jpg
  [2524] 'Raspberry Conserve' -> https://upload.wikimedia.org/wikipedia/commons/thumb/8/8a/Raspberry_culture_%28IA_CAT31290556%29.pdf/page1-500px-Raspberry_culture_%28IA_CAT31290556%29.pdf.jpg
  [2525] 'Mermelada extra frambuesa' -> https://upload.wikimedia.org/wikipedia/commons/thumb/9/94/Pav%C3%A9_Bio_Carrefour_-_1.jpg/500px-Pav%C3%A9_Bio_Carrefour_-_1.jpg
  [2527] 'Heidelbeer Marmelade' -> https://upload.wikimedia.org/wikipedia/commons/thumb/e/ef/Maribel_Wisconsin_Fire_Department.jpg/500px-Maribel_Wisconsin_Fire_Department.jpg
  [2528] 'Mermelada Bonne Maman - Mirabelle ciruela, (13oz)' -> https://upload.wikimedia.org/wikipedia/commons/thumb/c/c6/Bonne_Maman_Pineapple_-_Yuzu_Spread.jpg/500px-Bonne_Maman_Pineapple_-_Yuzu_Spread.jpg
  [commons.wikimedia.org] 429 intento 1, esperando 39s ...
  [2529] 'Segmen' -> https://upload.wikimedia.org/wikipedia/commons/thumb/d/d3/Toadflax_%28Linaria_elatine%29%3B_flowering_stem_and_floral_segmen_Wellcome_V0044203.jpg/500px-Toadflax_%28Linaria_elatine%29%3B_flowering_stem_and_floral_segmen_Wellcome_V0044203.jpg
  [2531] 'Mermelada de fresa' -> https://upload.wikimedia.org/wikipedia/commons/thumb/9/94/Frasco_de_vidrio_de_mermelada_de_fresa_artesanal_en_la_Fonda_Garufa.jpg/500px-Frasco_de_vidrio_de_mermelada_de_fresa_artesanal_en_la_Fonda_Garufa.jpg
  [2532] 'Mermelada Bonne Maman 4 frutas' -> https://upload.wikimedia.org/wikipedia/commons/thumb/c/c6/Bonne_Maman_Pineapple_-_Yuzu_Spread.jpg/500px-Bonne_Maman_Pineapple_-_Yuzu_Spread.jpg
  [2533] 'Confitura de cereza' -> https://upload.wikimedia.org/wikipedia/commons/thumb/e/e6/Hoagie_Hero_Sub_Sandwich.jpg/500px-Hoagie_Hero_Sub_Sandwich.jpg
  [2534] 'Compotée frutos rojos' -> https://upload.wikimedia.org/wikipedia/commons/thumb/c/c6/Bonne_Maman_Pineapple_-_Yuzu_Spread.jpg/500px-Bonne_Maman_Pineapple_-_Yuzu_Spread.jpg
  [commons.wikimedia.org] 429 intento 1, esperando 39s ...
  [2535] 'Mermelada de Albaricoques / Damascos rouges de Roussillon' -> https://upload.wikimedia.org/wikipedia/commons/thumb/3/37/Flat_-_Nos_femmes_de_lettres.djvu/page1-500px-Flat_-_Nos_femmes_de_lettres.djvu.jpg
  [2536] 'Mermelada Lingonberry, Ecológico' -> https://upload.wikimedia.org/wikipedia/commons/thumb/3/34/Ikea_almhult.jpg/500px-Ikea_almhult.jpg
  [2538] 'Orange amère, intense - Mermelada moins sucrée' -> https://upload.wikimedia.org/wikipedia/commons/thumb/c/c6/Bonne_Maman_Pineapple_-_Yuzu_Spread.jpg/500px-Bonne_Maman_Pineapple_-_Yuzu_Spread.jpg
  [2539] 'Fresa 65% de frutas Mermelada' -> https://upload.wikimedia.org/wikipedia/commons/thumb/4/4d/Periodic_table_large.svg/500px-Periodic_table_large.svg.png
  [2540] 'frutos rojos' -> https://upload.wikimedia.org/wikipedia/commons/thumb/6/6c/Frutos_rojos_en_la_Condesa_M%C3%A9xico.jpg/500px-Frutos_rojos_en_la_Condesa_M%C3%A9xico.jpg
  [commons.wikimedia.org] 429 intento 1, esperando 40s ...
  [2544] 'Mermelada de Albaricoques / Damascos con azúcar de caña' -> https://upload.wikimedia.org/wikipedia/commons/thumb/9/94/Pav%C3%A9_Bio_Carrefour_-_1.jpg/500px-Pav%C3%A9_Bio_Carrefour_-_1.jpg
  [2545] 'Mermelada extra de Fresas ALLEGEE 50% frutas' -> https://upload.wikimedia.org/wikipedia/commons/5/5a/Paquito_Alc%C3%A1cer.jpg
  [commons.wikimedia.org] 429 intento 1, esperando 39s ...
  [2547] 'Kissan Mixed fruta Jam' -> https://upload.wikimedia.org/wikipedia/commons/thumb/c/c1/Kissan_with_curret_snake.jpg/500px-Kissan_with_curret_snake.jpg
  [2549] 'Gelée de Coing' -> https://upload.wikimedia.org/wikipedia/commons/thumb/a/a9/Banon_et_gel%C3%A9e_de_coing.JPG/500px-Banon_et_gel%C3%A9e_de_coing.JPG
  [2551] 'Himbeermarmelade' -> https://upload.wikimedia.org/wikipedia/commons/thumb/e/ef/Maribel_Wisconsin_Fire_Department.jpg/500px-Maribel_Wisconsin_Fire_Department.jpg
  [commons.wikimedia.org] 429 intento 1, esperando 40s ...
  [2552] 'Mermelada de fresa Allégée en sucres' -> https://upload.wikimedia.org/wikipedia/commons/thumb/3/3c/Caricature_de_L%C3%A9once_Rousset_dans_Le_Merle_blanc_du_17_avril_1920.jpg/500px-Caricature_de_L%C3%A9once_Rousset_dans_Le_Merle_blanc_du_17_avril_1920.jpg
  [2553] 'Mermelada Bonne Maman - francés fresa y Wild fresa, (13oz)' -> https://upload.wikimedia.org/wikipedia/commons/thumb/c/c6/Bonne_Maman_Pineapple_-_Yuzu_Spread.jpg/500px-Bonne_Maman_Pineapple_-_Yuzu_Spread.jpg
  [2554] 'Mermelada de Arándanos' -> https://upload.wikimedia.org/wikipedia/commons/thumb/7/7d/Andros_town.JPG/500px-Andros_town.JPG
  [2556] 'Fraise Intense' -> https://upload.wikimedia.org/wikipedia/commons/thumb/c/c6/Bonne_Maman_Pineapple_-_Yuzu_Spread.jpg/500px-Bonne_Maman_Pineapple_-_Yuzu_Spread.jpg
  [2557] 'Mermelada Arándano y cassis intenses' -> https://upload.wikimedia.org/wikipedia/commons/thumb/c/c6/Bonne_Maman_Pineapple_-_Yuzu_Spread.jpg/500px-Bonne_Maman_Pineapple_-_Yuzu_Spread.jpg
  [2558] 'Mermelada Arándanos' -> https://upload.wikimedia.org/wikipedia/commons/thumb/e/e0/I_Love_Hacendado_%28469984295%29.jpg/500px-I_Love_Hacendado_%28469984295%29.jpg
  [2559] 'Confitura de melocotón 0%' -> https://upload.wikimedia.org/wikipedia/commons/thumb/e/e0/I_Love_Hacendado_%28469984295%29.jpg/500px-I_Love_Hacendado_%28469984295%29.jpg
  [2560] 'Mermelada 4 frutos rojos' -> https://upload.wikimedia.org/wikipedia/commons/thumb/5/5d/Mermelada_casera.png/500px-Mermelada_casera.png
  [commons.wikimedia.org] 429 intento 1, esperando 38s ...
  [2561] 'Mermelada de mango' -> https://upload.wikimedia.org/wikipedia/commons/thumb/3/37/Mango_strained_after_being_cooked_for_canning.jpg/500px-Mango_strained_after_being_cooked_for_canning.jpg
  [2562] 'Mermelada Bonne Maman Cerezas Griottes' -> https://upload.wikimedia.org/wikipedia/commons/thumb/c/c6/Bonne_Maman_Pineapple_-_Yuzu_Spread.jpg/500px-Bonne_Maman_Pineapple_-_Yuzu_Spread.jpg
  [2563] 'Mermelada de Fresas ecológico' -> https://upload.wikimedia.org/wikipedia/commons/thumb/e/ed/Palais_des_Comtes_de_provence_%28Brignoles%29.JPG/500px-Palais_des_Comtes_de_provence_%28Brignoles%29.JPG
  [2569] 'Confitura de albaricoques azúcares añadidos' -> https://upload.wikimedia.org/wikipedia/commons/thumb/e/e6/Hoagie_Hero_Sub_Sandwich.jpg/500px-Hoagie_Hero_Sub_Sandwich.jpg
  [commons.wikimedia.org] 429 intento 1, esperando 40s ...
  [2570] 'Mermelada, 70% de cerise' -> https://upload.wikimedia.org/wikipedia/commons/thumb/3/3c/Caricature_de_L%C3%A9once_Rousset_dans_Le_Merle_blanc_du_17_avril_1920.jpg/500px-Caricature_de_L%C3%A9once_Rousset_dans_Le_Merle_blanc_du_17_avril_1920.jpg
  [2571] 'Feketeáfonya extradzsem' -> https://upload.wikimedia.org/wikipedia/commons/thumb/e/ef/Maribel_Wisconsin_Fire_Department.jpg/500px-Maribel_Wisconsin_Fire_Department.jpg
  [2572] 'Mermelada de Melocotones / Duraznos' -> https://upload.wikimedia.org/wikipedia/commons/thumb/c/c6/Bonne_Maman_Pineapple_-_Yuzu_Spread.jpg/500px-Bonne_Maman_Pineapple_-_Yuzu_Spread.jpg
  [2573] 'Mermelada Figue INTENSE' -> https://upload.wikimedia.org/wikipedia/commons/thumb/c/c6/Bonne_Maman_Pineapple_-_Yuzu_Spread.jpg/500px-Bonne_Maman_Pineapple_-_Yuzu_Spread.jpg
  [2574] 'Mermelada extra de frambuesa imp Jardin ecológico' -> https://upload.wikimedia.org/wikipedia/commons/thumb/6/68/Doe_Lea_Nature_Reserve_Entrance_-_geograph.org.uk_-_675461.jpg/500px-Doe_Lea_Nature_Reserve_Entrance_-_geograph.org.uk_-_675461.jpg
  [2576] 'Mixed fruta Jam' -> https://upload.wikimedia.org/wikipedia/commons/thumb/c/c1/Kissan_with_curret_snake.jpg/500px-Kissan_with_curret_snake.jpg
  [2577] 'Mermelada frambuesa 65% de frutas' -> https://upload.wikimedia.org/wikipedia/commons/thumb/4/4d/Periodic_table_large.svg/500px-Periodic_table_large.svg.png
  [commons.wikimedia.org] 429 intento 1, esperando 39s ...
  [2578] 'Meruňkový džem' -> https://upload.wikimedia.org/wikipedia/commons/thumb/e/ef/Maribel_Wisconsin_Fire_Department.jpg/500px-Maribel_Wisconsin_Fire_Department.jpg
  [2579] 'Mermelada de fresa allégée pot de' -> https://upload.wikimedia.org/wikipedia/commons/thumb/4/4d/Periodic_table_large.svg/500px-Periodic_table_large.svg.png
  [2585] 'Mermelada Cerezas negras' -> https://upload.wikimedia.org/wikipedia/commons/thumb/c/c6/Bonne_Maman_Pineapple_-_Yuzu_Spread.jpg/500px-Bonne_Maman_Pineapple_-_Yuzu_Spread.jpg
  [2586] 'Mermelada extra ecológico Arándanos' -> https://upload.wikimedia.org/wikipedia/commons/thumb/e/ef/Maribel_Wisconsin_Fire_Department.jpg/500px-Maribel_Wisconsin_Fire_Department.jpg
  [commons.wikimedia.org] 429 intento 1, esperando 40s ...
  [2589] 'Mermelada frambuesa' -> https://upload.wikimedia.org/wikipedia/commons/thumb/e/e5/Filloa_con_mermelada_de_frambuesa.jpg/500px-Filloa_con_mermelada_de_frambuesa.jpg
  [2590] 'Diet arándanos y frambuesas' -> https://upload.wikimedia.org/wikipedia/commons/thumb/e/e6/Hoagie_Hero_Sub_Sandwich.jpg/500px-Hoagie_Hero_Sub_Sandwich.jpg
  [2591] 'Conservas Les Comtes de Provence - albaricoque, (12.3oz) frasco' -> https://upload.wikimedia.org/wikipedia/commons/thumb/e/ed/Palais_des_Comtes_de_provence_%28Brignoles%29.JPG/500px-Palais_des_Comtes_de_provence_%28Brignoles%29.JPG
  [2592] 'Mermelada melocotón' -> https://upload.wikimedia.org/wikipedia/commons/thumb/e/e0/I_Love_Hacendado_%28469984295%29.jpg/500px-I_Love_Hacendado_%28469984295%29.jpg
  [2595] 'Mermelada figues' -> https://upload.wikimedia.org/wikipedia/commons/thumb/b/b3/Jielbeaumadier_carrefour_canaux_coppenaxfort_2010.jpg/500px-Jielbeaumadier_carrefour_canaux_coppenaxfort_2010.jpg
  [commons.wikimedia.org] 429 intento 1, esperando 40s ...
  [2597] 'Albaricoque (65% de fruta)' -> https://upload.wikimedia.org/wikipedia/commons/thumb/c/c5/Flore_d%27Am%C3%A9rique%2C_dessin%C3%A9e_d%27apr%C3%A8s_nature_sur_les_lieux._Riche_collection_de_plantes_les_plus_remarquables%2C_fleurs_%26_fruits_de_grosseur_%26_de_grandeur_naturelle_%28IA_FloredquotAmeYr00Deni%29.pdf/page1-500px-thumbnail.pdf.jpg
  [2598] 'Mermelada Arándanos y Cassis' -> https://upload.wikimedia.org/wikipedia/commons/thumb/c/c6/Bonne_Maman_Pineapple_-_Yuzu_Spread.jpg/500px-Bonne_Maman_Pineapple_-_Yuzu_Spread.jpg
  [2599] 'Mermelada Mures' -> https://upload.wikimedia.org/wikipedia/commons/thumb/c/c6/Bonne_Maman_Pineapple_-_Yuzu_Spread.jpg/500px-Bonne_Maman_Pineapple_-_Yuzu_Spread.jpg
  [2600] 'Bonne Maman Strawberry y Wild Strawberry' -> https://upload.wikimedia.org/wikipedia/commons/thumb/c/c6/Bonne_Maman_Pineapple_-_Yuzu_Spread.jpg/500px-Bonne_Maman_Pineapple_-_Yuzu_Spread.jpg
  [2602] 'Mermelada de fresas de temporada' -> https://upload.wikimedia.org/wikipedia/commons/thumb/e/e6/Hoagie_Hero_Sub_Sandwich.jpg/500px-Hoagie_Hero_Sub_Sandwich.jpg
  [2603] 'Mermelada pêche intense' -> https://upload.wikimedia.org/wikipedia/commons/thumb/c/c6/Bonne_Maman_Pineapple_-_Yuzu_Spread.jpg/500px-Bonne_Maman_Pineapple_-_Yuzu_Spread.jpg
  [2605] 'Mermelada Bitter naranja Fine en rodajas' -> https://upload.wikimedia.org/wikipedia/commons/thumb/3/39/The_Southern_cook_book_of_fine_old_recipes.pdf/page1-500px-The_Southern_cook_book_of_fine_old_recipes.pdf.jpg
  [commons.wikimedia.org] 429 intento 1, esperando 38s ...
  [2608] 'Mermelada allégée Frambuesas' -> https://upload.wikimedia.org/wikipedia/commons/5/5a/Paquito_Alc%C3%A1cer.jpg
  [2610] 'Albaricoque 65% de frutas Mermelada' -> https://upload.wikimedia.org/wikipedia/commons/thumb/4/4d/Periodic_table_large.svg/500px-Periodic_table_large.svg.png
  [2611] 'Mermelada extra FIGUE' -> https://upload.wikimedia.org/wikipedia/commons/thumb/9/94/Pav%C3%A9_Bio_Carrefour_-_1.jpg/500px-Pav%C3%A9_Bio_Carrefour_-_1.jpg
  [2612] "Marmelade d'naranjas🍊 allégée en sucres" -> https://upload.wikimedia.org/wikipedia/commons/thumb/7/7d/Andros_town.JPG/500px-Andros_town.JPG
  [2613] 'Mermelada fresa extra (Variedad 2613)' -> https://upload.wikimedia.org/wikipedia/commons/thumb/7/7d/The_%27Stute_-_geograph.org.uk_-_17054.jpg/500px-The_%27Stute_-_geograph.org.uk_-_17054.jpg
  [2614] 'Mermelada Higo' -> https://upload.wikimedia.org/wikipedia/commons/thumb/f/fb/Mermelada_de_higos_%28Espa%C3%B1a%29.jpg/500px-Mermelada_de_higos_%28Espa%C3%B1a%29.jpg
  [commons.wikimedia.org] 429 intento 1, esperando 37s ...
  [2615] 'Mermelada Arándano 65% de frutas' -> https://upload.wikimedia.org/wikipedia/commons/thumb/4/4d/Periodic_table_large.svg/500px-Periodic_table_large.svg.png
  [2616] 'Mermelada Arándano sauvage' -> https://upload.wikimedia.org/wikipedia/commons/thumb/d/dd/Annales_du_Jardin_botanique_de_Buitenzorg._%28IA_mobot31753002207774%29.pdf/page1-500px-Annales_du_Jardin_botanique_de_Buitenzorg._%28IA_mobot31753002207774%29.pdf.jpg
  [2617] 'Aprikosenmarmelade' -> https://upload.wikimedia.org/wikipedia/commons/thumb/c/c2/Fr%C3%BChst%C3%BCckssemmel_mit_Aprikosenmarmelade_03.jpg/500px-Fr%C3%BChst%C3%BCckssemmel_mit_Aprikosenmarmelade_03.jpg
  [2618] 'Konfitüre Schwarze Johannisbeere' -> https://upload.wikimedia.org/wikipedia/commons/thumb/4/48/Satellite_image_of_Jamaica_in_November_2001.jpg/500px-Satellite_image_of_Jamaica_in_November_2001.jpg
  [2619] 'Mermelada de Arándanos ecológico' -> https://upload.wikimedia.org/wikipedia/commons/thumb/e/ef/Maribel_Wisconsin_Fire_Department.jpg/500px-Maribel_Wisconsin_Fire_Department.jpg
  [2621] 'Albaricoque goût de frutas' -> https://upload.wikimedia.org/wikipedia/commons/thumb/c/c6/Tamara_Moyzes.png/500px-Tamara_Moyzes.png
  [commons.wikimedia.org] 429 intento 1, esperando 40s ...
  [2622] 'Arándano (65% de fruta)' -> https://upload.wikimedia.org/wikipedia/commons/thumb/9/94/Pav%C3%A9_Bio_Carrefour_-_1.jpg/500px-Pav%C3%A9_Bio_Carrefour_-_1.jpg
  [2623] 'Mermelada de arándano orgánica' -> https://upload.wikimedia.org/wikipedia/commons/thumb/e/ed/Palais_des_Comtes_de_provence_%28Brignoles%29.JPG/500px-Palais_des_Comtes_de_provence_%28Brignoles%29.JPG
  [2624] 'Mermelada Extra Albaricoques / Damascos' -> https://upload.wikimedia.org/wikipedia/commons/thumb/c/c6/Bonne_Maman_Pineapple_-_Yuzu_Spread.jpg/500px-Bonne_Maman_Pineapple_-_Yuzu_Spread.jpg
  [2626] 'Mermelada extra Naranjas de Corse y Clémentines' -> https://upload.wikimedia.org/wikipedia/commons/thumb/c/cc/Mercure_de_France%2C_1895%2C_v._13-14.pdf/page1-500px-Mercure_de_France%2C_1895%2C_v._13-14.pdf.jpg
  [2627] 'Mermelada de naranja EL BARAKA' -> https://upload.wikimedia.org/wikipedia/commons/thumb/4/4a/Restaurant_El_Baraka%2C_Kairouan%2C_Tunisia.JPG/500px-Restaurant_El_Baraka%2C_Kairouan%2C_Tunisia.JPG
  [2628] 'Mermelada naranja' -> https://upload.wikimedia.org/wikipedia/commons/thumb/3/36/Mermelada_de_naranja.JPG/500px-Mermelada_de_naranja.JPG
  [2629] 'Naranja ecológico Mermelada' -> https://upload.wikimedia.org/wikipedia/commons/thumb/9/94/Pav%C3%A9_Bio_Carrefour_-_1.jpg/500px-Pav%C3%A9_Bio_Carrefour_-_1.jpg
  [2630] 'Mermelada Fine troceado Oxford' -> https://upload.wikimedia.org/wikipedia/commons/thumb/2/2a/An_American_at_Oxford_%28IA_americanatoxford00corbrich%29.pdf/page1-500px-An_American_at_Oxford_%28IA_americanatoxford00corbrich%29.pdf.jpg
  [commons.wikimedia.org] 429 intento 1, esperando 40s ...
  [2631] 'Mermelada de albaricoque' -> https://upload.wikimedia.org/wikipedia/commons/thumb/e/e0/I_Love_Hacendado_%28469984295%29.jpg/500px-I_Love_Hacendado_%28469984295%29.jpg
  [2632] "MARMELADE d'Naranjas ALLEGEE 35% frutas" -> https://upload.wikimedia.org/wikipedia/commons/5/5a/Paquito_Alc%C3%A1cer.jpg
  [2633] 'Mermelada de naranja amarga' -> https://upload.wikimedia.org/wikipedia/commons/thumb/f/fa/Mermelada_La_Vieja_F%C3%A1brica.jpg/500px-Mermelada_La_Vieja_F%C3%A1brica.jpg
  [2634] 'Especialidad de naranja 100% fruta' -> https://upload.wikimedia.org/wikipedia/commons/thumb/b/bb/Cath%C3%A9drale_Saint-Corentin_de_Quimper_%28Fl%C3%A8che_sud_vue_des_jardins%29.jpg/500px-Cath%C3%A9drale_Saint-Corentin_de_Quimper_%28Fl%C3%A8che_sud_vue_des_jardins%29.jpg
  [2635] "Mermelada de clémentine y d'orange récoltées en Corse pot de" -> https://upload.wikimedia.org/wikipedia/commons/thumb/3/37/Flat_-_Nos_femmes_de_lettres.djvu/page1-500px-Flat_-_Nos_femmes_de_lettres.djvu.jpg
  [2636] 'Mermelada Orange limón' -> https://upload.wikimedia.org/wikipedia/commons/5/5a/Paquito_Alc%C3%A1cer.jpg
  [commons.wikimedia.org] 429 intento 1, esperando 37s ...
  [2637] 'Orangen Marmelade' -> https://upload.wikimedia.org/wikipedia/commons/thumb/e/ef/Maribel_Wisconsin_Fire_Department.jpg/500px-Maribel_Wisconsin_Fire_Department.jpg
  [2638] "Frank Cooper's 'Oxford' Original Oxford Marmalade" -> https://upload.wikimedia.org/wikipedia/commons/thumb/e/ea/Oxford_Frideswide_Square.jpg/500px-Oxford_Frideswide_Square.jpg
  [2639] 'Mermelada Seville naranja' -> https://upload.wikimedia.org/wikipedia/commons/thumb/3/35/Seville_orange_marmalade_making.jpg/500px-Seville_orange_marmalade_making.jpg
  [2640] "Marmelade d'naranjas 40% frutas - ecológico" -> https://upload.wikimedia.org/wikipedia/commons/5/5a/Paquito_Alc%C3%A1cer.jpg
  [2641] 'fruta frutas Preserves' -> https://upload.wikimedia.org/wikipedia/commons/thumb/f/f1/Frutas%28Donnat%26Amaral%29.jpg/500px-Frutas%28Donnat%26Amaral%29.jpg
  [2643] 'Erdbeeren Konfitüre passiert' -> https://upload.wikimedia.org/wikipedia/commons/thumb/3/3d/Patrika_Darbo.jpg/500px-Patrika_Darbo.jpg
  [commons.wikimedia.org] 429 intento 1, esperando 40s ...
  [2644] 'Marmelade orange' -> https://upload.wikimedia.org/wikipedia/commons/thumb/9/96/Blood_orange_marmalade%2C_January_2011.jpg/500px-Blood_orange_marmalade%2C_January_2011.jpg
  [2648] 'Old English' -> https://upload.wikimedia.org/wikipedia/commons/thumb/c/c8/Old_english_sheepdog_Ch_Bobbyclown%27s_Dare_for_More.jpg/500px-Old_english_sheepdog_Ch_Bobbyclown%27s_Dare_for_More.jpg
  [2650] 'Erdbeermarmelade sin Zuckerzusatz' -> https://upload.wikimedia.org/wikipedia/commons/thumb/3/35/Bad-Schwartau_Brunnen_Im-Spiel-der-Wellen_Gesamtansicht.JPG/500px-Bad-Schwartau_Brunnen_Im-Spiel-der-Wellen_Gesamtansicht.JPG
  [commons.wikimedia.org] 429 intento 1, esperando 39s ...
  [2651] 'Mermelada Fine troceado naranja' -> https://upload.wikimedia.org/wikipedia/commons/thumb/4/42/%28Prices_on_all_varieties_of_orange_and_grapefruit_trees_for_season_1918_and_1919%29_-_Haines_City_Nurseries._%28IA_CAT31302553%29.pdf/page1-500px-%28Prices_on_all_varieties_of_orange_and_grapefruit_trees_for_season_1918_and_1919%29_-_Haines_City_Nurseries._%28IA_CAT31302553%29.pdf.jpg
  [2652] 'Mermelada Taste el Difference Bitter Seville naranja' -> https://upload.wikimedia.org/wikipedia/commons/thumb/3/3d/Sainsbury%27s_Taste_The_Difference_Pigs_%284526154618%29.jpg/500px-Sainsbury%27s_Taste_The_Difference_Pigs_%284526154618%29.jpg
  [2653] 'Mermelada naranja Medium troceado' -> https://upload.wikimedia.org/wikipedia/commons/thumb/4/42/%28Prices_on_all_varieties_of_orange_and_grapefruit_trees_for_season_1918_and_1919%29_-_Haines_City_Nurseries._%28IA_CAT31302553%29.pdf/page1-500px-%28Prices_on_all_varieties_of_orange_and_grapefruit_trees_for_season_1918_and_1919%29_-_Haines_City_Nurseries._%28IA_CAT31302553%29.pdf.jpg
  [2654] 'Mermelada clémentine Corse extra' -> https://upload.wikimedia.org/wikipedia/commons/thumb/3/36/Saint-Girons_-_Biocoop_-_20110307_%282%29.jpg/500px-Saint-Girons_-_Biocoop_-_20110307_%282%29.jpg
  [2656] "Mermelada con l'orange" -> https://upload.wikimedia.org/wikipedia/commons/thumb/0/02/Carrefour_55-o.art.pub-carrefour-02.jpg/500px-Carrefour_55-o.art.pub-carrefour-02.jpg
  [2658] "Limón y lime Rose's" -> https://upload.wikimedia.org/wikipedia/commons/thumb/4/40/Almanac_and_garden_manual_for_the_southern_states_of_the_J._Steckler_Seed_Co.%2C_Ltd_%28IA_CAT31295213%29.pdf/page1-500px-Almanac_and_garden_manual_for_the_southern_states_of_the_J._Steckler_Seed_Co.%2C_Ltd_%28IA_CAT31295213%29.pdf.jpg
  [commons.wikimedia.org] 429 intento 1, esperando 40s ...
  [2659] 'Orange amère intense' -> https://upload.wikimedia.org/wikipedia/commons/thumb/c/c6/Bonne_Maman_Pineapple_-_Yuzu_Spread.jpg/500px-Bonne_Maman_Pineapple_-_Yuzu_Spread.jpg
  [2660] "MARMELADE d'Naranjas 28% frutas" -> https://upload.wikimedia.org/wikipedia/commons/5/5a/Paquito_Alc%C3%A1cer.jpg
  [2661] 'Bittere Orangenmarmelade mit Schalenstreifen, Feinschnitt' -> https://upload.wikimedia.org/wikipedia/commons/thumb/6/67/Wellington_Koo_1945.jpg/500px-Wellington_Koo_1945.jpg
  [2662] 'Marmelade Aprikose' -> https://upload.wikimedia.org/wikipedia/commons/thumb/c/c6/Bonne_Maman_Pineapple_-_Yuzu_Spread.jpg/500px-Bonne_Maman_Pineapple_-_Yuzu_Spread.jpg
  [2663] "Marmelade D'Naranjas y de Mandarines con écorce Fine" -> https://upload.wikimedia.org/wikipedia/commons/thumb/a/ac/Wilkin_Jam_Company%2C_Tiptree%2C_Essex_-_geograph.org.uk_-_2016706.jpg/500px-Wilkin_Jam_Company%2C_Tiptree%2C_Essex_-_geograph.org.uk_-_2016706.jpg
  [2664] 'Marmelade Himbeere' -> https://upload.wikimedia.org/wikipedia/commons/thumb/3/35/Bad-Schwartau_Brunnen_Im-Spiel-der-Wellen_Gesamtansicht.JPG/500px-Bad-Schwartau_Brunnen_Im-Spiel-der-Wellen_Gesamtansicht.JPG
  [2665] 'Orange Amere' -> https://upload.wikimedia.org/wikipedia/commons/thumb/0/05/Citrus_aurantium_-_Bitter_orange_02.jpg/500px-Citrus_aurantium_-_Bitter_orange_02.jpg
  [commons.wikimedia.org] 429 intento 1, esperando 39s ...
  [2666] 'Marmellata Arance amare' -> https://upload.wikimedia.org/wikipedia/commons/thumb/e/e8/La_staffetta_partigiana_Caterina_Rigoni_Boemo.jpg/500px-La_staffetta_partigiana_Caterina_Rigoni_Boemo.jpg
  [2669] 'Marmellata Fragole Zero' -> https://upload.wikimedia.org/wikipedia/commons/thumb/0/01/Comstock_House%2C_Santa_Rosa_%282012%29.jpg/500px-Comstock_House%2C_Santa_Rosa_%282012%29.jpg
  [2670] "Marmelade allégée d'orange 30% de sucres en moins" -> https://upload.wikimedia.org/wikipedia/commons/8/8c/Monte_Carlo_Casino.jpg
  [2671] 'Vintage marmalade' -> https://upload.wikimedia.org/wikipedia/commons/thumb/5/5f/A_Basket_Full_of_Marmalade.jpg/500px-A_Basket_Full_of_Marmalade.jpg
  [commons.wikimedia.org] 429 intento 1, esperando 40s ...
  [2673] 'Marmelade Triple ZERO' -> https://upload.wikimedia.org/wikipedia/commons/thumb/2/2f/Aachen_Zentis_J%C3%BClicher_Stra%C3%9Fe.jpg/500px-Aachen_Zentis_J%C3%BClicher_Stra%C3%9Fe.jpg
  [2675] 'Confettura Di Ciliegie' -> https://upload.wikimedia.org/wikipedia/commons/thumb/3/34/Crostata_alla_confettura_di_ciliegie.jpg/500px-Crostata_alla_confettura_di_ciliegie.jpg
  [2676] 'Marmelade weniger azúcar' -> https://upload.wikimedia.org/wikipedia/commons/thumb/3/35/Bad-Schwartau_Brunnen_Im-Spiel-der-Wellen_Gesamtansicht.JPG/500px-Bad-Schwartau_Brunnen_Im-Spiel-der-Wellen_Gesamtansicht.JPG
  [2678] 'Mermelada dorado Shred' -> https://upload.wikimedia.org/wikipedia/commons/thumb/b/bc/Golden_Shred.jpg/500px-Golden_Shred.jpg
  [commons.wikimedia.org] 429 intento 1, esperando 39s ...
  [2679] 'Mermelada dorado Shredless' -> https://upload.wikimedia.org/wikipedia/commons/thumb/c/c4/Robertson%27s_Jam_Factory%2C_Droylsden%2C_2005.jpg/500px-Robertson%27s_Jam_Factory%2C_Droylsden%2C_2005.jpg
  [2680] 'Süße Orange/ Marmellata di arance' -> https://upload.wikimedia.org/wikipedia/commons/e/e9/Zuegg_payoff_ita.jpg
  [2683] 'Rosen Marillen Konfitüre' -> https://upload.wikimedia.org/wikipedia/commons/thumb/3/3d/Patrika_Darbo.jpg/500px-Patrika_Darbo.jpg
  [2684] 'Coffret assortiment' -> https://upload.wikimedia.org/wikipedia/commons/thumb/c/c6/Bonne_Maman_Pineapple_-_Yuzu_Spread.jpg/500px-Bonne_Maman_Pineapple_-_Yuzu_Spread.jpg
  [2686] 'Mermelada Thick troceado naranja' -> https://upload.wikimedia.org/wikipedia/commons/thumb/e/ef/Maribel_Wisconsin_Fire_Department.jpg/500px-Maribel_Wisconsin_Fire_Department.jpg
  [commons.wikimedia.org] 429 intento 1, esperando 40s ...
  [2689] 'Marmellata di pesche zero zuccheri' -> https://upload.wikimedia.org/wikipedia/commons/e/e9/Zuegg_payoff_ita.jpg
  [2690] 'Chivers Orangenmar' -> https://upload.wikimedia.org/wikipedia/commons/2/2f/Chris_chivers_2010.jpg
  [2691] 'Marmellata Di Mandarini Di Sicilia' -> https://upload.wikimedia.org/wikipedia/commons/thumb/f/fe/Spacio_Conad_%282%29.jpg/500px-Spacio_Conad_%282%29.jpg
  [2692] 'Mermelada de naranja amarga Diet' -> https://upload.wikimedia.org/wikipedia/commons/thumb/4/42/Las_Vegas_y_la_vieja_f%C3%A1brica_de_ERT_%28Guardo%29_-_panoramio.jpg/500px-Las_Vegas_y_la_vieja_f%C3%A1brica_de_ERT_%28Guardo%29_-_panoramio.jpg
  [2693] "Marmelade d'orange allégée pot de" -> https://upload.wikimedia.org/wikipedia/commons/thumb/4/4d/Periodic_table_large.svg/500px-Periodic_table_large.svg.png
  [commons.wikimedia.org] 429 intento 1, esperando 39s ...
  [2695] 'Mermelada (Variedad 2695)' -> https://upload.wikimedia.org/wikipedia/commons/thumb/7/73/Marmalade_spread_on_bread.jpg/500px-Marmalade_spread_on_bread.jpg
  [2696] 'Fior di frutta Arance Amare' -> https://upload.wikimedia.org/wikipedia/commons/thumb/e/e8/La_staffetta_partigiana_Caterina_Rigoni_Boemo.jpg/500px-La_staffetta_partigiana_Caterina_Rigoni_Boemo.jpg
  [2697] 'Schwarzkirsche Zero azúcar' -> https://upload.wikimedia.org/wikipedia/commons/thumb/3/35/Bad-Schwartau_Brunnen_Im-Spiel-der-Wellen_Gesamtansicht.JPG/500px-Bad-Schwartau_Brunnen_Im-Spiel-der-Wellen_Gesamtansicht.JPG
  [2698] 'Mermelada Spread naranja' -> https://upload.wikimedia.org/wikipedia/commons/thumb/4/42/%28Prices_on_all_varieties_of_orange_and_grapefruit_trees_for_season_1918_and_1919%29_-_Haines_City_Nurseries._%28IA_CAT31302553%29.pdf/page1-500px-%28Prices_on_all_varieties_of_orange_and_grapefruit_trees_for_season_1918_and_1919%29_-_Haines_City_Nurseries._%28IA_CAT31302553%29.pdf.jpg
  [2699] 'Marmelada Extra' -> https://upload.wikimedia.org/wikipedia/commons/thumb/a/a7/Continente_Colombo_%28Abril_2017%29.png/500px-Continente_Colombo_%28Abril_2017%29.png
  [commons.wikimedia.org] 429 intento 1, esperando 40s ...
  [2700] 'Mermelada de limones' -> https://upload.wikimedia.org/wikipedia/commons/thumb/4/4a/Restaurant_El_Baraka%2C_Kairouan%2C_Tunisia.JPG/500px-Restaurant_El_Baraka%2C_Kairouan%2C_Tunisia.JPG
  [2701] 'Mermelada fresa extra' -> https://upload.wikimedia.org/wikipedia/commons/thumb/7/7c/Women%27s_Beach_handball_Medallist_Ceremony_ROS19_19-03-2019_%2817%29_%28Ivana_Eliges%29.jpg/500px-Women%27s_Beach_handball_Medallist_Ceremony_ROS19_19-03-2019_%2817%29_%28Ivana_Eliges%29.jpg
  [2702] 'Fruity Orange Marmelade' -> https://upload.wikimedia.org/wikipedia/commons/2/2f/Chris_chivers_2010.jpg
  [2703] 'Natù ciliegie e amarene' -> https://upload.wikimedia.org/wikipedia/commons/thumb/e/e8/La_staffetta_partigiana_Caterina_Rigoni_Boemo.jpg/500px-La_staffetta_partigiana_Caterina_Rigoni_Boemo.jpg
  [2704] 'Mermelada Marmelade orange Bonne Maman' -> https://upload.wikimedia.org/wikipedia/commons/thumb/c/c6/Bonne_Maman_Pineapple_-_Yuzu_Spread.jpg/500px-Bonne_Maman_Pineapple_-_Yuzu_Spread.jpg
  [2705] 'Pflaumenmus, fein gewürzt' -> https://upload.wikimedia.org/wikipedia/commons/thumb/4/48/Satellite_image_of_Jamaica_in_November_2001.jpg/500px-Satellite_image_of_Jamaica_in_November_2001.jpg
  [commons.wikimedia.org] 429 intento 1, esperando 39s ...
  [2707] 'ma.12.Glück passiert aus Himbeeren' -> https://upload.wikimedia.org/wikipedia/commons/thumb/0/07/Felicidade_A_very_happy_boy.jpg/500px-Felicidade_A_very_happy_boy.jpg
  [2708] 'Wild Heidelbeer Marmelade' -> https://upload.wikimedia.org/wikipedia/commons/thumb/3/3d/Patrika_Darbo.jpg/500px-Patrika_Darbo.jpg
  [2709] 'Erdbeere' -> https://upload.wikimedia.org/wikipedia/commons/thumb/e/e5/Erdbeere_25_05_2009.JPG/500px-Erdbeere_25_05_2009.JPG
  [2711] 'Marmellata bene si' -> https://upload.wikimedia.org/wikipedia/commons/thumb/9/97/Artusi_-_La_scienza_in_cucina_e_l%27arte_di_mangiar_bene%2C_Landi%2C_1895.djvu/page1-500px-Artusi_-_La_scienza_in_cucina_e_l%27arte_di_mangiar_bene%2C_Landi%2C_1895.djvu.jpg
  [2712] 'Marmelade/Fruchtaufstrich Erdbeeren' -> https://upload.wikimedia.org/wikipedia/commons/thumb/4/4d/LANDLIEBE_-_panoramio.jpg/500px-LANDLIEBE_-_panoramio.jpg
  [2713] 'Morceaux de Gingembre confit' -> https://upload.wikimedia.org/wikipedia/commons/f/f9/Seeberger_Markenkonzept_2001.jpg
  [2714] 'Jengibre cristalizado en chocolate negro' -> https://upload.wikimedia.org/wikipedia/commons/thumb/9/98/%282014-11-22%29_Caf%C3%A9_do_lado_-_Mar%C3%ADlia_-_Chocolove_Romerito_Pontes_%2815684383317%29.jpg/500px-%282014-11-22%29_Caf%C3%A9_do_lado_-_Mar%C3%ADlia_-_Chocolove_Romerito_Pontes_%2815684383317%29.jpg
  [2715] 'limones Confits' -> https://upload.wikimedia.org/wikipedia/commons/thumb/5/5f/Confit_de_vin%2C_cr%C3%A8me_de_citron%2C_olives%2C_fromage_et_confit.jpg/500px-Confit_de_vin%2C_cr%C3%A8me_de_citron%2C_olives%2C_fromage_et_confit.jpg
  [2716] 'Zenzero un cubetti disidratato' -> https://upload.wikimedia.org/wikipedia/commons/thumb/a/a4/Alesto_-_Died_Plums_02.jpg/500px-Alesto_-_Died_Plums_02.jpg
  [2717] 'Choco Orange' -> https://upload.wikimedia.org/wikipedia/commons/thumb/d/d2/Republic_of_Colombia_-_Choco.png/500px-Republic_of_Colombia_-_Choco.png
  [2720] 'limones Confits estilo Beldi' -> https://upload.wikimedia.org/wikipedia/commons/thumb/2/23/Zola_-_La_fortune_des_Rougon%2C_1893.djvu/page1-500px-Zola_-_La_fortune_des_Rougon%2C_1893.djvu.jpg
  [commons.wikimedia.org] 429 intento 1, esperando 31s ...
  [2721] 'Gingembre' -> https://upload.wikimedia.org/wikipedia/commons/thumb/e/e1/Gingembre_%28march%C3%A9_de_Bergerac%29.jpg/500px-Gingembre_%28march%C3%A9_de_Bergerac%29.jpg
  [2722] 'Gingembre confit' -> https://upload.wikimedia.org/wikipedia/commons/thumb/0/04/Press%C3%A9_d%E2%80%99Aiguillettes_et_Foie_Gras_de_Canard_au_Poivre_Vert-Condiment_Rhubarbe_et_Gingembre%2C_Sucrine%2C_Oignons_Confits%2C_Caprons_%28Le_Quai_2023%29.jpg/500px-Press%C3%A9_d%E2%80%99Aiguillettes_et_Foie_Gras_de_Canard_au_Poivre_Vert-Condiment_Rhubarbe_et_Gingembre%2C_Sucrine%2C_Oignons_Confits%2C_Caprons_%28Le_Quai_2023%29.jpg
  [2723] 'Gingembre confit en tranches' -> https://upload.wikimedia.org/wikipedia/commons/thumb/7/72/S%C3%A9pulture_Coq_Hardi.JPG/500px-S%C3%A9pulture_Coq_Hardi.JPG
  [2725] 'frutas Confits assortis' -> https://upload.wikimedia.org/wikipedia/commons/thumb/7/75/La_Vahin%C3%A9_%282012%29.jpg/500px-La_Vahin%C3%A9_%282012%29.jpg
  [2726] 'Bigarreaux confits de provence' -> https://upload.wikimedia.org/wikipedia/commons/thumb/7/75/La_Vahin%C3%A9_%282012%29.jpg/500px-La_Vahin%C3%A9_%282012%29.jpg
  [commons.wikimedia.org] 429 intento 1, esperando 37s ...
  [2729] 'Gingembre confit en morceaux' -> https://upload.wikimedia.org/wikipedia/commons/thumb/7/72/S%C3%A9pulture_Coq_Hardi.JPG/500px-S%C3%A9pulture_Coq_Hardi.JPG
  [2730] 'Südsee-Ingwer' -> https://upload.wikimedia.org/wikipedia/commons/thumb/0/00/Indian_Cooking_Class_%40_Farmer%27s_Fare%2C_Rockport%2C_Maine.jpg/500px-Indian_Cooking_Class_%40_Farmer%27s_Fare%2C_Rockport%2C_Maine.jpg
  [2731] 'Arachides salées grillées' -> https://upload.wikimedia.org/wikipedia/commons/thumb/7/70/Avril_Lavigne_%28left%29_-_15_September_2011.jpg/500px-Avril_Lavigne_%28left%29_-_15_September_2011.jpg
  [2732] 'Papayas y piñas deshidratadas y azucaradas' -> https://upload.wikimedia.org/wikipedia/commons/thumb/b/b4/The_Sun_by_the_Atmospheric_Imaging_Assembly_of_NASA%27s_Solar_Dynamics_Observatory_-_20100819.jpg/500px-The_Sun_by_the_Atmospheric_Imaging_Assembly_of_NASA%27s_Solar_Dynamics_Observatory_-_20100819.jpg
  [commons.wikimedia.org] 429 intento 1, esperando 39s ...
  [2733] 'Lamelle d écorces d orange' -> https://upload.wikimedia.org/wikipedia/commons/thumb/0/0a/Cistus_albidus_in_Sainte_Lucie_Island.jpg/500px-Cistus_albidus_in_Sainte_Lucie_Island.jpg
  [2735] 'Papayes en morceaux' -> https://upload.wikimedia.org/wikipedia/commons/thumb/1/1a/Un_papaye_coup%C3%A9_en_morceaux.jpg/500px-Un_papaye_coup%C3%A9_en_morceaux.jpg
  [2736] 'Gingembre sucré bio' -> https://upload.wikimedia.org/wikipedia/commons/thumb/0/01/Selection_orations_..._with_.._%28IA_selectionoration00cice%29.pdf/page1-500px-Selection_orations_..._with_.._%28IA_selectionoration00cice%29.pdf.jpg
  [2738] 'Crystallised stem ginger' -> https://upload.wikimedia.org/wikipedia/commons/thumb/c/c4/Sommet_des_opies-ouest.jpg/500px-Sommet_des_opies-ouest.jpg
  [2740] 'Tranches de limones confits' -> https://upload.wikimedia.org/wikipedia/commons/thumb/e/e6/Oncial_-_Le_tr%C3%A9sor_des_%C3%A9quivoques%2C_antistrophes%2C_ou_contrep%C3%A9teries%2C_1909.djvu/page1-500px-Oncial_-_Le_tr%C3%A9sor_des_%C3%A9quivoques%2C_antistrophes%2C_ou_contrep%C3%A9teries%2C_1909.djvu.jpg
  [commons.wikimedia.org] 429 intento 1, esperando 37s ...
  [2742] 'Préparation pour sandwich lieu, zanahorias y limón confit' -> https://upload.wikimedia.org/wikipedia/commons/thumb/6/69/La_Belle-Iloise.JPG/500px-La_Belle-Iloise.JPG
  [2743] 'Les DIPS' -> https://upload.wikimedia.org/wikipedia/commons/thumb/9/92/Reclaimed_by_nature_-_geograph.org.uk_-_792909.jpg/500px-Reclaimed_by_nature_-_geograph.org.uk_-_792909.jpg
  [2744] 'limones confits Beldi entiers' -> https://upload.wikimedia.org/wikipedia/commons/thumb/e/e4/Albert_Harris_-_Coconut_shy_B.jpg/500px-Albert_Harris_-_Coconut_shy_B.jpg
  [commons.wikimedia.org] 429 intento 1, esperando 39s ...
  [2749] 'Orangeat gewürfelt' -> https://upload.wikimedia.org/wikipedia/commons/thumb/d/d1/Orangeat_Mac%C3%A9doine.jpg/500px-Orangeat_Mac%C3%A9doine.jpg
  [commons.wikimedia.org] 429 intento 1, esperando 39s ...
  [2753] 'fruta Minis Strawberry' -> https://upload.wikimedia.org/wikipedia/commons/thumb/3/3d/Polar_Bear_AdF.jpg/500px-Polar_Bear_AdF.jpg
  [2754] 'limón confit au sal' -> https://upload.wikimedia.org/wikipedia/commons/thumb/8/89/Assortiment_olives_de_provence.jpg/500px-Assortiment_olives_de_provence.jpg
  [2756] 'Jenjibre deshidratado' -> https://upload.wikimedia.org/wikipedia/commons/thumb/0/02/Carrefour_55-o.art.pub-carrefour-02.jpg/500px-Carrefour_55-o.art.pub-carrefour-02.jpg
  [commons.wikimedia.org] 429 intento 1, esperando 40s ...
  [2758] 'Membrillo' -> https://upload.wikimedia.org/wikipedia/commons/thumb/6/6b/Marisol_Membrillo_Gala_de_clausura.jpg/500px-Marisol_Membrillo_Gala_de_clausura.jpg
  [2759] 'Scorzette di Arancia di Sicilia Fior Fiore' -> https://upload.wikimedia.org/wikipedia/commons/thumb/4/48/Letter_regarding_the_supplemental_information_report_which_provides_additional_information_to_the_final_environmental_statement_for_the_Walnut_Creek_Project%2C_Contra_Costa_County%2C_California%2C_whi_..._-_USACE-p16021coll7-22336.pdf/page1-500px-thumbnail.pdf.jpg
  [2760] 'Écorces de limón confits' -> https://upload.wikimedia.org/wikipedia/commons/thumb/0/0a/Cistus_albidus_in_Sainte_Lucie_Island.jpg/500px-Cistus_albidus_in_Sainte_Lucie_Island.jpg
  [2763] 'Cranberries' -> https://upload.wikimedia.org/wikipedia/commons/thumb/9/9c/The-Cranberries-Paris-31-mai-2010_IMG_7720.jpg/500px-The-Cranberries-Paris-31-mai-2010_IMG_7720.jpg
  [2765] 'Macédoine frutas confits' -> https://upload.wikimedia.org/wikipedia/commons/thumb/b/bc/Conserves_de_fruits_et_l%C3%A9gumes_-_en_bocaux%2C_s%C3%A9ch%C3%A9s%2C_en_cave._%28IA_conservesdefruit32mcin%29.pdf/page1-500px-Conserves_de_fruits_et_l%C3%A9gumes_-_en_bocaux%2C_s%C3%A9ch%C3%A9s%2C_en_cave._%28IA_conservesdefruit32mcin%29.pdf.jpg
  [commons.wikimedia.org] 429 intento 1, esperando 39s ...
  [2766] "Écorces d'orange confitadas" -> https://upload.wikimedia.org/wikipedia/commons/thumb/7/75/La_Vahin%C3%A9_%282012%29.jpg/500px-La_Vahin%C3%A9_%282012%29.jpg
  [2767] 'Capers en salmuera' -> https://upload.wikimedia.org/wikipedia/commons/thumb/a/a5/J._Sainsbury%27s_supermarket_Camden_Road%2C_London.jpg/500px-J._Sainsbury%27s_supermarket_Camden_Road%2C_London.jpg
  [2768] 'Vinagre Capers en' -> https://upload.wikimedia.org/wikipedia/commons/thumb/7/72/Mackerel_with_pickles_and_mullet_roe_-_Mackerel_sauce_with_white_wine%2C_lemon%2C_capers_and_chilies_in_vinegar%2C_fried_tomato%2C_mullet_roe%2C_mackerel_marinated_in_sugar_and_salt._Mackerel_infusion_%2815250555084%29.jpg/500px-thumbnail.jpg
  [2769] 'Agua alcaparras en salada' -> https://upload.wikimedia.org/wikipedia/commons/thumb/0/0b/Edgar_Crespo_cropped.jpg/500px-Edgar_Crespo_cropped.jpg
  [commons.wikimedia.org] 429 intento 1, esperando 40s ...
  [2771] 'Capers Capote' -> https://upload.wikimedia.org/wikipedia/commons/thumb/4/40/Fragata_Almirante_Latorre_FFG-14.jpg/500px-Fragata_Almirante_Latorre_FFG-14.jpg
  [2772] 'Nonpareille capers' -> https://upload.wikimedia.org/wikipedia/commons/thumb/0/0b/Sala_degli_affresch_dalla_chiesa_di_mezzetta_12.JPG/500px-Sala_degli_affresch_dalla_chiesa_di_mezzetta_12.JPG
  [2773] 'Capperi al sal marino' -> https://upload.wikimedia.org/wikipedia/commons/thumb/f/fe/Spacio_Conad_%282%29.jpg/500px-Spacio_Conad_%282%29.jpg
  [2774] 'Kapary w zalewie' -> https://upload.wikimedia.org/wikipedia/commons/thumb/0/07/Rojo.JPG/500px-Rojo.JPG
  [2775] 'Non Pareilles Capers en salmuera' -> https://upload.wikimedia.org/wikipedia/commons/thumb/a/a5/J._Sainsbury%27s_supermarket_Camden_Road%2C_London.jpg/500px-J._Sainsbury%27s_supermarket_Camden_Road%2C_London.jpg
  [2776] 'Alcaparras' -> https://upload.wikimedia.org/wikipedia/commons/6/6d/Caper_PM_81v.jpg
  [commons.wikimedia.org] 429 intento 1, esperando 38s ...
  [2777] 'Capperi' -> https://upload.wikimedia.org/wikipedia/commons/thumb/d/dd/Capperi_11.jpg/500px-Capperi_11.jpg
  [2778] 'Capperi aromatizzati con vinagre de vino' -> https://upload.wikimedia.org/wikipedia/commons/thumb/3/33/Milano_-_supermercato_Esselunga_di_via_Losanna.jpg/500px-Milano_-_supermercato_Esselunga_di_via_Losanna.jpg
  [2779] 'Frutti di cappero' -> https://upload.wikimedia.org/wikipedia/commons/thumb/8/8e/Lettere_del_signor_Stefano_Guazzo%2C_gentilhuomo_di_Casale_di_Monferrato._Ordinate_sotto_i_capi_seguenti._Di_ragguagli._Di_lode._.._%28IA_bub_gb_i5TaJCFjfM8C_2%29.pdf/page1-500px-Lettere_del_signor_Stefano_Guazzo%2C_gentilhuomo_di_Casale_di_Monferrato._Ordinate_sotto_i_capi_seguenti._Di_ragguagli._Di_lode._.._%28IA_bub_gb_i5TaJCFjfM8C_2%29.pdf.jpg
  [2781] 'Kapern en mediterranem sal marina' -> https://upload.wikimedia.org/wikipedia/commons/thumb/d/da/Feinkost_Dittmann_Gute_Laune_Sauce.jpg/500px-Feinkost_Dittmann_Gute_Laune_Sauce.jpg
  [commons.wikimedia.org] 429 intento 1, esperando 39s ...
  [2782] 'Kapernbeeren' -> https://upload.wikimedia.org/wikipedia/commons/thumb/0/04/Anchovy-Pizza_mit_Kapernbeeren.jpg/500px-Anchovy-Pizza_mit_Kapernbeeren.jpg
  [2783] 'Wild Non-Pareil Capers' -> https://upload.wikimedia.org/wikipedia/commons/thumb/4/45/Mediterranean_pierrot_%28tarucus_rosaceus%29.jpg/500px-Mediterranean_pierrot_%28tarucus_rosaceus%29.jpg
  [2784] 'Cappero di Pantelleria IGP' -> https://upload.wikimedia.org/wikipedia/commons/thumb/3/37/Fiori_e_capperi_di_Pantelleria.jpg/500px-Fiori_e_capperi_di_Pantelleria.jpg
  [2785] 'Kapary' -> https://upload.wikimedia.org/wikipedia/commons/thumb/4/44/Johann_Heinrich_Wilhelm_Tischbein_-_Goethe_in_der_roemischen_Campagna.jpg/500px-Johann_Heinrich_Wilhelm_Tischbein_-_Goethe_in_der_roemischen_Campagna.jpg
  [2789] 'Capers Bio' -> https://upload.wikimedia.org/wikipedia/commons/thumb/0/06/Delhaize_advertisement.JPG/500px-Delhaize_advertisement.JPG
  [commons.wikimedia.org] 429 intento 1, esperando 37s ...
  [2791] 'Kapern en sal marina. Capucines' -> https://upload.wikimedia.org/wikipedia/commons/thumb/7/78/Ibero%2C_kartela.jpg/500px-Ibero%2C_kartela.jpg
  [2792] 'Capperi medi en vinagre de vino' -> https://upload.wikimedia.org/wikipedia/commons/thumb/c/c9/Neri_di_Bicci_San_Sisto.jpg/500px-Neri_di_Bicci_San_Sisto.jpg
  [2793] 'Alcaparras en aceite' -> https://upload.wikimedia.org/wikipedia/commons/thumb/c/c9/Neri_di_Bicci_San_Sisto.jpg/500px-Neri_di_Bicci_San_Sisto.jpg
  [2795] 'Kapern en Weinessig' -> https://upload.wikimedia.org/wikipedia/commons/thumb/d/d3/Bio_Company_Hauptstra%C3%9Fe31-32_Berlin_A.jpg/500px-Bio_Company_Hauptstra%C3%9Fe31-32_Berlin_A.jpg
  [commons.wikimedia.org] 429 intento 1, esperando 40s ...
  [2797] 'Baby Capers' -> https://upload.wikimedia.org/wikipedia/commons/thumb/2/2f/Pug_and_the_baby%2C_farce-comedy%2C_in_one_act._To_which_is_added_a_description_of_the_costumes-cast_of_the_characters_..._and_the_whole_of_the_stage_business_%28IA_pugbabyfarcecome00unse%29.pdf/page1-500px-thumbnail.pdf.jpg
  [2799] 'CAPPERI finissimi' -> https://upload.wikimedia.org/wikipedia/commons/thumb/c/c9/Neri_di_Bicci_San_Sisto.jpg/500px-Neri_di_Bicci_San_Sisto.jpg
  [2800] 'Capperi en vinagre de vino' -> https://upload.wikimedia.org/wikipedia/commons/thumb/c/c9/Neri_di_Bicci_San_Sisto.jpg/500px-Neri_di_Bicci_San_Sisto.jpg
  [2801] 'Capperi per aperitivo' -> https://upload.wikimedia.org/wikipedia/commons/thumb/6/6e/Trattato_de%27rimedj_per_le_malattie_del_corpo_umano_%28IA_b30497966_0001%29.pdf/page1-500px-Trattato_de%27rimedj_per_le_malattie_del_corpo_umano_%28IA_b30497966_0001%29.pdf.jpg
  [2802] 'Alcaparras sazonadas en aceite de oliva' -> https://upload.wikimedia.org/wikipedia/commons/thumb/c/c1/Pore%C4%8D%E2%80%93Zuccato_palace-01.jpg/500px-Pore%C4%8D%E2%80%93Zuccato_palace-01.jpg
  [commons.wikimedia.org] 429 intento 1, esperando 39s ...
  [2806] 'IGP Cappero di Pantelleria' -> https://upload.wikimedia.org/wikipedia/commons/thumb/3/37/Fiori_e_capperi_di_Pantelleria.jpg/500px-Fiori_e_capperi_di_Pantelleria.jpg
  [2807] 'Cappero di Pantelleria' -> https://upload.wikimedia.org/wikipedia/commons/thumb/c/ca/Cappero_di_Pantelleria_%28raccolta%29.jpg/500px-Cappero_di_Pantelleria_%28raccolta%29.jpg
  [2808] 'Aceite de oliva Virgen extra Sardinas' -> https://upload.wikimedia.org/wikipedia/commons/thumb/1/15/Pauline_Parmentier.jpg/500px-Pauline_Parmentier.jpg
  [2809] 'Plain Sardinas' -> https://upload.wikimedia.org/wikipedia/commons/thumb/5/59/Anne_conn%C3%A9table_de_Montmorency_Chantilly.jpg/500px-Anne_conn%C3%A9table_de_Montmorency_Chantilly.jpg
  [commons.wikimedia.org] 429 intento 1, esperando 40s ...
  [2810] "Filets de Sardinas sin Peau sin Arêtes con L'aceite Végétale" -> https://upload.wikimedia.org/wikipedia/commons/thumb/4/4a/Marine_sextant.svg/500px-Marine_sextant.svg.png
  [2812] 'Sardinas marinade limón albahaca sans aceite' -> https://upload.wikimedia.org/wikipedia/commons/thumb/5/59/Anne_conn%C3%A9table_de_Montmorency_Chantilly.jpg/500px-Anne_conn%C3%A9table_de_Montmorency_Chantilly.jpg
  [2814] 'Filets de Sardinas limón albahaca' -> https://upload.wikimedia.org/wikipedia/commons/thumb/2/2e/Publicit%C3%A9_Saupiquet_1882.JPG/500px-Publicit%C3%A9_Saupiquet_1882.JPG
  [2815] 'Sardinas sans arêtes al natural' -> https://upload.wikimedia.org/wikipedia/commons/thumb/5/59/Anne_conn%C3%A9table_de_Montmorency_Chantilly.jpg/500px-Anne_conn%C3%A9table_de_Montmorency_Chantilly.jpg
  [2816] 'Sardinas aceite olive' -> https://upload.wikimedia.org/wikipedia/commons/thumb/e/ec/Sardinas_en_Aceite-Madrid.jpg/500px-Sardinas_en_Aceite-Madrid.jpg
  [commons.wikimedia.org] 429 intento 1, esperando 39s ...
  [2817] 'Sardinas con tomate' -> https://upload.wikimedia.org/wikipedia/commons/thumb/b/be/Fritada_de_sardinas%2C_tomates_abiertos_y_huevo_frito._Plato_combinado.jpg/500px-Fritada_de_sardinas%2C_tomates_abiertos_y_huevo_frito._Plato_combinado.jpg
  [2819] 'Sardinas' -> https://upload.wikimedia.org/wikipedia/commons/thumb/1/18/Rawa_Blues_Festival_2009_Eric_Sardinas_01.jpg/500px-Rawa_Blues_Festival_2009_Eric_Sardinas_01.jpg
  [2820] 'Sardinas en aceite vegetal' -> https://upload.wikimedia.org/wikipedia/commons/thumb/e/e5/Marsa-Esgl%C3%A9sia_de_Saint_Loup.JPG/500px-Marsa-Esgl%C3%A9sia_de_Saint_Loup.JPG
  [2821] 'Sardinas aceite d olive virgen' -> https://upload.wikimedia.org/wikipedia/commons/thumb/1/15/Pauline_Parmentier.jpg/500px-Pauline_Parmentier.jpg
  [2822] 'Sardinas huil.olive extra v.st Gil.' -> https://upload.wikimedia.org/wikipedia/commons/thumb/3/37/Flat_-_Nos_femmes_de_lettres.djvu/page1-500px-Flat_-_Nos_femmes_de_lettres.djvu.jpg
  [2823] 'Sardinas | en aceite de oliva virgen extra' -> https://upload.wikimedia.org/wikipedia/commons/thumb/e/e0/Bundesarchiv_Bild_146-2008-0167%2C_Segelschiff_%22SMS_Nixe%22.jpg/500px-Bundesarchiv_Bild_146-2008-0167%2C_Segelschiff_%22SMS_Nixe%22.jpg
  [2824] 'Sardinas en aceite de oliva y chile' -> https://upload.wikimedia.org/wikipedia/commons/thumb/1/15/Pauline_Parmentier.jpg/500px-Pauline_Parmentier.jpg
  [commons.wikimedia.org] 429 intento 1, esperando 36s ...
  [2825] 'Aceite de oliva Sardinas Label rojo' -> https://upload.wikimedia.org/wikipedia/commons/thumb/d/d8/Giraud_-_La_Guirlande_des_dieux%2C_1910.djvu/page1-500px-Giraud_-_La_Guirlande_des_dieux%2C_1910.djvu.jpg
  [2826] 'Sardinas en aceite de girasol y limón PARMENTIER, Boîte 1/' -> https://upload.wikimedia.org/wikipedia/commons/thumb/1/15/Pauline_Parmentier.jpg/500px-Pauline_Parmentier.jpg
  [2827] 'Filets de Sardinas sin peau sin arêtes' -> https://upload.wikimedia.org/wikipedia/commons/thumb/4/4a/Marine_sextant.svg/500px-Marine_sextant.svg.png
  [2828] 'Sardinas généreuses au chile' -> https://upload.wikimedia.org/wikipedia/commons/thumb/5/59/Anne_conn%C3%A9table_de_Montmorency_Chantilly.jpg/500px-Anne_conn%C3%A9table_de_Montmorency_Chantilly.jpg
  [2830] "Sardinas sin arêtes con limón y con l'aceite de oliva Virgen extra" -> https://upload.wikimedia.org/wikipedia/commons/thumb/5/59/Anne_conn%C3%A9table_de_Montmorency_Chantilly.jpg/500px-Anne_conn%C3%A9table_de_Montmorency_Chantilly.jpg
  [2831] 'Sardinas al natural' -> https://upload.wikimedia.org/wikipedia/commons/thumb/1/14/Aparato_para_la_historia_natural_espa%C3%B1ola._Tomo_I_%28IA_b30408271%29.pdf/page1-500px-Aparato_para_la_historia_natural_espa%C3%B1ola._Tomo_I_%28IA_b30408271%29.pdf.jpg
  [commons.wikimedia.org] 429 intento 1, esperando 38s ...
  [2832] "Sardinas con l'aceite de oliva Virgen extra" -> https://upload.wikimedia.org/wikipedia/commons/thumb/0/02/Carrefour_55-o.art.pub-carrefour-02.jpg/500px-Carrefour_55-o.art.pub-carrefour-02.jpg
  [2833] "Sardinas con l'aceite de oliva Virgen extra ecológico" -> https://upload.wikimedia.org/wikipedia/commons/thumb/1/15/Pauline_Parmentier.jpg/500px-Pauline_Parmentier.jpg
  [2834] 'Aceite Sardinas généreuses con tomate sin' -> https://upload.wikimedia.org/wikipedia/commons/thumb/5/59/Anne_conn%C3%A9table_de_Montmorency_Chantilly.jpg/500px-Anne_conn%C3%A9table_de_Montmorency_Chantilly.jpg
  [2835] 'Sardinas en salsa de tomate y aceite de oliva' -> https://upload.wikimedia.org/wikipedia/commons/thumb/5/59/Anne_conn%C3%A9table_de_Montmorency_Chantilly.jpg/500px-Anne_conn%C3%A9table_de_Montmorency_Chantilly.jpg
  [2837] "Limón Connétable Sardinas con l'aceite de oliva" -> https://upload.wikimedia.org/wikipedia/commons/thumb/5/59/Anne_conn%C3%A9table_de_Montmorency_Chantilly.jpg/500px-Anne_conn%C3%A9table_de_Montmorency_Chantilly.jpg
  [2838] 'Aceite oliva v.e. CBLE Sardinas sin arêtes' -> https://upload.wikimedia.org/wikipedia/commons/thumb/5/59/Anne_conn%C3%A9table_de_Montmorency_Chantilly.jpg/500px-Anne_conn%C3%A9table_de_Montmorency_Chantilly.jpg
  [2840] "Sardinas con chile d'espelette dulce" -> https://upload.wikimedia.org/wikipedia/commons/thumb/5/59/Anne_conn%C3%A9table_de_Montmorency_Chantilly.jpg/500px-Anne_conn%C3%A9table_de_Montmorency_Chantilly.jpg
  [commons.wikimedia.org] 429 intento 1, esperando 40s ...
  [2841] "Sardinas con l'aceite de soja con Vegetales, Chile y especias" -> https://upload.wikimedia.org/wikipedia/commons/thumb/6/6a/Tagine_%283645135776%29.jpg/500px-Tagine_%283645135776%29.jpg
  [2842] 'Sardinas en aceite de oliva y hierbas de Provenza' -> https://upload.wikimedia.org/wikipedia/commons/thumb/1/15/Pauline_Parmentier.jpg/500px-Pauline_Parmentier.jpg
  [2843] 'Sardinas de Bretagne Aceite de oliva' -> https://upload.wikimedia.org/wikipedia/commons/thumb/5/59/Anne_conn%C3%A9table_de_Montmorency_Chantilly.jpg/500px-Anne_conn%C3%A9table_de_Montmorency_Chantilly.jpg
  [2844] 'Sardinas a la antigua Label rojo' -> https://upload.wikimedia.org/wikipedia/commons/thumb/5/59/Anne_conn%C3%A9table_de_Montmorency_Chantilly.jpg/500px-Anne_conn%C3%A9table_de_Montmorency_Chantilly.jpg
  [2845] 'Sardinas con l’aceite d’olive Mes p’tits plaisirs' -> https://upload.wikimedia.org/wikipedia/commons/thumb/4/40/Connetable_%28Gatchina%29.jpg/500px-Connetable_%28Gatchina%29.jpg
  [2846] 'Sardinas au limón & albahaca' -> https://upload.wikimedia.org/wikipedia/commons/thumb/0/02/Carrefour_55-o.art.pub-carrefour-02.jpg/500px-Carrefour_55-o.art.pub-carrefour-02.jpg
  [2847] 'Sardinas en aceite de oliva virgen extra con pimiento de Espelette CBLE' -> https://upload.wikimedia.org/wikipedia/commons/thumb/5/59/Anne_conn%C3%A9table_de_Montmorency_Chantilly.jpg/500px-Anne_conn%C3%A9table_de_Montmorency_Chantilly.jpg
  [2848] 'Salsa Sardinas tomate' -> https://upload.wikimedia.org/wikipedia/commons/thumb/7/74/2%C3%A8me_partie_carrefour_de_l%27arbre.jpg/500px-2%C3%A8me_partie_carrefour_de_l%27arbre.jpg
  [commons.wikimedia.org] 429 intento 1, esperando 40s ...
  [2849] 'Aceite rondelle de limón fresco - Connétable Sardinas sin' -> https://upload.wikimedia.org/wikipedia/commons/thumb/4/40/Connetable_%28Gatchina%29.jpg/500px-Connetable_%28Gatchina%29.jpg
  [2851] 'Sardinas de Bretagne' -> https://upload.wikimedia.org/wikipedia/commons/thumb/c/cc/Mercure_de_France%2C_1895%2C_v._13-14.pdf/page1-500px-Mercure_de_France%2C_1895%2C_v._13-14.pdf.jpg
  [2852] "Sardinas a la antigua con l'aceite de oliva Virgen extra con limón" -> https://upload.wikimedia.org/wikipedia/commons/thumb/5/59/Anne_conn%C3%A9table_de_Montmorency_Chantilly.jpg/500px-Anne_conn%C3%A9table_de_Montmorency_Chantilly.jpg
  [2853] 'Sardinillas en aceite de oliva, Reducido en sal' -> https://upload.wikimedia.org/wikipedia/commons/thumb/e/e0/I_Love_Hacendado_%28469984295%29.jpg/500px-I_Love_Hacendado_%28469984295%29.jpg
  [2854] 'Sardinas con chalotas de bretagne' -> https://upload.wikimedia.org/wikipedia/commons/thumb/5/59/Anne_conn%C3%A9table_de_Montmorency_Chantilly.jpg/500px-Anne_conn%C3%A9table_de_Montmorency_Chantilly.jpg
  [2855] 'Aceite Springdale Boneless Sardinas en 100% oliva' -> https://upload.wikimedia.org/wikipedia/commons/thumb/6/6b/005c_Greater_flamingos_courtship_display_in_the_Camargue_during_mating_season_Photo_by_Giles_Laurent.jpg/500px-005c_Greater_flamingos_courtship_display_in_the_Camargue_during_mating_season_Photo_by_Giles_Laurent.jpg
  [2856] "Sardinas généreuses con l'aceite de oliva" -> https://upload.wikimedia.org/wikipedia/commons/thumb/5/59/Anne_conn%C3%A9table_de_Montmorency_Chantilly.jpg/500px-Anne_conn%C3%A9table_de_Montmorency_Chantilly.jpg
  [2857] 'Sardinillas en aceite de oliva' -> https://upload.wikimedia.org/wikipedia/commons/thumb/1/1c/Azulejo_Mercado_Municipal_Funchal.JPG/500px-Azulejo_Mercado_Municipal_Funchal.JPG
  [commons.wikimedia.org] 429 intento 1, esperando 39s ...
  [2858] 'Sardinas en aceite' -> https://upload.wikimedia.org/wikipedia/commons/thumb/e/ec/Sardinas_en_Aceite-Madrid.jpg/500px-Sardinas_en_Aceite-Madrid.jpg
  [2859] "Sardine con l'aceite de oliva Virgen extra boîte de" -> https://upload.wikimedia.org/wikipedia/commons/thumb/4/4d/Periodic_table_large.svg/500px-Periodic_table_large.svg.png
  [2860] 'Sardinas enteras al natural' -> https://upload.wikimedia.org/wikipedia/commons/thumb/1/14/Aparato_para_la_historia_natural_espa%C3%B1ola._Tomo_I_%28IA_b30408271%29.pdf/page1-500px-Aparato_para_la_historia_natural_espa%C3%B1ola._Tomo_I_%28IA_b30408271%29.pdf.jpg
  [2861] 'Filetes de caballa en aceite' -> https://upload.wikimedia.org/wikipedia/commons/thumb/2/27/Sepia_smithi.jpg/500px-Sepia_smithi.jpg
  [2862] 'Sardinas aux tomates séchées' -> https://upload.wikimedia.org/wikipedia/commons/thumb/5/59/Anne_conn%C3%A9table_de_Montmorency_Chantilly.jpg/500px-Anne_conn%C3%A9table_de_Montmorency_Chantilly.jpg
  [commons.wikimedia.org] 429 intento 1, esperando 40s ...
  [2863] 'Filets de Sardinas con limón y con albahaca' -> https://upload.wikimedia.org/wikipedia/commons/thumb/2/2d/Strasbourg%2C_Cin%C3%A9ma_Odyss%C3%A9e.jpg/500px-Strasbourg%2C_Cin%C3%A9ma_Odyss%C3%A9e.jpg
  [2864] "Finas y Fondantes con l'aceite de oliva" -> https://upload.wikimedia.org/wikipedia/commons/thumb/5/59/Anne_conn%C3%A9table_de_Montmorency_Chantilly.jpg/500px-Anne_conn%C3%A9table_de_Montmorency_Chantilly.jpg
  [2865] 'Filets de Sardinas' -> https://upload.wikimedia.org/wikipedia/commons/thumb/9/93/Concarneau_on_retire_les_sardines_des_filets.jpg/500px-Concarneau_on_retire_les_sardines_des_filets.jpg
  [2866] 'Aceite con limón ecológico -50% de sal Sardinas Marinade sin' -> https://upload.wikimedia.org/wikipedia/commons/thumb/2/25/Phare_d%27Eckm%C3%BChl%2C_Penmarc%27h%2C_France_%28panoramique%29.jpg/500px-Phare_d%27Eckm%C3%BChl%2C_Penmarc%27h%2C_France_%28panoramique%29.jpg
  [2868] 'Sardinas chile de Cayenne fort Connétable' -> https://upload.wikimedia.org/wikipedia/commons/thumb/5/59/Anne_conn%C3%A9table_de_Montmorency_Chantilly.jpg/500px-Anne_conn%C3%A9table_de_Montmorency_Chantilly.jpg
  [commons.wikimedia.org] 429 intento 1, esperando 38s ...
  [2870] 'Aceitunas v.e. Label Rge Cble Sardinas aceite' -> https://upload.wikimedia.org/wikipedia/commons/thumb/5/59/Anne_conn%C3%A9table_de_Montmorency_Chantilly.jpg/500px-Anne_conn%C3%A9table_de_Montmorency_Chantilly.jpg
  [2871] 'Limón ecológico Sardinas marinade sin aceite' -> https://upload.wikimedia.org/wikipedia/commons/thumb/5/59/Anne_conn%C3%A9table_de_Montmorency_Chantilly.jpg/500px-Anne_conn%C3%A9table_de_Montmorency_Chantilly.jpg
  [2872] "Sardinas a la antigua con l'aceite de oliva Virgen extra" -> https://upload.wikimedia.org/wikipedia/commons/thumb/5/54/Capitaine_Cook%2C_IMO7632876%2C_in_Auckland_2008-03-28.jpg/500px-Capitaine_Cook%2C_IMO7632876%2C_in_Auckland_2008-03-28.jpg
  [2873] 'Aceite de oliva ecológico Sardinas' -> https://upload.wikimedia.org/wikipedia/commons/thumb/d/d8/Giraud_-_La_Guirlande_des_dieux%2C_1910.djvu/page1-500px-Giraud_-_La_Guirlande_des_dieux%2C_1910.djvu.jpg
  [2874] 'Sardinas St Gilles Croix de Vie' -> https://upload.wikimedia.org/wikipedia/commons/thumb/8/8e/Doris_pseudoargus_Rapp%2C_1827.jpg/500px-Doris_pseudoargus_Rapp%2C_1827.jpg
  [commons.wikimedia.org] 429 intento 1, esperando 39s ...
  [2876] 'Sardinillas en tomate' -> https://upload.wikimedia.org/wikipedia/commons/thumb/e/e0/I_Love_Hacendado_%28469984295%29.jpg/500px-I_Love_Hacendado_%28469984295%29.jpg
  [2877] "Sardinas con l'aceite de tournesol" -> https://upload.wikimedia.org/wikipedia/commons/thumb/0/02/Carrefour_55-o.art.pub-carrefour-02.jpg/500px-Carrefour_55-o.art.pub-carrefour-02.jpg
  [2878] 'Filets de sardina (al natural)' -> https://upload.wikimedia.org/wikipedia/commons/thumb/2/2c/Revista_chilena_de_historia_natural_%28IA_revistachilenade41900muse%29.pdf/page1-500px-Revista_chilena_de_historia_natural_%28IA_revistachilenade41900muse%29.pdf.jpg
  [2879] 'Aceite tomate albahaca Salsa Sardinas sin' -> https://upload.wikimedia.org/wikipedia/commons/thumb/5/59/Anne_conn%C3%A9table_de_Montmorency_Chantilly.jpg/500px-Anne_conn%C3%A9table_de_Montmorency_Chantilly.jpg
  [2880] 'Connétable Sardinas' -> https://upload.wikimedia.org/wikipedia/commons/thumb/5/59/Anne_conn%C3%A9table_de_Montmorency_Chantilly.jpg/500px-Anne_conn%C3%A9table_de_Montmorency_Chantilly.jpg
  [2881] "Sardinas a la antigua con l'aceite de oliva Virgen extra con Tomates Séchées" -> https://upload.wikimedia.org/wikipedia/commons/thumb/5/59/Anne_conn%C3%A9table_de_Montmorency_Chantilly.jpg/500px-Anne_conn%C3%A9table_de_Montmorency_Chantilly.jpg
  [commons.wikimedia.org] 429 intento 1, esperando 40s ...
  [2882] 'Filets de Sardinas con limón y albahaca' -> https://upload.wikimedia.org/wikipedia/commons/thumb/0/02/Carrefour_55-o.art.pub-carrefour-02.jpg/500px-Carrefour_55-o.art.pub-carrefour-02.jpg
  [2883] "Sardinas con l'aceite de oliva" -> https://upload.wikimedia.org/wikipedia/commons/thumb/5/59/Anne_conn%C3%A9table_de_Montmorency_Chantilly.jpg/500px-Anne_conn%C3%A9table_de_Montmorency_Chantilly.jpg
  [2885] "Sardinas con l'aceite de oliva Virgen extra y con ralladura de limón" -> https://upload.wikimedia.org/wikipedia/commons/thumb/5/54/Capitaine_Cook%2C_IMO7632876%2C_in_Auckland_2008-03-28.jpg/500px-Capitaine_Cook%2C_IMO7632876%2C_in_Auckland_2008-03-28.jpg
  [2886] 'Sardinas Sans Huiles chile Basque' -> https://upload.wikimedia.org/wikipedia/commons/thumb/5/59/Anne_conn%C3%A9table_de_Montmorency_Chantilly.jpg/500px-Anne_conn%C3%A9table_de_Montmorency_Chantilly.jpg
  [2887] "Sardinas con l'aceite de oliva Saint-Georges" -> https://upload.wikimedia.org/wikipedia/commons/thumb/6/69/La_Belle-Iloise.JPG/500px-La_Belle-Iloise.JPG
  [2888] 'Les infusées Sardinas albahaca limón' -> https://upload.wikimedia.org/wikipedia/commons/thumb/5/59/Anne_conn%C3%A9table_de_Montmorency_Chantilly.jpg/500px-Anne_conn%C3%A9table_de_Montmorency_Chantilly.jpg
  [2889] "Filets de Sardinas con l'aceite de oliva Virgen extra ecológico" -> https://upload.wikimedia.org/wikipedia/commons/thumb/2/25/Phare_d%27Eckm%C3%BChl%2C_Penmarc%27h%2C_France_%28panoramique%29.jpg/500px-Phare_d%27Eckm%C3%BChl%2C_Penmarc%27h%2C_France_%28panoramique%29.jpg
  [commons.wikimedia.org] 429 intento 1, esperando 40s ...
  [2890] 'Filets de Sardinas marinés con limón ecológico' -> https://upload.wikimedia.org/wikipedia/commons/thumb/2/25/Phare_d%27Eckm%C3%BChl%2C_Penmarc%27h%2C_France_%28panoramique%29.jpg/500px-Phare_d%27Eckm%C3%BChl%2C_Penmarc%27h%2C_France_%28panoramique%29.jpg
  [2893] 'Sardinas de Isla de Ré' -> https://upload.wikimedia.org/wikipedia/commons/thumb/3/3b/Noticias_hist%C3%B3rico-topogr%C3%A1ficas_de_la_isla_de_Mallorca_%28IA_noticiashistoric00bove_0%29.pdf/page1-500px-Noticias_hist%C3%B3rico-topogr%C3%A1ficas_de_la_isla_de_Mallorca_%28IA_noticiashistoric00bove_0%29.pdf.jpg
  [2894] "Sardinas con l'aceite de oliva ecológico (Variedad 2894)" -> https://upload.wikimedia.org/wikipedia/commons/thumb/5/59/Anne_conn%C3%A9table_de_Montmorency_Chantilly.jpg/500px-Anne_conn%C3%A9table_de_Montmorency_Chantilly.jpg
  [2895] 'Sardinas sans arêtes y sans peau' -> https://upload.wikimedia.org/wikipedia/commons/thumb/5/59/Anne_conn%C3%A9table_de_Montmorency_Chantilly.jpg/500px-Anne_conn%C3%A9table_de_Montmorency_Chantilly.jpg
  [2896] 'Filetes de Anchoa' -> https://upload.wikimedia.org/wikipedia/commons/thumb/e/e0/I_Love_Hacendado_%28469984295%29.jpg/500px-I_Love_Hacendado_%28469984295%29.jpg
  [2898] 'Pasta de anchoas del Cantábrico' -> https://upload.wikimedia.org/wikipedia/commons/thumb/e/ec/Apple_red_delicius_cross-cut.jpg/500px-Apple_red_delicius_cross-cut.jpg
  [2899] 'Ančovičky filety v olivovom oleji' -> https://upload.wikimedia.org/wikipedia/commons/thumb/4/44/Urgence_Metro%2C_Lionel-Groulx.jpg/500px-Urgence_Metro%2C_Lionel-Groulx.jpg
  [commons.wikimedia.org] 429 intento 1, esperando 39s ...
  [2900] 'Filetti di Anchoas' -> https://upload.wikimedia.org/wikipedia/commons/thumb/9/9b/Contrabbasso_fatta_da_Niccol%C3%B2_Amati_a_Cremona_nel_1670.jpg/500px-Contrabbasso_fatta_da_Niccol%C3%B2_Amati_a_Cremona_nel_1670.jpg
  [2901] 'Anchoas (Variedad 2901)' -> https://upload.wikimedia.org/wikipedia/commons/thumb/3/3a/Franz_josef_Glacier_LC0250.jpg/500px-Franz_josef_Glacier_LC0250.jpg
  [2902] 'Anchoas (Variedad 2902)' -> https://upload.wikimedia.org/wikipedia/commons/thumb/e/ed/Aro_Campulung_Muscel.png/500px-Aro_Campulung_Muscel.png
  [2903] 'Ančovičky v slnečnicovom oleji kúsky' -> https://upload.wikimedia.org/wikipedia/commons/thumb/e/ed/Aro_Campulung_Muscel.png/500px-Aro_Campulung_Muscel.png
  [2904] 'Filetes de anchoa en aceite de girasol (variedad 2904)' -> https://upload.wikimedia.org/wikipedia/commons/thumb/4/44/Urgence_Metro%2C_Lionel-Groulx.jpg/500px-Urgence_Metro%2C_Lionel-Groulx.jpg
  [commons.wikimedia.org] 429 intento 1, esperando 40s ...
  [2905] 'Filetes de anchoa en aceite de oliva (variedad 2905)' -> https://upload.wikimedia.org/wikipedia/commons/thumb/e/ec/Apple_red_delicius_cross-cut.jpg/500px-Apple_red_delicius_cross-cut.jpg
  [2906] 'Filetes de anchoa del Canal de Sicilia en aceite de oliva' -> https://upload.wikimedia.org/wikipedia/commons/thumb/e/ec/Apple_red_delicius_cross-cut.jpg/500px-Apple_red_delicius_cross-cut.jpg
  [2907] 'Pasta di Anchoas gusto classico' -> https://upload.wikimedia.org/wikipedia/commons/thumb/e/ec/Apple_red_delicius_cross-cut.jpg/500px-Apple_red_delicius_cross-cut.jpg
  [2909] 'Filetti di alice' -> https://upload.wikimedia.org/wikipedia/commons/thumb/0/08/Giovanni_Battista_Pescetti_-_Costantino_pio_-_festa_teatrale_in_occasione_della_nascita_del_delfino_-_offerta_alle_sacre_reali_maest%C3%A0_cristianissime_del_re%2C_e_regina_di_Francia_%28IA_costantinopiofes155otto%29.pdf/page1-500px-thumbnail.pdf.jpg
  [2910] 'Anchoas saladas en salmuera' -> https://upload.wikimedia.org/wikipedia/commons/thumb/3/31/Acciughe_salate_in_scatola.jpg/500px-Acciughe_salate_in_scatola.jpg
  [2912] 'Pasta Di Anchoas Delicius Rizzoli Delicius Gusto Ricco Tubo' -> https://upload.wikimedia.org/wikipedia/commons/thumb/e/ec/Apple_red_delicius_cross-cut.jpg/500px-Apple_red_delicius_cross-cut.jpg
  [commons.wikimedia.org] 429 intento 1, esperando 37s ...
  [2913] 'Grebbestads ansjovis' -> https://upload.wikimedia.org/wikipedia/commons/c/cb/ABBA_-_TopPop_1974_5.png
  [2914] 'Pasta di Anchoas' -> https://upload.wikimedia.org/wikipedia/commons/thumb/e/ec/Apple_red_delicius_cross-cut.jpg/500px-Apple_red_delicius_cross-cut.jpg
  [2915] 'Filetti de Anchoas con cappero' -> https://upload.wikimedia.org/wikipedia/commons/thumb/e/ec/Apple_red_delicius_cross-cut.jpg/500px-Apple_red_delicius_cross-cut.jpg
  [2916] 'Filetes de anchoa en aceite de oliva (variedad 2916)' -> https://upload.wikimedia.org/wikipedia/commons/thumb/e/ec/Apple_red_delicius_cross-cut.jpg/500px-Apple_red_delicius_cross-cut.jpg
  [2918] 'Filetes de anchoa del Cantábrico en aceite de oliva (variedad 2918)' -> https://upload.wikimedia.org/wikipedia/commons/thumb/e/ec/Apple_red_delicius_cross-cut.jpg/500px-Apple_red_delicius_cross-cut.jpg
  [2919] 'Filetes de anchoa provenzal en aceite de oliva virgen extra con ajo y hierbas' -> https://upload.wikimedia.org/wikipedia/commons/5/51/M%C3%A9daille_de_la_reconnaissance_de_Croix-Rouge_mon%C3%A9gasque_%C3%A9chelon_Or.jpg
  [commons.wikimedia.org] 429 intento 1, esperando 39s ...
  [2920] 'Faro filetti de Anchoas' -> https://upload.wikimedia.org/wikipedia/commons/thumb/b/b8/Il_Guardiano_del_Faro_2.jpg/500px-Il_Guardiano_del_Faro_2.jpg
  [2922] 'Anchoas (Variedad 2922)' -> https://upload.wikimedia.org/wikipedia/commons/thumb/e/ec/Apple_red_delicius_cross-cut.jpg/500px-Apple_red_delicius_cross-cut.jpg
  [2923] 'Filetes de anchoas marinadas en aceite' -> https://upload.wikimedia.org/wikipedia/commons/thumb/b/b8/Il_Guardiano_del_Faro_2.jpg/500px-Il_Guardiano_del_Faro_2.jpg
  [2924] 'FILETTI DI Anchoas marinadas (Anchoas)' -> https://upload.wikimedia.org/wikipedia/commons/thumb/b/b8/Il_Guardiano_del_Faro_2.jpg/500px-Il_Guardiano_del_Faro_2.jpg
  [2925] 'Anchoas marinadas (Anchoas)' -> https://upload.wikimedia.org/wikipedia/commons/thumb/f/f4/Alici_marinate.jpg/500px-Alici_marinate.jpg
  [commons.wikimedia.org] 429 intento 1, esperando 40s ...
  [2926] 'Anchoas saladas' -> https://upload.wikimedia.org/wikipedia/commons/thumb/0/08/Giovanni_Battista_Pescetti_-_Costantino_pio_-_festa_teatrale_in_occasione_della_nascita_del_delfino_-_offerta_alle_sacre_reali_maest%C3%A0_cristianissime_del_re%2C_e_regina_di_Francia_%28IA_costantinopiofes155otto%29.pdf/page1-500px-thumbnail.pdf.jpg
  [2927] 'Sugo vongole' -> https://upload.wikimedia.org/wikipedia/commons/thumb/e/ec/Apple_red_delicius_cross-cut.jpg/500px-Apple_red_delicius_cross-cut.jpg
  [2929] 'Filetti de Anchoas con chile picante' -> https://upload.wikimedia.org/wikipedia/commons/thumb/9/9b/Contrabbasso_fatta_da_Niccol%C3%B2_Amati_a_Cremona_nel_1670.jpg/500px-Contrabbasso_fatta_da_Niccol%C3%B2_Amati_a_Cremona_nel_1670.jpg
  [2930] 'Pezzetti di Anchoas' -> https://upload.wikimedia.org/wikipedia/commons/thumb/9/9b/Contrabbasso_fatta_da_Niccol%C3%B2_Amati_a_Cremona_nel_1670.jpg/500px-Contrabbasso_fatta_da_Niccol%C3%B2_Amati_a_Cremona_nel_1670.jpg
  [2932] 'Filetti de Anchoas de Sicilia' -> https://upload.wikimedia.org/wikipedia/commons/thumb/f/f4/Bollettino_della_Societ%C3%A0_dei_naturalisti_in_Napoli_%28IA_bollettinod3419211923soci%29.pdf/page1-500px-Bollettino_della_Societ%C3%A0_dei_naturalisti_in_Napoli_%28IA_bollettinod3419211923soci%29.pdf.jpg
  [2933] 'Filletti di Anchoas (creado por Manaccion)' -> https://upload.wikimedia.org/wikipedia/commons/thumb/e/ec/Apple_red_delicius_cross-cut.jpg/500px-Apple_red_delicius_cross-cut.jpg
  [commons.wikimedia.org] 429 intento 1, esperando 40s ...
  [2935] 'Anchoas' -> https://upload.wikimedia.org/wikipedia/commons/thumb/b/b8/Il_Guardiano_del_Faro_2.jpg/500px-Il_Guardiano_del_Faro_2.jpg
  [2936] 'Filetes de anchoa marinados en aceite' -> https://upload.wikimedia.org/wikipedia/commons/thumb/b/b8/Il_Guardiano_del_Faro_2.jpg/500px-Il_Guardiano_del_Faro_2.jpg
  [2937] 'Filetes de anchoa en aceite (variedad 2937)' -> https://upload.wikimedia.org/wikipedia/commons/thumb/b/b8/Il_Guardiano_del_Faro_2.jpg/500px-Il_Guardiano_del_Faro_2.jpg
  [2939] 'Filete de anchoa en aceite de oliva (variedad 2939)' -> https://upload.wikimedia.org/wikipedia/commons/thumb/b/b8/Il_Guardiano_del_Faro_2.jpg/500px-Il_Guardiano_del_Faro_2.jpg
  [commons.wikimedia.org] 429 intento 1, esperando 39s ...
  [2941] 'Prosciutto Di Parma' -> https://upload.wikimedia.org/wikipedia/commons/thumb/0/0c/Prosciutto_di_Parma_-_marchio_a_fuoco.jpg/500px-Prosciutto_di_Parma_-_marchio_a_fuoco.jpg
  [2944] 'Prosciutto arrosto' -> https://upload.wikimedia.org/wikipedia/commons/thumb/4/45/Lezione%2C_overo%2C_Cicalamento_di_maestro_Bartolino_dal_Canto_de%27_Bischeri_sopra%27l_sonetto_Passere%2C_e_beccafichi_magri_arrosto_%28IA_lezioneoverocica00cecc%29.pdf/page1-500px-Lezione%2C_overo%2C_Cicalamento_di_maestro_Bartolino_dal_Canto_de%27_Bischeri_sopra%27l_sonetto_Passere%2C_e_beccafichi_magri_arrosto_%28IA_lezioneoverocica00cecc%29.pdf.jpg
  [2945] 'Dry curado prosciutto con mozzarella' -> https://upload.wikimedia.org/wikipedia/commons/thumb/f/f3/Rio_del_Duca_%28Venice%29.jpg/500px-Rio_del_Duca_%28Venice%29.jpg
  [2946] 'Prosciutto Italiano' -> https://upload.wikimedia.org/wikipedia/commons/thumb/0/0c/Prosciutto_di_Parma_-_marchio_a_fuoco.jpg/500px-Prosciutto_di_Parma_-_marchio_a_fuoco.jpg
  [2947] 'Korean Barbecue Pork Jerky' -> https://upload.wikimedia.org/wikipedia/commons/thumb/e/e0/Golden_Hour_at_Emerald_Bay.jpg/500px-Golden_Hour_at_Emerald_Bay.jpg
  [2948] 'PEPPERED BEEF JERKY' -> https://upload.wikimedia.org/wikipedia/commons/thumb/3/3b/Raw_jerky_in_dehydrator.jpg/500px-Raw_jerky_in_dehydrator.jpg
  [commons.wikimedia.org] 429 intento 1, esperando 40s ...
  [2949] 'Chicken Strip Sriracha' -> https://upload.wikimedia.org/wikipedia/commons/thumb/7/7a/Sriracha_Chicken_Tenders_%2810508545344%29.jpg/500px-Sriracha_Chicken_Tenders_%2810508545344%29.jpg
  [2950] 'TERIYAKI BEEF JERKY' -> https://upload.wikimedia.org/wikipedia/commons/thumb/3/3b/Raw_jerky_in_dehydrator.jpg/500px-Raw_jerky_in_dehydrator.jpg
  [2951] 'Sliced Biltong' -> https://upload.wikimedia.org/wikipedia/commons/thumb/9/9f/Sliced_Biltong.jpg/500px-Sliced_Biltong.jpg
  [2952] 'Steak Bites' -> https://upload.wikimedia.org/wikipedia/commons/thumb/b/be/Laguiole_steak_knife.jpeg/500px-Laguiole_steak_knife.jpeg
  [2954] 'Vegan Jerky Chipotle' -> https://upload.wikimedia.org/wikipedia/commons/thumb/7/74/Mother-play_and_nursery_songs_-_poetry%2C_music_and_pictures_for_the_noble_culture_of_child_life_with_notes_to_mothers_%28IA_motherplaynurser00frob%29.pdf/page1-500px-Mother-play_and_nursery_songs_-_poetry%2C_music_and_pictures_for_the_noble_culture_of_child_life_with_notes_to_mothers_%28IA_motherplaynurser00frob%29.pdf.jpg
  [2955] 'Beef biltong' -> https://upload.wikimedia.org/wikipedia/commons/thumb/1/1f/Beef-jerky.jpg/500px-Beef-jerky.jpg
  [2956] 'Peppered Turkey Strips' -> https://upload.wikimedia.org/wikipedia/commons/thumb/5/52/Barn-yard_rhymes_-_showing_what_opinions_the_turkey%2C_the_cock%2C_the_goose%2C_and_the_duck_entertain_of_allopathia%2C_homopathia%2C_electro-galvanism%2C_and_the_animalcule_doctrines_%28IA_64210100R.nlm.nih.gov%29.pdf/page1-500px-thumbnail.pdf.jpg
  [commons.wikimedia.org] 429 intento 1, esperando 39s ...
  [2957] 'Emu jerky' -> https://upload.wikimedia.org/wikipedia/commons/thumb/3/3b/The_Emu_volume_7.djvu/page1-500px-The_Emu_volume_7.djvu.jpg
  [2960] 'Smoked Chicken Stick' -> https://upload.wikimedia.org/wikipedia/commons/thumb/c/ca/The_smoked_Yank_%28IA_smokedyank00grig%29.pdf/page1-500px-The_smoked_Yank_%28IA_smokedyank00grig%29.pdf.jpg
  [2961] 'Beef jerky' -> https://upload.wikimedia.org/wikipedia/commons/thumb/3/31/Beef_Jerky_in_space.jpg/500px-Beef_Jerky_in_space.jpg
  [2962] 'Teriyaki Snack Stick' -> https://upload.wikimedia.org/wikipedia/commons/thumb/8/8a/Pine_Ridge_Indians_drying_meat_-_photo_made_by_S.D._Butcher_%26_Son%2C_Kearney%2C_Neb._LCCN2005693370.jpg/500px-Pine_Ridge_Indians_drying_meat_-_photo_made_by_S.D._Butcher_%26_Son%2C_Kearney%2C_Neb._LCCN2005693370.jpg
  [2963] 'Traditional Jerky' -> https://upload.wikimedia.org/wikipedia/commons/thumb/e/e1/Tex_Avery_-_Jerky_Turkey_%281945%29_-_Title_Card.jpg/500px-Tex_Avery_-_Jerky_Turkey_%281945%29_-_Title_Card.jpg
  [commons.wikimedia.org] 429 intento 1, esperando 39s ...
  [2966] 'carne des GRISONS' -> https://upload.wikimedia.org/wikipedia/commons/thumb/c/c5/Fables_amusantes%2C_avec_une_table_g%C3%A9n%C3%A9rale_et_particuli%C3%A8re_des_mots_et_de_leur_signification_en_anglois_.._%28IA_fablesamusante00perr%29.pdf/page1-500px-Fables_amusantes%2C_avec_une_table_g%C3%A9n%C3%A9rale_et_particuli%C3%A8re_des_mots_et_de_leur_signification_en_anglois_.._%28IA_fablesamusante00perr%29.pdf.jpg
  [2967] 'Fuet Espetec' -> https://upload.wikimedia.org/wikipedia/commons/thumb/b/b0/Spanish_sausage-Fuet-01.jpg/500px-Spanish_sausage-Fuet-01.jpg
  [2968] 'MINIS ORIGINAL' -> https://upload.wikimedia.org/wikipedia/commons/thumb/4/4a/Archer_SP_17_pdr_Tank_Destroyer.jpg/500px-Archer_SP_17_pdr_Tank_Destroyer.jpg
  [2969] 'Archer original Beef Stick mini' -> https://upload.wikimedia.org/wikipedia/commons/thumb/4/4a/Archer_SP_17_pdr_Tank_Destroyer.jpg/500px-Archer_SP_17_pdr_Tank_Destroyer.jpg
  [2970] 'MR BEAST BEEF JERKY ORIGINAL' -> https://upload.wikimedia.org/wikipedia/commons/thumb/b/bd/Los_Angeles_%28California%2C_USA%29%2C_Hollywood_Boulevard%2C_Jack_Lemmon_--_2012_--_4999.jpg/500px-Los_Angeles_%28California%2C_USA%29%2C_Hollywood_Boulevard%2C_Jack_Lemmon_--_2012_--_4999.jpg
  [commons.wikimedia.org] 429 intento 1, esperando 37s ...
  [2971] 'carne des grisons - x12 tranches' -> https://upload.wikimedia.org/wikipedia/commons/thumb/4/4d/Periodic_table_large.svg/500px-Periodic_table_large.svg.png
  [2972] 'LS carne des grisons /12T' -> https://upload.wikimedia.org/wikipedia/commons/thumb/2/26/Revue_des_Deux_Mondes_-_1832_-_tome_5.djvu/page1-500px-Revue_des_Deux_Mondes_-_1832_-_tome_5.djvu.jpg
  [2973] 'Beef' -> https://upload.wikimedia.org/wikipedia/commons/thumb/9/99/DoughnDolce_Beef_Sandwich.jpg/500px-DoughnDolce_Beef_Sandwich.jpg
  [2974] 'Bresaola' -> https://upload.wikimedia.org/wikipedia/commons/thumb/c/cb/Bresaola-Valt-IGP.jpg/500px-Bresaola-Valt-IGP.jpg
  [2975] 'carne de Bœuf Séchée' -> https://upload.wikimedia.org/wikipedia/commons/thumb/0/02/Carrefour_55-o.art.pub-carrefour-02.jpg/500px-Carrefour_55-o.art.pub-carrefour-02.jpg
  [2976] 'Cecina' -> https://upload.wikimedia.org/wikipedia/commons/thumb/4/4a/Cecina_river.jpg/500px-Cecina_river.jpg
  [2977] 'Beef Jerky Original' -> https://upload.wikimedia.org/wikipedia/commons/thumb/3/31/Beef_Jerky_in_space.jpg/500px-Beef_Jerky_in_space.jpg
  [2978] 'Original Beef Stick' -> https://upload.wikimedia.org/wikipedia/commons/thumb/b/b7/Beef_Stick_of_Kumatan_Market.jpg/500px-Beef_Stick_of_Kumatan_Market.jpg
  [commons.wikimedia.org] 429 intento 1, esperando 39s ...
  [2979] 'Beef Jerky Teriyaki (Variedad 2979)' -> https://upload.wikimedia.org/wikipedia/commons/thumb/3/3b/Raw_jerky_in_dehydrator.jpg/500px-Raw_jerky_in_dehydrator.jpg
  [2980] 'carne de bœuf séchée x 10 tranches' -> https://upload.wikimedia.org/wikipedia/commons/thumb/3/32/Azay-le-ferron-eglise.jpg/500px-Azay-le-ferron-eglise.jpg
  [2981] 'BEEF JERKY dulce & HOT' -> https://upload.wikimedia.org/wikipedia/commons/thumb/b/bd/Los_Angeles_%28California%2C_USA%29%2C_Hollywood_Boulevard%2C_Jack_Lemmon_--_2012_--_4999.jpg/500px-Los_Angeles_%28California%2C_USA%29%2C_Hollywood_Boulevard%2C_Jack_Lemmon_--_2012_--_4999.jpg
  [2983] 'Carne de grisons -25% de sal' -> https://upload.wikimedia.org/wikipedia/commons/thumb/2/22/Blason_ville_It_Aoste.svg/500px-Blason_ville_It_Aoste.svg.png
  [commons.wikimedia.org] 429 intento 1, esperando 40s ...
  [2986] 'carne des grisons -25% sal - x12 tranches' -> https://upload.wikimedia.org/wikipedia/commons/thumb/4/4d/Periodic_table_large.svg/500px-Periodic_table_large.svg.png
  [2989] 'Nuez de Jambon' -> https://upload.wikimedia.org/wikipedia/commons/thumb/2/22/Blason_ville_It_Aoste.svg/500px-Blason_ville_It_Aoste.svg.png
  [2991] 'carne DES GRISONS IGP' -> https://upload.wikimedia.org/wikipedia/commons/thumb/0/02/Carrefour_55-o.art.pub-carrefour-02.jpg/500px-Carrefour_55-o.art.pub-carrefour-02.jpg
  [2992] 'Classic Beef Stick' -> https://upload.wikimedia.org/wikipedia/commons/thumb/e/e5/Beef%2C_iron_and_wine_%28IA_beefironandwine00laitiala%29.pdf/page1-500px-Beef%2C_iron_and_wine_%28IA_beefironandwine00laitiala%29.pdf.jpg
  [commons.wikimedia.org] 429 intento 1, esperando 39s ...
  [2994] 'Original BEEF mini STICK' -> https://upload.wikimedia.org/wikipedia/commons/thumb/c/c1/The_Denham_tracts_-_a_collection_of_folklore_-_reprinted_from_the_original_tracts_and_pamphlets_printed_by_Mr._Denham_between_1846_and_1859_%28IA_cu31924092530496%29.pdf/page1-500px-thumbnail.pdf.jpg
  [2995] 'Bresaola punta d’anca' -> https://upload.wikimedia.org/wikipedia/commons/thumb/2/2a/Stefano_Pavesi_-_Il_maldicente%2C_o_sia%2C_La_bottega_del_caff%C3%A8_-_melodramma_giocoso_da_rappresentarsi_nell%27I._R._Teatro_alla_Scala_l%27autunno_del_1828_-_libretto_%28IA_ilmaldicenteosia626gasb%29.pdf/page1-500px-thumbnail.pdf.jpg
  [2996] 'Bresaola - x10 tranches' -> https://upload.wikimedia.org/wikipedia/commons/thumb/4/4d/Periodic_table_large.svg/500px-Periodic_table_large.svg.png
  [2997] 'carne séchée de boeuf - x12 tranches' -> https://upload.wikimedia.org/wikipedia/commons/thumb/4/4d/Periodic_table_large.svg/500px-Periodic_table_large.svg.png
  [2998] 'Bresaola de valtellina i.g.p.' -> https://upload.wikimedia.org/wikipedia/commons/thumb/c/cb/Bresaola-Valt-IGP.jpg/500px-Bresaola-Valt-IGP.jpg
  [commons.wikimedia.org] 429 intento 1, esperando 40s ...
  [2999] 'Original Recipe Smoked Shorty Sausages' -> https://upload.wikimedia.org/wikipedia/commons/thumb/8/83/Sir_Arthur_Wellesley%2C_1st_Duke_of_Wellington.png/500px-Sir_Arthur_Wellesley%2C_1st_Duke_of_Wellington.png
  [3000] 'Beef Stick' -> https://upload.wikimedia.org/wikipedia/commons/thumb/d/d4/Beef_kebabs.jpg/500px-Beef_kebabs.jpg
  [3001] 'Bresaola Tradizionale' -> https://upload.wikimedia.org/wikipedia/commons/thumb/c/c6/Negroni_served_in_Vancouver_BC.jpg/500px-Negroni_served_in_Vancouver_BC.jpg
  [3003] 'MANZANILLA SPANISH Aceitunas' -> https://upload.wikimedia.org/wikipedia/commons/thumb/7/71/Crocodrylus_acutus_in_la_manzanilla_mexico-1.jpg/500px-Crocodrylus_acutus_in_la_manzanilla_mexico-1.jpg
  [3004] 'American Wagyu Beef Jerky' -> https://upload.wikimedia.org/wikipedia/commons/thumb/8/88/Environmental_analysis_record_for_the_agricultural_development_program%2C_lower_Snake_River_plains_of_Idaho_%28IA_environmentalanaunit%29.pdf/page1-500px-Environmental_analysis_record_for_the_agricultural_development_program%2C_lower_Snake_River_plains_of_Idaho_%28IA_environmentalanaunit%29.pdf.jpg
  [commons.wikimedia.org] 429 intento 1, esperando 40s ...
  [3005] 'Beef Jerky picante y picante' -> https://upload.wikimedia.org/wikipedia/commons/thumb/6/6d/Mcennedy_U.S._American_specialities_at_the_Lidl%2C_Winschoten_%282018%29.jpg/500px-Mcennedy_U.S._American_specialities_at_the_Lidl%2C_Winschoten_%282018%29.jpg
  [3007] 'Original Beef Jerky' -> https://upload.wikimedia.org/wikipedia/commons/thumb/3/31/Beef_Jerky_in_space.jpg/500px-Beef_Jerky_in_space.jpg
  [commons.wikimedia.org] 429 intento 1, esperando 38s ...
  [3010] 'Bresaola Bio Valtellina IGP' -> https://upload.wikimedia.org/wikipedia/commons/thumb/d/d5/MB-Gianni-Citterio-targa-1944.jpg/500px-MB-Gianni-Citterio-targa-1944.jpg
  [3013] 'MINIS' -> https://upload.wikimedia.org/wikipedia/commons/thumb/d/d9/Hadewych-minis-1326116992.jpg/500px-Hadewych-minis-1326116992.jpg
  [3014] 'Protein Jerky' -> https://upload.wikimedia.org/wikipedia/commons/thumb/3/3b/Raw_jerky_in_dehydrator.jpg/500px-Raw_jerky_in_dehydrator.jpg
  [3015] 'Steak Strips' -> https://upload.wikimedia.org/wikipedia/commons/thumb/f/f9/Contre-filet_%28strip_steak%29.jpg/500px-Contre-filet_%28strip_steak%29.jpg
  [3016] 'Honey BBQ Beef Jerky' -> https://upload.wikimedia.org/wikipedia/commons/thumb/6/6a/Wild_West_Paraphernalia.jpg/500px-Wild_West_Paraphernalia.jpg
  [3017] 'Citterio Sofficette Bresaola Della Valtellina' -> https://upload.wikimedia.org/wikipedia/commons/thumb/d/d5/MB-Gianni-Citterio-targa-1944.jpg/500px-MB-Gianni-Citterio-targa-1944.jpg
  [3018] 'Carpaccio di bresaola' -> https://upload.wikimedia.org/wikipedia/commons/thumb/4/4f/Rigamonti_brescia_palermo.jpg/500px-Rigamonti_brescia_palermo.jpg
  [commons.wikimedia.org] 429 intento 1, esperando 40s ...
  [3022] 'BRESAOLA COOP' -> https://upload.wikimedia.org/wikipedia/commons/thumb/a/a5/Coop_Supermarkten_in_Velp.jpg/500px-Coop_Supermarkten_in_Velp.jpg
  [3023] 'Magret de canard de sud-ouest' -> https://upload.wikimedia.org/wikipedia/commons/thumb/f/fd/Magret_de_canard_plancha.jpg/500px-Magret_de_canard_plancha.jpg
  [3024] 'Grass-Fed Beef Jerky Mango Habanero' -> https://upload.wikimedia.org/wikipedia/commons/thumb/4/4a/Archer_SP_17_pdr_Tank_Destroyer.jpg/500px-Archer_SP_17_pdr_Tank_Destroyer.jpg
  [3025] 'GRASS-FED BEEF JERKY' -> https://upload.wikimedia.org/wikipedia/commons/thumb/5/55/Orange-marinated_beef_jerky.jpg/500px-Orange-marinated_beef_jerky.jpg
  [3026] 'Bresì' -> https://upload.wikimedia.org/wikipedia/commons/thumb/f/f7/Parco_Golfera_-_laghetto_e_oche.jpg/500px-Parco_Golfera_-_laghetto_e_oche.jpg
  [commons.wikimedia.org] 429 intento 1, esperando 40s ...
  [3027] 'Bresaola 7TR' -> https://upload.wikimedia.org/wikipedia/commons/thumb/2/26/Revue_des_Deux_Mondes_-_1832_-_tome_5.djvu/page1-500px-Revue_des_Deux_Mondes_-_1832_-_tome_5.djvu.jpg
  [3028] 'Old Fashioned Beef Jerky' -> https://upload.wikimedia.org/wikipedia/commons/thumb/8/8c/Old-world_idylls_and_other_verses_%28IA_oldworldidylls00dobsiala%29.pdf/page1-500px-Old-world_idylls_and_other_verses_%28IA_oldworldidylls00dobsiala%29.pdf.jpg
  [3029] 'Sofficette - Bresaola de Valtellina IGP' -> https://upload.wikimedia.org/wikipedia/commons/thumb/d/d5/MB-Gianni-Citterio-targa-1944.jpg/500px-MB-Gianni-Citterio-targa-1944.jpg
  [3032] 'Truite ahumada, Aquitaine' -> https://upload.wikimedia.org/wikipedia/commons/thumb/0/02/Carrefour_55-o.art.pub-carrefour-02.jpg/500px-Carrefour_55-o.art.pub-carrefour-02.jpg
  [3033] 'Truite ahumada de Pyrénées' -> https://upload.wikimedia.org/wikipedia/commons/thumb/4/40/Lectures_sur_les_p%C3%AAcheries_donn%C3%A9es_%C3%A0_la_chambre_de_lecture_de_Saint-Roch%2C_les_21_d%C3%A9cembre_1852%2C_et_21_f%C3%A9vrier_1853_%28microforme%29_%28IA_cihm_45462%29.pdf/page1-500px-Lectures_sur_les_p%C3%AAcheries_donn%C3%A9es_%C3%A0_la_chambre_de_lecture_de_Saint-Roch%2C_les_21_d%C3%A9cembre_1852%2C_et_21_f%C3%A9vrier_1853_%28microforme%29_%28IA_cihm_45462%29.pdf.jpg
  [commons.wikimedia.org] 429 intento 1, esperando 39s ...
  [3034] 'Ahumado en rodajas Lachsforelle mild' -> https://upload.wikimedia.org/wikipedia/commons/thumb/f/fd/Nautica_%28IMO_9032458%29_sailing_from_Halmstad.jpg/500px-Nautica_%28IMO_9032458%29_sailing_from_Halmstad.jpg
  [3035] 'Salmon ahumado' -> https://upload.wikimedia.org/wikipedia/commons/9/93/Smoked_Salmon.jpg
  [3036] 'Filet de harengs dulce' -> https://upload.wikimedia.org/wikipedia/commons/thumb/3/33/Matthieu_Delpierre_Meisterfeier.jpg/500px-Matthieu_Delpierre_Meisterfeier.jpg
  [3038] 'Filets de harengs fumés -25% de sal' -> https://upload.wikimedia.org/wikipedia/commons/thumb/3/33/Matthieu_Delpierre_Meisterfeier.jpg/500px-Matthieu_Delpierre_Meisterfeier.jpg
  [3039] 'Salmón ATL ELEVE en NORVEGE FUME' -> https://upload.wikimedia.org/wikipedia/commons/thumb/9/9c/Partition_Il_%C3%A9tait_un_petit_navire.png/500px-Partition_Il_%C3%A9tait_un_petit_navire.png
  [3040] 'Filets de Harengs fumés, Cebollas ecológico con zanahorias' -> https://upload.wikimedia.org/wikipedia/commons/thumb/2/25/Phare_d%27Eckm%C3%BChl%2C_Penmarc%27h%2C_France_%28panoramique%29.jpg/500px-Phare_d%27Eckm%C3%BChl%2C_Penmarc%27h%2C_France_%28panoramique%29.jpg
  [3041] 'Truite ahumada Labeyrie france' -> https://upload.wikimedia.org/wikipedia/commons/thumb/d/da/Nouvelle_salle_polyvalente_de_Labeyrie_%28Pyr%C3%A9n%C3%A9es-Atlantiques%29.jpg/500px-Nouvelle_salle_polyvalente_de_Labeyrie_%28Pyr%C3%A9n%C3%A9es-Atlantiques%29.jpg
  [commons.wikimedia.org] 429 intento 1, esperando 39s ...
  [3042] 'Ahumado salmón' -> https://upload.wikimedia.org/wikipedia/commons/thumb/f/fd/Nautica_%28IMO_9032458%29_sailing_from_Halmstad.jpg/500px-Nautica_%28IMO_9032458%29_sailing_from_Halmstad.jpg
  [3043] 'Filets de hareng fumés dulce' -> https://upload.wikimedia.org/wikipedia/commons/thumb/2/22/Dictionnaire_universel_de_cuisine_pratique_encyclop%C3%A9die_illustr%C3%A9e_d%27hygi%C3%A8ne_alimentaire_modification_de_l%27homme_par_l%27alimentation_le_dictionnaire_comprend_l%27%C3%A9tymologie_%28IA_dictionnaireuniv02favr%29.pdf/page1-500px-thumbnail.pdf.jpg
  [3044] 'Ahumado ecológico salmón' -> https://upload.wikimedia.org/wikipedia/commons/thumb/d/da/Nouvelle_salle_polyvalente_de_Labeyrie_%28Pyr%C3%A9n%C3%A9es-Atlantiques%29.jpg/500px-Nouvelle_salle_polyvalente_de_Labeyrie_%28Pyr%C3%A9n%C3%A9es-Atlantiques%29.jpg
  [3045] 'Truite ahumada con bois de hêtre 6 tranches' -> https://upload.wikimedia.org/wikipedia/commons/thumb/4/4d/Periodic_table_large.svg/500px-Periodic_table_large.svg.png
  [commons.wikimedia.org] 429 intento 1, esperando 39s ...
  [3047] 'Truite' -> https://upload.wikimedia.org/wikipedia/commons/thumb/b/bf/2013-10-30_14-37-58_cascade-saut-de-la-truite-savoureuse-lepuix.jpg/500px-2013-10-30_14-37-58_cascade-saut-de-la-truite-savoureuse-lepuix.jpg
  [3050] 'Filets de harengs fumés al natural Delpierre' -> https://upload.wikimedia.org/wikipedia/commons/thumb/3/33/Matthieu_Delpierre_Meisterfeier.jpg/500px-Matthieu_Delpierre_Meisterfeier.jpg
  [3051] 'Truite ahumada ecológico 4tr' -> https://upload.wikimedia.org/wikipedia/commons/thumb/2/2d/Strasbourg%2C_Cin%C3%A9ma_Odyss%C3%A9e.jpg/500px-Strasbourg%2C_Cin%C3%A9ma_Odyss%C3%A9e.jpg
  [3052] 'Salmon ahumado en lonchas' -> https://upload.wikimedia.org/wikipedia/commons/thumb/d/d9/Baily_Lighthouse_-_geograph.org.uk_-_11885.jpg/500px-Baily_Lighthouse_-_geograph.org.uk_-_11885.jpg
  [3053] 'Salmón ATLANTIQUE ecológico FUME con BOIS de HÊTRE' -> https://upload.wikimedia.org/wikipedia/commons/thumb/d/da/Nouvelle_salle_polyvalente_de_Labeyrie_%28Pyr%C3%A9n%C3%A9es-Atlantiques%29.jpg/500px-Nouvelle_salle_polyvalente_de_Labeyrie_%28Pyr%C3%A9n%C3%A9es-Atlantiques%29.jpg
  [3056] 'Truite ahumada' -> https://upload.wikimedia.org/wikipedia/commons/thumb/f/fd/Nautica_%28IMO_9032458%29_sailing_from_Halmstad.jpg/500px-Nautica_%28IMO_9032458%29_sailing_from_Halmstad.jpg
  [3057] 'SAUMON ATLANTIQUE FUME NORVÈGE' -> https://upload.wikimedia.org/wikipedia/commons/thumb/d/da/Nouvelle_salle_polyvalente_de_Labeyrie_%28Pyr%C3%A9n%C3%A9es-Atlantiques%29.jpg/500px-Nouvelle_salle_polyvalente_de_Labeyrie_%28Pyr%C3%A9n%C3%A9es-Atlantiques%29.jpg
  [commons.wikimedia.org] 429 intento 1, esperando 40s ...
  [commons.wikimedia.org] ConnectError intento 2, esperando 10s ...
  [3059] 'Ahumado pimienta Maquereaux' -> https://upload.wikimedia.org/wikipedia/commons/thumb/3/33/Matthieu_Delpierre_Meisterfeier.jpg/500px-Matthieu_Delpierre_Meisterfeier.jpg
  [3060] 'Ahumado 4 tranches salmón' -> https://upload.wikimedia.org/wikipedia/commons/thumb/6/6e/Kop_lesa_u_obodu%2C_gde_je_bio_kurgan.jpg/500px-Kop_lesa_u_obodu%2C_gde_je_bio_kurgan.jpg
  [3062] 'Maquereaux fumés Natural' -> https://upload.wikimedia.org/wikipedia/commons/thumb/3/33/Matthieu_Delpierre_Meisterfeier.jpg/500px-Matthieu_Delpierre_Meisterfeier.jpg
  [3063] 'Truite ahumada de Bretagne' -> https://upload.wikimedia.org/wikipedia/commons/thumb/f/f0/Alletz_-_G%C3%A9nie_du_XIXe_si%C3%A8cle%2C_ou_esquisse_des_progr%C3%A8s_de_l%E2%80%99esprit_humain_depuis_1800_jusqu%E2%80%99%C3%A0_nos_jours.djvu/page1-500px-Alletz_-_G%C3%A9nie_du_XIXe_si%C3%A8cle%2C_ou_esquisse_des_progr%C3%A8s_de_l%E2%80%99esprit_humain_depuis_1800_jusqu%E2%80%99%C3%A0_nos_jours.djvu.jpg
  [3065] 'Taquitos de salmón ahumado' -> https://upload.wikimedia.org/wikipedia/commons/thumb/e/e0/I_Love_Hacendado_%28469984295%29.jpg/500px-I_Love_Hacendado_%28469984295%29.jpg
  [3066] 'Truite de Normandie' -> https://upload.wikimedia.org/wikipedia/commons/thumb/6/6a/Chroniques_neustriennes%2C_ou_pr%C3%A9cis_de_l%27histoire_de_Normandie%2C_ses_ducs%2C_ses_h%C3%A9ros%2C_ses_grands_hommes_%28IA_ChroniquesNeustriennesOuPrecisMesn%29.pdf/page1-500px-Chroniques_neustriennes%2C_ou_pr%C3%A9cis_de_l%27histoire_de_Normandie%2C_ses_ducs%2C_ses_h%C3%A9ros%2C_ses_grands_hommes_%28IA_ChroniquesNeustriennesOuPrecisMesn%29.pdf.jpg
  [3067] 'Ahumado élevé en norvège salmón' -> https://upload.wikimedia.org/wikipedia/commons/thumb/0/02/Carrefour_55-o.art.pub-carrefour-02.jpg/500px-Carrefour_55-o.art.pub-carrefour-02.jpg
  [commons.wikimedia.org] 429 intento 1, esperando 4s ...
  [3069] 'Filets de hareng fumes' -> https://upload.wikimedia.org/wikipedia/commons/thumb/0/02/Carrefour_55-o.art.pub-carrefour-02.jpg/500px-Carrefour_55-o.art.pub-carrefour-02.jpg
  [3071] 'Ahumado con 5 baies Emincés de salmón' -> https://upload.wikimedia.org/wikipedia/commons/thumb/f/f3/Carrefour_City_Centre_Shopping_Mall_Doha.jpg/500px-Carrefour_City_Centre_Shopping_Mall_Doha.jpg
  [3072] "Salmón ATLANTIQUE D'ECOSSE FUME 2 TRANCHES" -> https://upload.wikimedia.org/wikipedia/commons/thumb/d/da/Nouvelle_salle_polyvalente_de_Labeyrie_%28Pyr%C3%A9n%C3%A9es-Atlantiques%29.jpg/500px-Nouvelle_salle_polyvalente_de_Labeyrie_%28Pyr%C3%A9n%C3%A9es-Atlantiques%29.jpg
  [3073] 'Truite ahumada élevée en agua douce' -> https://upload.wikimedia.org/wikipedia/commons/thumb/0/02/Carrefour_55-o.art.pub-carrefour-02.jpg/500px-Carrefour_55-o.art.pub-carrefour-02.jpg
  [3074] 'Filets de maquereaux fumés con pimienta' -> https://upload.wikimedia.org/wikipedia/commons/thumb/8/8f/Savon_Carrefour_extra_riche_%C3%A0_l%27huile_d%27avocat_-_1.jpg/500px-Savon_Carrefour_extra_riche_%C3%A0_l%27huile_d%27avocat_-_1.jpg
  [3075] 'Bio-räucherlachs, Trockengesalzen, En Scheiben geschnitten' -> https://upload.wikimedia.org/wikipedia/commons/thumb/e/e1/Natica_hebraea.jpg/500px-Natica_hebraea.jpg
  [commons.wikimedia.org] 429 intento 1, esperando 37s ...
  [3080] 'Sopa cremosa de eglefino y salmón ahumado' -> https://upload.wikimedia.org/wikipedia/commons/thumb/2/2d/Why_and_how_to_use_salt_and_smoked_fish_%28IA_whyhowtousesalts00moor%29.pdf/page1-500px-Why_and_how_to_use_salt_and_smoked_fish_%28IA_whyhowtousesalts00moor%29.pdf.jpg
  [commons.wikimedia.org] 429 intento 1, esperando 40s ...
  [3081] 'Bio Räucherlachs' -> https://upload.wikimedia.org/wikipedia/commons/thumb/5/52/Das_Gebiss_der_Schnecken_zur_Begr%C3%BCndung_einer_nat%C3%BCrlichen_Classification_%28IA_dasgebissderschn02tros%29.pdf/page1-500px-Das_Gebiss_der_Schnecken_zur_Begr%C3%BCndung_einer_nat%C3%BCrlichen_Classification_%28IA_dasgebissderschn02tros%29.pdf.jpg
  [3082] 'Truite ahumada Origen Francia 4tr' -> https://upload.wikimedia.org/wikipedia/commons/thumb/5/54/Capitaine_Cook%2C_IMO7632876%2C_in_Auckland_2008-03-28.jpg/500px-Capitaine_Cook%2C_IMO7632876%2C_in_Auckland_2008-03-28.jpg
  [3084] 'Truite ahumada Elevée en Pyrénées' -> https://upload.wikimedia.org/wikipedia/commons/thumb/0/02/Carrefour_55-o.art.pub-carrefour-02.jpg/500px-Carrefour_55-o.art.pub-carrefour-02.jpg
  [3086] 'Ahumado élevé en écosse salmón' -> https://upload.wikimedia.org/wikipedia/commons/thumb/0/02/Carrefour_55-o.art.pub-carrefour-02.jpg/500px-Carrefour_55-o.art.pub-carrefour-02.jpg
  [3087] 'Ahumado salmón (Variedad 3087)' -> https://upload.wikimedia.org/wikipedia/commons/9/93/Smoked_Salmon.jpg
  [3088] 'Salmón ATLANTIQUE FUME con BOIS de HETRE -25% sal' -> https://upload.wikimedia.org/wikipedia/commons/thumb/d/da/Nouvelle_salle_polyvalente_de_Labeyrie_%28Pyr%C3%A9n%C3%A9es-Atlantiques%29.jpg/500px-Nouvelle_salle_polyvalente_de_Labeyrie_%28Pyr%C3%A9n%C3%A9es-Atlantiques%29.jpg
  [3089] 'Ahumado 5 Baies y Coriandre Émincés de salmón' -> https://upload.wikimedia.org/wikipedia/commons/thumb/f/fd/Nautica_%28IMO_9032458%29_sailing_from_Halmstad.jpg/500px-Nautica_%28IMO_9032458%29_sailing_from_Halmstad.jpg
  [3090] 'Saumon Fume Sauvage Intense' -> https://upload.wikimedia.org/wikipedia/commons/thumb/d/da/Nouvelle_salle_polyvalente_de_Labeyrie_%28Pyr%C3%A9n%C3%A9es-Atlantiques%29.jpg/500px-Nouvelle_salle_polyvalente_de_Labeyrie_%28Pyr%C3%A9n%C3%A9es-Atlantiques%29.jpg
  [commons.wikimedia.org] 429 intento 1, esperando 38s ...
  [3091] 'Truite ahumada - ahumada con bois de hêtre, Salage tradicional - élevée en agua douce' -> https://upload.wikimedia.org/wikipedia/commons/thumb/2/22/Auchan%2C_Le_Pontet%2C_Vaucluse%2C_France.jpg/500px-Auchan%2C_Le_Pontet%2C_Vaucluse%2C_France.jpg
  [3093] 'Salmón ATL ELEVE en ECOSSE FUME' -> https://upload.wikimedia.org/wikipedia/commons/thumb/9/9c/Partition_Il_%C3%A9tait_un_petit_navire.png/500px-Partition_Il_%C3%A9tait_un_petit_navire.png
  [3097] 'Pavé de Truite' -> https://upload.wikimedia.org/wikipedia/commons/thumb/9/9c/Aqualand_Chorweiler.jpg/500px-Aqualand_Chorweiler.jpg
  [3098] 'Truite fumee bio' -> https://upload.wikimedia.org/wikipedia/commons/thumb/2/22/Wm_james.jpg/500px-Wm_james.jpg
  [commons.wikimedia.org] 429 intento 1, esperando 37s ...
  [3100] 'Truite des Pyrénées' -> https://upload.wikimedia.org/wikipedia/commons/thumb/8/8b/Beraldi_-_Cent_ans_aux_Pyr%C3%A9n%C3%A9es%2C_tome_6.djvu/page1-500px-Beraldi_-_Cent_ans_aux_Pyr%C3%A9n%C3%A9es%2C_tome_6.djvu.jpg
  [3102] 'Ahumado de Norvège salmón' -> https://upload.wikimedia.org/wikipedia/commons/thumb/3/33/Matthieu_Delpierre_Meisterfeier.jpg/500px-Matthieu_Delpierre_Meisterfeier.jpg
  [3103] 'Ahumado Scottish salmón' -> https://upload.wikimedia.org/wikipedia/commons/thumb/7/76/Remarks_on_the_salmon_fishings_of_Scotland_%28IA_remarksonsalmonf00hectuoft%29.pdf/page1-500px-Remarks_on_the_salmon_fishings_of_Scotland_%28IA_remarksonsalmonf00hectuoft%29.pdf.jpg
  [commons.wikimedia.org] 429 intento 1, esperando 40s ...
  [3106] 'Ahumado Atlantique con bois de hêtre con 5 baies Emincés de salmón' -> https://upload.wikimedia.org/wikipedia/commons/thumb/4/4d/Periodic_table_large.svg/500px-Periodic_table_large.svg.png
  [3107] 'Ahumado Norwegian salmón' -> https://upload.wikimedia.org/wikipedia/commons/thumb/f/fd/Nautica_%28IMO_9032458%29_sailing_from_Halmstad.jpg/500px-Nautica_%28IMO_9032458%29_sailing_from_Halmstad.jpg
  [3108] 'Ahumado con sésamo y con pavot Emincés de salmón' -> https://upload.wikimedia.org/wikipedia/commons/thumb/f/f3/Carrefour_City_Centre_Shopping_Mall_Doha.jpg/500px-Carrefour_City_Centre_Shopping_Mall_Doha.jpg
  [3109] 'Ahumado Écosse salmón' -> https://upload.wikimedia.org/wikipedia/commons/thumb/d/da/Nouvelle_salle_polyvalente_de_Labeyrie_%28Pyr%C3%A9n%C3%A9es-Atlantiques%29.jpg/500px-Nouvelle_salle_polyvalente_de_Labeyrie_%28Pyr%C3%A9n%C3%A9es-Atlantiques%29.jpg
  [3110] 'Ahumado suave Scotish salmón' -> https://upload.wikimedia.org/wikipedia/commons/thumb/a/a5/J._Sainsbury%27s_supermarket_Camden_Road%2C_London.jpg/500px-J._Sainsbury%27s_supermarket_Camden_Road%2C_London.jpg
  [3111] 'Bio-Lachs' -> https://upload.wikimedia.org/wikipedia/commons/thumb/9/9d/Witten-Krone_Eselsmarkt1.jpg/500px-Witten-Krone_Eselsmarkt1.jpg
  [commons.wikimedia.org] 429 intento 1, esperando 39s ...
  [3112] 'Ahumado Norvège - salage tradicional salmón, Ahumado con bois de hêtre' -> https://upload.wikimedia.org/wikipedia/commons/thumb/2/22/Auchan%2C_Le_Pontet%2C_Vaucluse%2C_France.jpg/500px-Auchan%2C_Le_Pontet%2C_Vaucluse%2C_France.jpg
  [3113] 'Norwegischer Räucherlachs' -> https://upload.wikimedia.org/wikipedia/commons/thumb/f/fd/Nautica_%28IMO_9032458%29_sailing_from_Halmstad.jpg/500px-Nautica_%28IMO_9032458%29_sailing_from_Halmstad.jpg
  [3114] 'Ahumado Sauvage salmón' -> https://upload.wikimedia.org/wikipedia/commons/thumb/a/a1/Scali-Delpeyrat-Notre-univers.JPG/500px-Scali-Delpeyrat-Notre-univers.JPG
  [3117] "Ahumado con l'aneth y con ralladura de limón Émincés de salmón" -> https://upload.wikimedia.org/wikipedia/commons/thumb/f/f3/Carrefour_City_Centre_Shopping_Mall_Doha.jpg/500px-Carrefour_City_Centre_Shopping_Mall_Doha.jpg
  [3118] 'Salmón ahumado Sockeye' -> https://upload.wikimedia.org/wikipedia/commons/thumb/a/a0/Jalaali_Leap_Year.svg/500px-Jalaali_Leap_Year.svg.png
  [commons.wikimedia.org] 429 intento 1, esperando 40s ...
  [3120] 'Saumon Traiteur tomillo limón' -> https://upload.wikimedia.org/wikipedia/commons/thumb/0/00/9126027_Mowi_Star.jpg/500px-9126027_Mowi_Star.jpg
  [3122] 'Ahumado rojo Sauvage salmón' -> https://upload.wikimedia.org/wikipedia/commons/thumb/4/4d/Periodic_table_large.svg/500px-Periodic_table_large.svg.png
  [3123] 'Filetes de salmón ahumado con chile dulce' -> https://upload.wikimedia.org/wikipedia/commons/thumb/3/38/Karta_Tesco_ClubCard.jpg/500px-Karta_Tesco_ClubCard.jpg
  [3124] 'Ahumado Grand Nord Norvégien salmón' -> https://upload.wikimedia.org/wikipedia/commons/thumb/9/9c/Partition_Il_%C3%A9tait_un_petit_navire.png/500px-Partition_Il_%C3%A9tait_un_petit_navire.png
  [commons.wikimedia.org] 429 intento 1, esperando 39s ...
  [3125] 'Salmón islandés ahumado en frío' -> https://upload.wikimedia.org/wikipedia/commons/3/35/Icelander_montage_2.png
  [3126] 'Ahumado Supérieur Écosse salmón' -> https://upload.wikimedia.org/wikipedia/commons/thumb/d/dc/ALDI_Woerden_02.JPG/500px-ALDI_Woerden_02.JPG
  [3128] 'Lachs' -> https://upload.wikimedia.org/wikipedia/commons/thumb/2/24/Atlantischer_Lachs.jpg/500px-Atlantischer_Lachs.jpg
  [3129] 'Ahumado aneth-limón Emincés de salmón' -> https://upload.wikimedia.org/wikipedia/commons/thumb/8/8c/Troisieme_voyage_abr%C3%A9g%C3%A9_du_capitaine_Cook%2C_dans_l%27oc%C3%A9an_Pacifique%3B_avec_une_cart_g%C3%A9n%C3%A9rale_%26_l%27estampe_repr%C3%A9sentant_la_mort_de_ce_capitaine_%28IA_cihm_17692%29.pdf/page1-500px-thumbnail.pdf.jpg
  [3130] 'Ahumado sauvage Alaska 4tr - MSC salmón' -> https://upload.wikimedia.org/wikipedia/commons/thumb/5/54/Capitaine_Cook%2C_IMO7632876%2C_in_Auckland_2008-03-28.jpg/500px-Capitaine_Cook%2C_IMO7632876%2C_in_Auckland_2008-03-28.jpg
  [commons.wikimedia.org] 429 intento 1, esperando 39s ...
  [3131] 'Aceitunas negras confitadas deshuesadas' -> https://upload.wikimedia.org/wikipedia/commons/thumb/f/f9/Doodsbrief_Louis_Tramier_1885_barcode_800000169445.jpg/500px-Doodsbrief_Louis_Tramier_1885_barcode_800000169445.jpg
  [3132] 'Aceitunas verdes deshuesadas -25% sal' -> https://upload.wikimedia.org/wikipedia/commons/thumb/f/f9/Doodsbrief_Louis_Tramier_1885_barcode_800000169445.jpg/500px-Doodsbrief_Louis_Tramier_1885_barcode_800000169445.jpg
  [3133] 'Aceitunas sin Stein Grüne' -> https://upload.wikimedia.org/wikipedia/commons/thumb/5/51/Baresa_station_-_2008-10-31.jpg/500px-Baresa_station_-_2008-10-31.jpg
  [3134] "Deshuesadas estilo griego - Filet d'aceite de oliva" -> https://upload.wikimedia.org/wikipedia/commons/thumb/f/f9/Doodsbrief_Louis_Tramier_1885_barcode_800000169445.jpg/500px-Doodsbrief_Louis_Tramier_1885_barcode_800000169445.jpg
  [3135] 'Aceitunas verdes deshuesadas BIO' -> https://upload.wikimedia.org/wikipedia/commons/thumb/f/f9/Doodsbrief_Louis_Tramier_1885_barcode_800000169445.jpg/500px-Doodsbrief_Louis_Tramier_1885_barcode_800000169445.jpg
  [3137] 'Aceitunas verdes' -> https://upload.wikimedia.org/wikipedia/commons/thumb/1/1f/Aceitunas_verdes_encurtidas.jpg/500px-Aceitunas_verdes_encurtidas.jpg
  [commons.wikimedia.org] 429 intento 1, esperando 39s ...
  [3139] 'Aceitunas verdes deshuesadas sachet' -> https://upload.wikimedia.org/wikipedia/commons/thumb/f/f9/Doodsbrief_Louis_Tramier_1885_barcode_800000169445.jpg/500px-Doodsbrief_Louis_Tramier_1885_barcode_800000169445.jpg
  [3140] 'Aceitunas Deshuesadas en Salmuera' -> https://upload.wikimedia.org/wikipedia/commons/thumb/5/51/Baresa_station_-_2008-10-31.jpg/500px-Baresa_station_-_2008-10-31.jpg
  [3141] 'Aceitunas verdes deshuesadas en frasco' -> https://upload.wikimedia.org/wikipedia/commons/thumb/4/4d/Periodic_table_large.svg/500px-Periodic_table_large.svg.png
  [3142] 'Aceitunas negras estilo griego deshuesadas' -> https://upload.wikimedia.org/wikipedia/commons/thumb/f/f9/Doodsbrief_Louis_Tramier_1885_barcode_800000169445.jpg/500px-Doodsbrief_Louis_Tramier_1885_barcode_800000169445.jpg
  [3144] 'Aceitunas partidas aliñadas estilo chupadedos' -> https://upload.wikimedia.org/wikipedia/commons/thumb/0/01/Mercadona_Nuevo_Modelo_de_Tienda2.jpg/500px-Mercadona_Nuevo_Modelo_de_Tienda2.jpg
  [commons.wikimedia.org] 429 intento 1, esperando 40s ...
  [3145] 'Aceitunas confitadas deshuesadas' -> https://upload.wikimedia.org/wikipedia/commons/thumb/f/f9/Doodsbrief_Louis_Tramier_1885_barcode_800000169445.jpg/500px-Doodsbrief_Louis_Tramier_1885_barcode_800000169445.jpg
  [3146] 'Aceitunas estilo griego' -> https://upload.wikimedia.org/wikipedia/commons/thumb/f/f9/Doodsbrief_Louis_Tramier_1885_barcode_800000169445.jpg/500px-Doodsbrief_Louis_Tramier_1885_barcode_800000169445.jpg
  [3147] 'Aceitunas dúo a las hierbas' -> https://upload.wikimedia.org/wikipedia/commons/thumb/d/da/Le_classement_des_porcs_au_croc_ou_%22en_carcasses%22._%28IA_classementporc00agri%29.pdf/page1-500px-Le_classement_des_porcs_au_croc_ou_%22en_carcasses%22._%28IA_classementporc00agri%29.pdf.jpg
  [3148] 'Aceitunas negras estilo griego (Variedad 3148)' -> https://upload.wikimedia.org/wikipedia/commons/thumb/8/86/Bouton_d%27or_%282%29.jpg/500px-Bouton_d%27or_%282%29.jpg
  [3150] 'Aceitunas con Sardellenfüllung grüne' -> https://upload.wikimedia.org/wikipedia/commons/thumb/5/51/Baresa_station_-_2008-10-31.jpg/500px-Baresa_station_-_2008-10-31.jpg
  [3151] 'Aceitunas negras denoyautées boîte' -> https://upload.wikimedia.org/wikipedia/commons/thumb/e/ee/Hirundo_rustica_LC0073.jpg/500px-Hirundo_rustica_LC0073.jpg
  [3152] 'Aceitunas verdes deshuesadas reducidas en sal (-25 %)' -> https://upload.wikimedia.org/wikipedia/commons/thumb/e/ee/Hirundo_rustica_LC0073.jpg/500px-Hirundo_rustica_LC0073.jpg
  [commons.wikimedia.org] 429 intento 1, esperando 37s ...
  [3153] 'Aceitunas verdes rellenas de pimiento' -> https://upload.wikimedia.org/wikipedia/commons/thumb/d/db/Pizza_argentina_entera_mitad_roquefort_y_mitad_especial_con_jam%C3%B3n_y_morrones_con_aceitunas_rellenas.jpg/500px-Pizza_argentina_entera_mitad_roquefort_y_mitad_especial_con_jam%C3%B3n_y_morrones_con_aceitunas_rellenas.jpg
  [3155] 'Aceitunas negras enteras estilo griego' -> https://upload.wikimedia.org/wikipedia/commons/thumb/5/51/Baresa_station_-_2008-10-31.jpg/500px-Baresa_station_-_2008-10-31.jpg
  [3157] 'Aceitunas a la mediterránea deshuesadas' -> https://upload.wikimedia.org/wikipedia/commons/thumb/d/da/Le_classement_des_porcs_au_croc_ou_%22en_carcasses%22._%28IA_classementporc00agri%29.pdf/page1-500px-Le_classement_des_porcs_au_croc_ou_%22en_carcasses%22._%28IA_classementporc00agri%29.pdf.jpg
  [3158] 'Aceitunas negras marinadas las hierbas de Provenza' -> https://upload.wikimedia.org/wikipedia/commons/thumb/f/f9/Doodsbrief_Louis_Tramier_1885_barcode_800000169445.jpg/500px-Doodsbrief_Louis_Tramier_1885_barcode_800000169445.jpg
  [3160] 'Aceitunas negras confitadas' -> https://upload.wikimedia.org/wikipedia/commons/thumb/5/51/Baresa_station_-_2008-10-31.jpg/500px-Baresa_station_-_2008-10-31.jpg
  [3161] 'Aceitunas verdes enteras' -> https://upload.wikimedia.org/wikipedia/commons/thumb/0/04/Pizza_argentina_de_jam%C3%B3n_y_queso%2C_tomates%2C_morr%C3%B3n_y_aceitunas.jpg/500px-Pizza_argentina_de_jam%C3%B3n_y_queso%2C_tomates%2C_morr%C3%B3n_y_aceitunas.jpg
  [commons.wikimedia.org] 429 intento 1, esperando 38s ...
  [3162] 'Aceitunas negras confitadas deshuesadas en frasco' -> https://upload.wikimedia.org/wikipedia/commons/thumb/4/4d/Periodic_table_large.svg/500px-Periodic_table_large.svg.png
  [3164] 'Aceitunas partidas al ajo' -> https://upload.wikimedia.org/wikipedia/commons/thumb/d/da/Le_classement_des_porcs_au_croc_ou_%22en_carcasses%22._%28IA_classementporc00agri%29.pdf/page1-500px-Le_classement_des_porcs_au_croc_ou_%22en_carcasses%22._%28IA_classementporc00agri%29.pdf.jpg
  [3165] 'Aceitunas manzanilla rellenas de anchoa' -> https://upload.wikimedia.org/wikipedia/commons/thumb/3/37/Aceitunas_manzanilla_verde_-_IMG_20210413_151524_049.jpg/500px-Aceitunas_manzanilla_verde_-_IMG_20210413_151524_049.jpg
  [3166] 'Aceitunas aperitivo al ajo' -> https://upload.wikimedia.org/wikipedia/commons/thumb/f/f9/Doodsbrief_Louis_Tramier_1885_barcode_800000169445.jpg/500px-Doodsbrief_Louis_Tramier_1885_barcode_800000169445.jpg
  [3167] 'Aceitunas verdes de cuenca del Mediterráneo' -> https://upload.wikimedia.org/wikipedia/commons/thumb/c/cc/Mercure_de_France%2C_1895%2C_v._13-14.pdf/page1-500px-Mercure_de_France%2C_1895%2C_v._13-14.pdf.jpg
  [3168] 'Aceitunas sin hueso aliñadas' -> https://upload.wikimedia.org/wikipedia/commons/thumb/e/e0/I_Love_Hacendado_%28469984295%29.jpg/500px-I_Love_Hacendado_%28469984295%29.jpg
  [3169] 'Aceitunas con hueso' -> https://upload.wikimedia.org/wikipedia/commons/thumb/8/81/Plato_de_aceitunas_verdes_con_hueso.jpg/500px-Plato_de_aceitunas_verdes_con_hueso.jpg
  [3170] 'Aceitunas sin hueso' -> https://upload.wikimedia.org/wikipedia/commons/thumb/3/37/Aceitunas_manzanilla_verde_-_IMG_20210413_151524_049.jpg/500px-Aceitunas_manzanilla_verde_-_IMG_20210413_151524_049.jpg
  [3171] 'Aceitunas verdes deshuesadas - allégée en sal' -> https://upload.wikimedia.org/wikipedia/commons/thumb/8/86/Bouton_d%27or_%282%29.jpg/500px-Bouton_d%27or_%282%29.jpg
  [commons.wikimedia.org] 429 intento 1, esperando 39s ...
  [3172] 'Aceitunas partidas aliñadas estilo casero' -> https://upload.wikimedia.org/wikipedia/commons/thumb/e/e0/I_Love_Hacendado_%28469984295%29.jpg/500px-I_Love_Hacendado_%28469984295%29.jpg
  [3174] 'Aceitunas a las hierbas' -> https://upload.wikimedia.org/wikipedia/commons/thumb/d/da/Le_classement_des_porcs_au_croc_ou_%22en_carcasses%22._%28IA_classementporc00agri%29.pdf/page1-500px-Le_classement_des_porcs_au_croc_ou_%22en_carcasses%22._%28IA_classementporc00agri%29.pdf.jpg
  [3176] 'Aceitunas sin hueso aliñadas estilo picadedos' -> https://upload.wikimedia.org/wikipedia/commons/thumb/e/e0/I_Love_Hacendado_%28469984295%29.jpg/500px-I_Love_Hacendado_%28469984295%29.jpg
  [3177] 'Aceitunas con farce con anchoas' -> https://upload.wikimedia.org/wikipedia/commons/thumb/0/02/Carrefour_55-o.art.pub-carrefour-02.jpg/500px-Carrefour_55-o.art.pub-carrefour-02.jpg
  [3178] 'Pasta de aceitunas Kalamata' -> https://upload.wikimedia.org/wikipedia/commons/thumb/d/df/Lidl_locations_.png/500px-Lidl_locations_.png
  [3180] 'Aceitunas rellenas de anchoa' -> https://upload.wikimedia.org/wikipedia/commons/thumb/3/37/Aceitunas_manzanilla_verde_-_IMG_20210413_151524_049.jpg/500px-Aceitunas_manzanilla_verde_-_IMG_20210413_151524_049.jpg
  [commons.wikimedia.org] 429 intento 1, esperando 39s ...
  [3181] 'Masala Banana Chips' -> https://upload.wikimedia.org/wikipedia/commons/thumb/f/f2/Tanay_Chheda.jpg/500px-Tanay_Chheda.jpg
  [3182] 'Aceitunas negras enteras estilo griego en frasco' -> https://upload.wikimedia.org/wikipedia/commons/thumb/4/4d/Periodic_table_large.svg/500px-Periodic_table_large.svg.png
  [3183] 'deshuesadas negro Aceitunas' -> https://upload.wikimedia.org/wikipedia/commons/thumb/3/38/Karta_Tesco_ClubCard.jpg/500px-Karta_Tesco_ClubCard.jpg
  [3184] 'Aceitunas a la provenzal' -> https://upload.wikimedia.org/wikipedia/commons/thumb/b/b4/Mireya._Poema_provenzal_%281882%29.djvu/page1-500px-Mireya._Poema_provenzal_%281882%29.djvu.jpg
  [3186] 'Aceitunas a la mediterránea' -> https://upload.wikimedia.org/wikipedia/commons/thumb/d/da/Le_classement_des_porcs_au_croc_ou_%22en_carcasses%22._%28IA_classementporc00agri%29.pdf/page1-500px-Le_classement_des_porcs_au_croc_ou_%22en_carcasses%22._%28IA_classementporc00agri%29.pdf.jpg
  [3187] 'Aceitunas verdes rellenas de anchoa' -> https://upload.wikimedia.org/wikipedia/commons/thumb/3/37/Aceitunas_manzanilla_verde_-_IMG_20210413_151524_049.jpg/500px-Aceitunas_manzanilla_verde_-_IMG_20210413_151524_049.jpg
  [3188] 'Olive El Bakara' -> https://upload.wikimedia.org/wikipedia/commons/thumb/4/4a/Restaurant_El_Baraka%2C_Kairouan%2C_Tunisia.JPG/500px-Restaurant_El_Baraka%2C_Kairouan%2C_Tunisia.JPG
  [commons.wikimedia.org] 429 intento 1, esperando 39s ...
  [3191] 'Aceitunas marinadas con albahaca y hierbas de Provenza' -> https://upload.wikimedia.org/wikipedia/commons/thumb/f/f9/Doodsbrief_Louis_Tramier_1885_barcode_800000169445.jpg/500px-Doodsbrief_Louis_Tramier_1885_barcode_800000169445.jpg
  [3192] 'Aceitunas negras enteras' -> https://upload.wikimedia.org/wikipedia/commons/thumb/5/51/Baresa_station_-_2008-10-31.jpg/500px-Baresa_station_-_2008-10-31.jpg
  [3194] 'Aceitunas verdes deshuesadas doypack' -> https://upload.wikimedia.org/wikipedia/commons/thumb/8/86/Bouton_d%27or_%282%29.jpg/500px-Bouton_d%27or_%282%29.jpg
  [3195] 'Aceitunas negras' -> https://upload.wikimedia.org/wikipedia/commons/thumb/b/b5/Aceitunas_negras.JPG/500px-Aceitunas_negras.JPG
  [3196] 'deshuesadas greek colossal Aceitunas' -> https://upload.wikimedia.org/wikipedia/commons/thumb/d/df/Lidl_locations_.png/500px-Lidl_locations_.png
  [3197] 'Aceitunas de Aragón' -> https://upload.wikimedia.org/wikipedia/commons/thumb/6/66/Aceitunas_muertas.jpg/500px-Aceitunas_muertas.jpg
  [commons.wikimedia.org] 429 intento 1, esperando 39s ...
  [3199] "Aceitunas verdes con l'orientale" -> https://upload.wikimedia.org/wikipedia/commons/thumb/d/da/Le_classement_des_porcs_au_croc_ou_%22en_carcasses%22._%28IA_classementporc00agri%29.pdf/page1-500px-Le_classement_des_porcs_au_croc_ou_%22en_carcasses%22._%28IA_classementporc00agri%29.pdf.jpg
  [3200] 'Aceitunas Kalamata grandes deshuesadas' -> https://upload.wikimedia.org/wikipedia/commons/thumb/4/47/25.8.20_1_Bezkarska_Odysea_34_%2850269549401%29.jpg/500px-25.8.20_1_Bezkarska_Odysea_34_%2850269549401%29.jpg
  [3201] 'Aceitunas verde' -> https://upload.wikimedia.org/wikipedia/commons/thumb/3/37/Aceitunas_manzanilla_verde_-_IMG_20210413_151524_049.jpg/500px-Aceitunas_manzanilla_verde_-_IMG_20210413_151524_049.jpg
  [3203] 'Aceitunas verdes al ajo' -> https://upload.wikimedia.org/wikipedia/commons/thumb/d/da/Le_classement_des_porcs_au_croc_ou_%22en_carcasses%22._%28IA_classementporc00agri%29.pdf/page1-500px-Le_classement_des_porcs_au_croc_ou_%22en_carcasses%22._%28IA_classementporc00agri%29.pdf.jpg
  [3204] 'Aceitunas al limón con toque de perejil' -> https://upload.wikimedia.org/wikipedia/commons/thumb/d/da/Le_classement_des_porcs_au_croc_ou_%22en_carcasses%22._%28IA_classementporc00agri%29.pdf/page1-500px-Le_classement_des_porcs_au_croc_ou_%22en_carcasses%22._%28IA_classementporc00agri%29.pdf.jpg
  [3205] 'Aceitunas negras de Nyons AOP' -> https://upload.wikimedia.org/wikipedia/commons/thumb/c/cc/Mercure_de_France%2C_1895%2C_v._13-14.pdf/page1-500px-Mercure_de_France%2C_1895%2C_v._13-14.pdf.jpg
  [commons.wikimedia.org] 429 intento 1, esperando 38s ...
  [3206] 'Aceitunas negras sin caroço' -> https://upload.wikimedia.org/wikipedia/commons/thumb/e/e0/I_Love_Hacendado_%28469984295%29.jpg/500px-I_Love_Hacendado_%28469984295%29.jpg
  [3207] 'Olive nere' -> https://upload.wikimedia.org/wikipedia/commons/thumb/8/86/Air_Olive_1.JPG/500px-Air_Olive_1.JPG
  [3208] 'negro deshuesadas Aceitunas en salmuera' -> https://upload.wikimedia.org/wikipedia/commons/thumb/f/fd/A_chemical_study_of_the_ripening_and_pickling_of_California_olives_%28IA_chemicalstudyofr803hilt%29.pdf/page1-500px-A_chemical_study_of_the_ripening_and_pickling_of_California_olives_%28IA_chemicalstudyofr803hilt%29.pdf.jpg
  [3209] 'Sardinas en salsa de tapenade' -> https://upload.wikimedia.org/wikipedia/commons/thumb/6/69/La_Belle-Iloise.JPG/500px-La_Belle-Iloise.JPG
  [3210] 'Aceitunas Kalamata deshuesadas orgánicas' -> https://upload.wikimedia.org/wikipedia/commons/thumb/b/bb/Alnatura_Schokolade.JPG/500px-Alnatura_Schokolade.JPG
  [3211] 'Aceitunas verdes sin hueso' -> https://upload.wikimedia.org/wikipedia/commons/thumb/3/37/Aceitunas_manzanilla_verde_-_IMG_20210413_151524_049.jpg/500px-Aceitunas_manzanilla_verde_-_IMG_20210413_151524_049.jpg
  [commons.wikimedia.org] 429 intento 1, esperando 40s ...
  [3212] 'Aceitunas negras de Nyons (Variedad 3212)' -> https://upload.wikimedia.org/wikipedia/commons/thumb/1/1b/Histoire_de_Russie%2C_depuis_les_temps_les_plus_recules_jusqu%27%C3%A0_nos_jours_%28IA_bub_gb_SipBAAAAIAAJ%29.pdf/page1-500px-Histoire_de_Russie%2C_depuis_les_temps_les_plus_recules_jusqu%27%C3%A0_nos_jours_%28IA_bub_gb_SipBAAAAIAAJ%29.pdf.jpg
  [3216] 'Aceitunas verdes Picholine pasteurizadas' -> https://upload.wikimedia.org/wikipedia/commons/thumb/1/1b/Histoire_de_Russie%2C_depuis_les_temps_les_plus_recules_jusqu%27%C3%A0_nos_jours_%28IA_bub_gb_SipBAAAAIAAJ%29.pdf/page1-500px-Histoire_de_Russie%2C_depuis_les_temps_les_plus_recules_jusqu%27%C3%A0_nos_jours_%28IA_bub_gb_SipBAAAAIAAJ%29.pdf.jpg
  [3217] 'Giant Aceitunas verdes' -> https://upload.wikimedia.org/wikipedia/commons/thumb/5/51/Baresa_station_-_2008-10-31.jpg/500px-Baresa_station_-_2008-10-31.jpg
  [commons.wikimedia.org] 429 intento 1, esperando 38s ...
  [3219] 'Aceitunas negras de Nyons AOP pasteurizadas' -> https://upload.wikimedia.org/wikipedia/commons/thumb/3/37/Flat_-_Nos_femmes_de_lettres.djvu/page1-500px-Flat_-_Nos_femmes_de_lettres.djvu.jpg
  [3220] 'Ratatouille Cuisinée con Provençal' -> https://upload.wikimedia.org/wikipedia/commons/thumb/1/1f/Cassegrain-Teleskop.svg/500px-Cassegrain-Teleskop.svg.png
  [3221] 'Gehackte Tomaten en Tomatensaft' -> https://upload.wikimedia.org/wikipedia/commons/thumb/5/51/Baresa_station_-_2008-10-31.jpg/500px-Baresa_station_-_2008-10-31.jpg
  [3222] 'Courgettes provenzal 1/' -> https://upload.wikimedia.org/wikipedia/commons/thumb/1/1f/Cassegrain-Teleskop.svg/500px-Cassegrain-Teleskop.svg.png
  [commons.wikimedia.org] 429 intento 1, esperando 39s ...
  [3224] 'Frijoles Coco cuisinés con Tomates' -> https://upload.wikimedia.org/wikipedia/commons/thumb/1/1f/Cassegrain-Teleskop.svg/500px-Cassegrain-Teleskop.svg.png
  [3225] 'Frijoles Verts extra finos 1/' -> https://upload.wikimedia.org/wikipedia/commons/thumb/0/02/Carrefour_55-o.art.pub-carrefour-02.jpg/500px-Carrefour_55-o.art.pub-carrefour-02.jpg
  [3226] 'Lentilles préparées' -> https://upload.wikimedia.org/wikipedia/commons/thumb/a/a6/Observations_dhistoire_naturelle_faites_avec_le_microscope_sur_un_grand_nombre_dinsectes_sur_les_animacules_qui_se_trouvent_dans_les_liqueurs_pr%C3%A9par%C3%A9es_dans_celles_qui_ne_le_sont_pas_%28IA_b30415834%29.pdf/page1-500px-thumbnail.pdf.jpg
  [3227] 'Tajine de Vegetales asados 1/' -> https://upload.wikimedia.org/wikipedia/commons/thumb/1/1f/Cassegrain-Teleskop.svg/500px-Cassegrain-Teleskop.svg.png
  [3229] 'Flageolets préparés 1/' -> https://upload.wikimedia.org/wikipedia/commons/thumb/9/90/L%27architecture_consideree_sous_le_rapport_de_l%27art%2C_des_moeurs_et_de_la_legislation._Tome_1_%3B_par_C.N._Ledoux._Tome_premier_%28IA_bub_gal_ark_12148_bpt6k1047050b%29.pdf/page1-250px-thumbnail.pdf.jpg
  [3230] 'Curry de guisantes chiches con especias dulces' -> https://upload.wikimedia.org/wikipedia/commons/thumb/a/a0/Locmin%C3%A9_Usine_d%27Aucy.jpg/500px-Locmin%C3%A9_Usine_d%27Aucy.jpg
  [3232] 'Ketchup' -> https://upload.wikimedia.org/wikipedia/commons/thumb/7/71/Ketchup_20160918_181342.jpg/500px-Ketchup_20160918_181342.jpg
  [commons.wikimedia.org] 429 intento 1, esperando 39s ...
  [3233] 'Lentilles cuisinées con pequeños Vegetales' -> https://upload.wikimedia.org/wikipedia/commons/thumb/c/c3/La_cuisine_des_petits_m%C3%A9nages_%28electronic_resource%29_%28IA_b20386059%29.pdf/page1-500px-La_cuisine_des_petits_m%C3%A9nages_%28electronic_resource%29_%28IA_b20386059%29.pdf.jpg
  [3234] 'Mais klein' -> https://upload.wikimedia.org/wikipedia/commons/thumb/2/23/Florian_Klein_-_LASK_Linz.jpg/500px-Florian_Klein_-_LASK_Linz.jpg
  [3235] 'Pequeños guisantes y zanahorias 1/' -> https://upload.wikimedia.org/wikipedia/commons/thumb/1/1f/Cassegrain-Teleskop.svg/500px-Cassegrain-Teleskop.svg.png
  [3236] 'Polpa Tomates concassées fines' -> https://upload.wikimedia.org/wikipedia/commons/thumb/7/78/Automobile_pubblicitaria_ditta_F.lli_Mutti_-_Musei_del_cibo_-_Pomodoro_-_067.jpg/500px-Automobile_pubblicitaria_ditta_F.lli_Mutti_-_Musei_del_cibo_-_Pomodoro_-_067.jpg
  [3238] 'Maïs SSA 1/' -> https://upload.wikimedia.org/wikipedia/commons/thumb/e/e0/Linha_1_metr%C3%B4_ssa.svg/500px-Linha_1_metr%C3%B4_ssa.svg.png
  [3239] 'Lentilles Vapeur' -> https://upload.wikimedia.org/wikipedia/commons/3/34/Bonduelle-Vend%C3%A9e-Globe-2004_%282%29.jpg
  [commons.wikimedia.org] 429 intento 1, esperando 40s ...
  [3240] 'Haricots rouges' -> https://upload.wikimedia.org/wikipedia/commons/thumb/b/b6/Les_Haricots_Rouges_Stortorvet_Gj%C3%A6stgiveri_Oslo_Jazzfestival_%28212504%29.jpg/500px-Les_Haricots_Rouges_Stortorvet_Gj%C3%A6stgiveri_Oslo_Jazzfestival_%28212504%29.jpg
  [3241] 'Vegetales pour couscous y plats orientaux' -> https://upload.wikimedia.org/wikipedia/commons/thumb/5/50/Diccionario_dos_termos_technicos_de_historia_natural_extrahidos_das_obras_de_Linn%C3%A9o%2C_com_a_sua_explica%C3%A7a%C3%B5%2C_e_estampas_abertas_em_cobre%2C_para_facilitar_a_intelligencia_dos_mesmos._E_a_memoria_sobre_a_utilidade_dos_jardin_botanicos.djvu/page1-500px-thumbnail.djvu.jpg
  [3242] 'Pequeños guisantes y zanahorias' -> https://upload.wikimedia.org/wikipedia/commons/thumb/1/1f/Cassegrain-Teleskop.svg/500px-Cassegrain-Teleskop.svg.png
  [3244] 'pimientos cuisinés chile Espelette' -> https://upload.wikimedia.org/wikipedia/commons/thumb/1/1f/Cassegrain-Teleskop.svg/500px-Cassegrain-Teleskop.svg.png
  [3246] 'Sopa Liquide Vegetales de Potager Knorr' -> https://upload.wikimedia.org/wikipedia/commons/thumb/8/8a/Hn-knorr-gebaeude.JPG/500px-Hn-knorr-gebaeude.JPG
  [commons.wikimedia.org] 429 intento 1, esperando 38s ...
  [3247] 'Rata & Quinoa' -> https://upload.wikimedia.org/wikipedia/commons/thumb/1/1f/Cassegrain-Teleskop.svg/500px-Cassegrain-Teleskop.svg.png
  [3248] 'Ratatouille cocinada a la provenzal' -> https://upload.wikimedia.org/wikipedia/commons/thumb/a/a0/Locmin%C3%A9_Usine_d%27Aucy.jpg/500px-Locmin%C3%A9_Usine_d%27Aucy.jpg
  [3249] 'Pepinillos pepinillos' -> https://upload.wikimedia.org/wikipedia/commons/thumb/8/84/Pepinillos_encurtidos-2009.jpg/500px-Pepinillos_encurtidos-2009.jpg
  [3252] 'Fritada Pisto' -> https://upload.wikimedia.org/wikipedia/commons/thumb/e/e0/I_Love_Hacendado_%28469984295%29.jpg/500px-I_Love_Hacendado_%28469984295%29.jpg
  [3253] 'blanco Asparagus' -> https://upload.wikimedia.org/wikipedia/commons/thumb/6/64/Art%C3%A0_-_Ermita_de_Betlem_-_Asparagus_albus_03_ies.jpg/500px-Art%C3%A0_-_Ermita_de_Betlem_-_Asparagus_albus_03_ies.jpg
  [3254] 'Pequeños guisantes 1/ (Variedad 3254)' -> https://upload.wikimedia.org/wikipedia/commons/thumb/1/1f/Cassegrain-Teleskop.svg/500px-Cassegrain-Teleskop.svg.png
  [3255] 'Concassé de tomate con jugo / zumo' -> https://upload.wikimedia.org/wikipedia/commons/thumb/d/dd/Annales_du_Jardin_botanique_de_Buitenzorg._%28IA_mobot31753002207774%29.pdf/page1-500px-Annales_du_Jardin_botanique_de_Buitenzorg._%28IA_mobot31753002207774%29.pdf.jpg
  [3256] 'Macédoine 1/' -> https://upload.wikimedia.org/wikipedia/commons/3/34/Bonduelle-Vend%C3%A9e-Globe-2004_%282%29.jpg
  [commons.wikimedia.org] 429 intento 1, esperando 40s ...
  [3258] 'Lentilles préparées Cultivés en France' -> https://upload.wikimedia.org/wikipedia/commons/thumb/5/5a/Bulletin_de_la_Soci%C3%A9t%C3%A9_botanique_de_France_%28IA_bulletindelasoci43unse%29.pdf/page1-500px-Bulletin_de_la_Soci%C3%A9t%C3%A9_botanique_de_France_%28IA_bulletindelasoci43unse%29.pdf.jpg
  [3259] 'Maïs SRP 1/' -> https://upload.wikimedia.org/wikipedia/commons/3/34/Bonduelle-Vend%C3%A9e-Globe-2004_%282%29.jpg
  [3260] 'Tomatenpuree' -> https://upload.wikimedia.org/wikipedia/commons/thumb/5/51/Baresa_station_-_2008-10-31.jpg/500px-Baresa_station_-_2008-10-31.jpg
  [3261] 'Frijoles verts Plats con Provençal' -> https://upload.wikimedia.org/wikipedia/commons/thumb/1/1f/Cassegrain-Teleskop.svg/500px-Cassegrain-Teleskop.svg.png
  [3264] 'Haricots Blancs préparés 1/' -> https://upload.wikimedia.org/wikipedia/commons/thumb/b/b7/Les_haricots_de_grande_culture_au_Canada_%28IA_lesharicotsdegra00mcgr%29.pdf/page1-500px-Les_haricots_de_grande_culture_au_Canada_%28IA_lesharicotsdegra00mcgr%29.pdf.jpg
  [3265] 'Frijoles verts extra finos coupés' -> https://upload.wikimedia.org/wikipedia/commons/thumb/d/dd/Annales_du_Jardin_botanique_de_Buitenzorg._%28IA_mobot31753002207774%29.pdf/page1-500px-Annales_du_Jardin_botanique_de_Buitenzorg._%28IA_mobot31753002207774%29.pdf.jpg
  [commons.wikimedia.org] 429 intento 1, esperando 39s ...
  [3266] 'Chair de tomates' -> https://upload.wikimedia.org/wikipedia/commons/thumb/f/f7/La_culture_des_tomates._%28IA_culturedestoma00agri%29.pdf/page1-500px-La_culture_des_tomates._%28IA_culturedestoma00agri%29.pdf.jpg
  [3267] 'Lunch bowl Vegetales & boulgour' -> https://upload.wikimedia.org/wikipedia/commons/3/34/Bonduelle-Vend%C3%A9e-Globe-2004_%282%29.jpg
  [3268] 'Maïs Doux' -> https://upload.wikimedia.org/wikipedia/commons/thumb/2/23/Ma%C3%AFs_doux_chinois.JPG/500px-Ma%C3%AFs_doux_chinois.JPG
  [3269] 'Pois chiches HVE Bien cultivés' -> https://upload.wikimedia.org/wikipedia/commons/thumb/a/a0/Locmin%C3%A9_Usine_d%27Aucy.jpg/500px-Locmin%C3%A9_Usine_d%27Aucy.jpg
  [3271] 'Vegetales cuisinés pour couscous' -> https://upload.wikimedia.org/wikipedia/commons/thumb/a/a0/Locmin%C3%A9_Usine_d%27Aucy.jpg/500px-Locmin%C3%A9_Usine_d%27Aucy.jpg
  [3272] 'Maïs SSA 1/4 x' -> https://upload.wikimedia.org/wikipedia/commons/3/34/Bonduelle-Vend%C3%A9e-Globe-2004_%282%29.jpg
  [3274] 'Haricot verts' -> https://upload.wikimedia.org/wikipedia/commons/thumb/8/8a/Haricots_verts_en_bocaux01.jpg/500px-Haricots_verts_en_bocaux01.jpg
  [commons.wikimedia.org] 429 intento 1, esperando 39s ...
  [3275] 'Frijoles blancs tomate' -> https://upload.wikimedia.org/wikipedia/commons/thumb/9/94/Pav%C3%A9_Bio_Carrefour_-_1.jpg/500px-Pav%C3%A9_Bio_Carrefour_-_1.jpg
  [3278] 'Pois chiches - Boîte' -> https://upload.wikimedia.org/wikipedia/commons/thumb/4/4d/Periodic_table_large.svg/500px-Periodic_table_large.svg.png
  [3280] 'Polpa' -> https://upload.wikimedia.org/wikipedia/commons/thumb/1/16/Polpa_de_maracuj%C3%A1.JPG/500px-Polpa_de_maracuj%C3%A1.JPG
  [3281] 'Maïs Bio 1/4 x' -> https://upload.wikimedia.org/wikipedia/commons/thumb/1/1e/Homens_e_livros_da_medicina_militar_-_memoria_historica%2C_bio-bibliographica_e_critica_%28IA_b24852557%29.pdf/page1-500px-Homens_e_livros_da_medicina_militar_-_memoria_historica%2C_bio-bibliographica_e_critica_%28IA_b24852557%29.pdf.jpg
  [3282] 'Tomates pelées enteras au jugo / zumo' -> https://upload.wikimedia.org/wikipedia/commons/thumb/d/dd/Annales_du_Jardin_botanique_de_Buitenzorg._%28IA_mobot31753002207774%29.pdf/page1-500px-Annales_du_Jardin_botanique_de_Buitenzorg._%28IA_mobot31753002207774%29.pdf.jpg
  [commons.wikimedia.org] 429 intento 1, esperando 38s ...
  [3284] 'Maïs' -> https://upload.wikimedia.org/wikipedia/commons/thumb/d/d9/C4_photosynthesis_is_less_complicated.svg/500px-C4_photosynthesis_is_less_complicated.svg.png
  [3285] 'Aubergines cuisinées provenzal' -> https://upload.wikimedia.org/wikipedia/commons/thumb/a/a0/Locmin%C3%A9_Usine_d%27Aucy.jpg/500px-Locmin%C3%A9_Usine_d%27Aucy.jpg
  [3286] 'Purée de tomates natural' -> https://upload.wikimedia.org/wikipedia/commons/thumb/7/74/2%C3%A8me_partie_carrefour_de_l%27arbre.jpg/500px-2%C3%A8me_partie_carrefour_de_l%27arbre.jpg
  [3287] 'Vegetales compotés pour Couscous 1/' -> https://upload.wikimedia.org/wikipedia/commons/thumb/1/1f/Cassegrain-Teleskop.svg/500px-Cassegrain-Teleskop.svg.png
  [3288] 'Maïs BIO' -> https://upload.wikimedia.org/wikipedia/commons/thumb/9/94/Pav%C3%A9_Bio_Carrefour_-_1.jpg/500px-Pav%C3%A9_Bio_Carrefour_-_1.jpg
  [3289] "Pequeños guisantes con l'étuvée extra finos" -> https://upload.wikimedia.org/wikipedia/commons/thumb/d/dd/Annales_du_Jardin_botanique_de_Buitenzorg._%28IA_mobot31753002207774%29.pdf/page1-500px-Annales_du_Jardin_botanique_de_Buitenzorg._%28IA_mobot31753002207774%29.pdf.jpg
  [commons.wikimedia.org] 429 intento 1, esperando 39s ...
  [3291] 'Maïs croquant sin résidu de pesticides' -> https://upload.wikimedia.org/wikipedia/commons/thumb/a/a0/Locmin%C3%A9_Usine_d%27Aucy.jpg/500px-Locmin%C3%A9_Usine_d%27Aucy.jpg
  [3292] 'Gourmandise de guisantes provenzal' -> https://upload.wikimedia.org/wikipedia/commons/thumb/1/1f/Cassegrain-Teleskop.svg/500px-Cassegrain-Teleskop.svg.png
  [3293] 'Cooked lentils y chickpeas (Jardin Bio)' -> https://upload.wikimedia.org/wikipedia/commons/thumb/d/dd/Annales_du_Jardin_botanique_de_Buitenzorg._%28IA_mobot31753002207774%29.pdf/page1-500px-Annales_du_Jardin_botanique_de_Buitenzorg._%28IA_mobot31753002207774%29.pdf.jpg
  [3295] 'Lentilles' -> https://upload.wikimedia.org/wikipedia/commons/thumb/5/57/Lentilles_%C3%A9glise.JPG/500px-Lentilles_%C3%A9glise.JPG
  [3297] 'Geschälte Tomaten' -> https://upload.wikimedia.org/wikipedia/commons/thumb/7/78/Automobile_pubblicitaria_ditta_F.lli_Mutti_-_Musei_del_cibo_-_Pomodoro_-_067.jpg/500px-Automobile_pubblicitaria_ditta_F.lli_Mutti_-_Musei_del_cibo_-_Pomodoro_-_067.jpg
  [commons.wikimedia.org] 429 intento 1, esperando 39s ...
  [3298] 'Tomate pelées' -> https://upload.wikimedia.org/wikipedia/commons/thumb/7/7d/Tomate_pelee_en_quartier_cerclee_d_un_poireau_vinaigrette.jpg/500px-Tomate_pelee_en_quartier_cerclee_d_un_poireau_vinaigrette.jpg
  [3299] 'Courgettes cuisinées provenzal' -> https://upload.wikimedia.org/wikipedia/commons/thumb/4/47/Carr%C3%A9s_d%27agneau_r%C3%B4tis_individuels%2C_fleurs_de_courgettes_farcies_avec_une_garniture_proven%C3%A7ale_-_btv1b532711102.jpg/500px-Carr%C3%A9s_d%27agneau_r%C3%B4tis_individuels%2C_fleurs_de_courgettes_farcies_avec_une_garniture_proven%C3%A7ale_-_btv1b532711102.jpg
  [3300] 'Cœurs De Palmiers' -> https://upload.wikimedia.org/wikipedia/commons/thumb/3/38/Petits_C%C5%93urs_ou_Palmiers.jpg/500px-Petits_C%C5%93urs_ou_Palmiers.jpg
  [3301] 'Atún entero Joly' -> https://upload.wikimedia.org/wikipedia/commons/d/df/Maurice_Joly_%28circa_1860%29.jpg
  [3302] 'Atun' -> https://upload.wikimedia.org/wikipedia/commons/thumb/2/22/Thyrsites_atun%2C_Barracouta_or_snake_Mackerel.jpg/500px-Thyrsites_atun%2C_Barracouta_or_snake_Mackerel.jpg
  [3303] 'Atún con tomate' -> https://upload.wikimedia.org/wikipedia/commons/thumb/e/e0/Plato_de_pasta_de_macarrones_con_cebolla%2C_tomate_y_at%C3%BAn_%28Espa%C3%B1a%29.jpg/500px-Plato_de_pasta_de_macarrones_con_cebolla%2C_tomate_y_at%C3%BAn_%28Espa%C3%B1a%29.jpg
  [3304] 'Thon Joly' -> https://upload.wikimedia.org/wikipedia/commons/thumb/3/30/Thon_Hotel_Opera_Oslo.jpg/500px-Thon_Hotel_Opera_Oslo.jpg
  [3305] 'Thunfischfilets en eigenem Saft' -> https://upload.wikimedia.org/wikipedia/commons/thumb/e/e0/Bundesarchiv_Bild_146-2008-0167%2C_Segelschiff_%22SMS_Nixe%22.jpg/500px-Bundesarchiv_Bild_146-2008-0167%2C_Segelschiff_%22SMS_Nixe%22.jpg
  [commons.wikimedia.org] 429 intento 1, esperando 38s ...
  [3306] "Atún entero l'aceite TAM" -> https://upload.wikimedia.org/wikipedia/commons/thumb/6/6d/TAM_snorkel.JPG/500px-TAM_snorkel.JPG
  [3307] 'Atún claro al natural' -> https://upload.wikimedia.org/wikipedia/commons/thumb/c/c3/Repertorio_fisico-natural_de_la_isla_de_Cuba_%28IA_repertoriofisico218661868poey%29.pdf/page1-500px-Repertorio_fisico-natural_de_la_isla_de_Cuba_%28IA_repertoriofisico218661868poey%29.pdf.jpg
  [3308] 'Atún claro en aceite de oliva' -> https://upload.wikimedia.org/wikipedia/commons/8/8b/Atun_claro.jpg
  [3309] 'TAM THON - aceite' -> https://upload.wikimedia.org/wikipedia/commons/thumb/6/6d/TAM_snorkel.JPG/500px-TAM_snorkel.JPG
  [3311] 'Atún entero al natural Albacore' -> https://upload.wikimedia.org/wikipedia/commons/thumb/9/9c/Partition_Il_%C3%A9tait_un_petit_navire.png/500px-Partition_Il_%C3%A9tait_un_petit_navire.png
  [3312] 'Atún lhuile' -> https://upload.wikimedia.org/wikipedia/commons/thumb/6/6d/TAM_snorkel.JPG/500px-TAM_snorkel.JPG
  [3313] 'Joly' -> https://upload.wikimedia.org/wikipedia/commons/d/df/Maurice_Joly_%28circa_1860%29.jpg
  [3315] 'Atún blanco al natural' -> https://upload.wikimedia.org/wikipedia/commons/thumb/c/c3/Repertorio_fisico-natural_de_la_isla_de_Cuba_%28IA_repertoriofisico218661868poey%29.pdf/page1-500px-Repertorio_fisico-natural_de_la_isla_de_Cuba_%28IA_repertoriofisico218661868poey%29.pdf.jpg
  [3317] 'Rillettes de salmón' -> https://upload.wikimedia.org/wikipedia/commons/thumb/9/9c/Partition_Il_%C3%A9tait_un_petit_navire.png/500px-Partition_Il_%C3%A9tait_un_petit_navire.png
  [commons.wikimedia.org] 429 intento 1, esperando 40s ...
  [3320] 'Atún entero con l’aceite d’olive' -> https://upload.wikimedia.org/wikipedia/commons/thumb/3/37/Le_Savoureux.jpg/500px-Le_Savoureux.jpg
  [3323] "Filets de atún con l'aceite de oliva Virgen extra" -> https://upload.wikimedia.org/wikipedia/commons/thumb/2/2e/Publicit%C3%A9_Saupiquet_1882.JPG/500px-Publicit%C3%A9_Saupiquet_1882.JPG
  [3325] "Atún entero l'aceite végétale" -> https://upload.wikimedia.org/wikipedia/commons/2/21/Joan_Miro.png
  [commons.wikimedia.org] 429 intento 1, esperando 40s ...
  [3326] 'Morceaux de atún Natural' -> https://upload.wikimedia.org/wikipedia/commons/thumb/9/9c/Partition_Il_%C3%A9tait_un_petit_navire.png/500px-Partition_Il_%C3%A9tait_un_petit_navire.png
  [3327] 'Atún tomate Salsa' -> https://upload.wikimedia.org/wikipedia/commons/d/df/Maurice_Joly_%28circa_1860%29.jpg
  [3329] 'Atún entero al natural cuisson vapeur' -> https://upload.wikimedia.org/wikipedia/commons/thumb/9/9c/Partition_Il_%C3%A9tait_un_petit_navire.png/500px-Partition_Il_%C3%A9tait_un_petit_navire.png
  [3330] 'Atún entero Albacore al natural' -> https://upload.wikimedia.org/wikipedia/commons/thumb/0/02/Carrefour_55-o.art.pub-carrefour-02.jpg/500px-Carrefour_55-o.art.pub-carrefour-02.jpg
  [3331] 'Thon listao al natural pêché ligne' -> https://upload.wikimedia.org/wikipedia/commons/thumb/4/4d/Periodic_table_large.svg/500px-Periodic_table_large.svg.png
  [3332] 'Atún en Tranches Albacore' -> https://upload.wikimedia.org/wikipedia/commons/thumb/e/e0/Bundesarchiv_Bild_146-2008-0167%2C_Segelschiff_%22SMS_Nixe%22.jpg/500px-Bundesarchiv_Bild_146-2008-0167%2C_Segelschiff_%22SMS_Nixe%22.jpg
  [commons.wikimedia.org] 429 intento 1, esperando 37s ...
  [3333] 'Atún Gran Sabor Isabel' -> https://upload.wikimedia.org/wikipedia/commons/4/43/Ph_locator_leyte_isabel.png
  [3335] 'Tartinades de atún, Tomates séchées y tomillo' -> https://upload.wikimedia.org/wikipedia/commons/thumb/9/9c/Partition_Il_%C3%A9tait_un_petit_navire.png/500px-Partition_Il_%C3%A9tait_un_petit_navire.png
  [3336] 'Atún Claro en Aceite de Girasol' -> https://upload.wikimedia.org/wikipedia/commons/thumb/e/e0/I_Love_Hacendado_%28469984295%29.jpg/500px-I_Love_Hacendado_%28469984295%29.jpg
  [3337] 'Salsa Sandwich Moelleux thon huevo crudités cocktail' -> https://upload.wikimedia.org/wikipedia/commons/thumb/d/dc/Podium_Division_4_%28Tom_Daunat%2C_Arthur_Barbault-Forget%2C_Yann_Le_Lay%29_-_Dreux_2024.jpg/500px-Podium_Division_4_%28Tom_Daunat%2C_Arthur_Barbault-Forget%2C_Yann_Le_Lay%29_-_Dreux_2024.jpg
  [3338] 'Garcia - Thon aceite' -> https://upload.wikimedia.org/wikipedia/commons/thumb/b/b7/Elias_Garcia_Martinez_-_Ecce_Homo.jpg/500px-Elias_Garcia_Martinez_-_Ecce_Homo.jpg
  [3339] 'Atún entero Natural' -> https://upload.wikimedia.org/wikipedia/commons/thumb/a/a6/Elementos_de_historia_natural_en_forma_de_lecciones_de_cosas_-_obra_escrita_expresamente_para_uso_de_las_escuelas_primarias_de_la_naci%C3%B3n_%28IA_Elementosdehist00Sanc%29.pdf/page1-500px-thumbnail.pdf.jpg
  [3340] 'Émietté de atún marinado albahaca' -> https://upload.wikimedia.org/wikipedia/commons/thumb/9/9c/Partition_Il_%C3%A9tait_un_petit_navire.png/500px-Partition_Il_%C3%A9tait_un_petit_navire.png
  [commons.wikimedia.org] 429 intento 1, esperando 40s ...
  [3341] 'Thon al natural' -> https://upload.wikimedia.org/wikipedia/commons/thumb/c/c8/Annals_and_magazine_of_natural_history_-_including_zoology%2C_botany_and_geology_%28IA_annalsmagazineof03lond%29.pdf/page1-500px-Annals_and_magazine_of_natural_history_-_including_zoology%2C_botany_and_geology_%28IA_annalsmagazineof03lond%29.pdf.jpg
  [3342] 'Rillettes thon' -> https://upload.wikimedia.org/wikipedia/commons/thumb/2/2c/Rillettes_de_thon.jpg/500px-Rillettes_de_thon.jpg
  [3343] 'Atún entero Mario' -> https://upload.wikimedia.org/wikipedia/commons/thumb/0/01/Game_and_Watch_Super_Mario_Bros.PNG/500px-Game_and_Watch_Super_Mario_Bros.PNG
  [3344] 'Miettes de atún con tomate' -> https://upload.wikimedia.org/wikipedia/commons/thumb/e/e0/Bundesarchiv_Bild_146-2008-0167%2C_Segelschiff_%22SMS_Nixe%22.jpg/500px-Bundesarchiv_Bild_146-2008-0167%2C_Segelschiff_%22SMS_Nixe%22.jpg
  [3345] 'Limón y tomillo Emietté de atún marinado' -> https://upload.wikimedia.org/wikipedia/commons/thumb/9/9c/Partition_Il_%C3%A9tait_un_petit_navire.png/500px-Partition_Il_%C3%A9tait_un_petit_navire.png
  [3346] 'Atún blanco al natural germon' -> https://upload.wikimedia.org/wikipedia/commons/thumb/9/9c/Partition_Il_%C3%A9tait_un_petit_navire.png/500px-Partition_Il_%C3%A9tait_un_petit_navire.png
  [3347] 'Rillettes de atún con Aceitunas verdes' -> https://upload.wikimedia.org/wikipedia/commons/thumb/9/9c/Partition_Il_%C3%A9tait_un_petit_navire.png/500px-Partition_Il_%C3%A9tait_un_petit_navire.png
  [3348] 'Atún con Catalane Saupiquet' -> https://upload.wikimedia.org/wikipedia/commons/thumb/2/2e/Publicit%C3%A9_Saupiquet_1882.JPG/500px-Publicit%C3%A9_Saupiquet_1882.JPG
  [3349] "Atún entero con l'aceite de tournesol" -> https://upload.wikimedia.org/wikipedia/commons/thumb/9/9c/Partition_Il_%C3%A9tait_un_petit_navire.png/500px-Partition_Il_%C3%A9tait_un_petit_navire.png
  [commons.wikimedia.org] 429 intento 1, esperando 39s ...
  [3351] 'Filets de atún / Tonijnfilets / Thunfischfilets' -> https://upload.wikimedia.org/wikipedia/commons/thumb/c/cc/Caleb_Fisher_2015_%28Unsplash%29.jpg/500px-Caleb_Fisher_2015_%28Unsplash%29.jpg
  [3352] "Atún albacore con l'aceite de oliva SAVOUREUX" -> https://upload.wikimedia.org/wikipedia/commons/thumb/3/37/Le_Savoureux.jpg/500px-Le_Savoureux.jpg
  [3353] 'Atún' -> https://upload.wikimedia.org/wikipedia/commons/9/97/Thunnus_alalunga.jpg
  [3354] 'Filets de atún al natural' -> https://upload.wikimedia.org/wikipedia/commons/thumb/2/2e/Publicit%C3%A9_Saupiquet_1882.JPG/500px-Publicit%C3%A9_Saupiquet_1882.JPG
  [3355] 'Skipjack Tuna | en salmuera' -> https://upload.wikimedia.org/wikipedia/commons/thumb/2/25/Phare_d%27Eckm%C3%BChl%2C_Penmarc%27h%2C_France_%28panoramique%29.jpg/500px-Phare_d%27Eckm%C3%BChl%2C_Penmarc%27h%2C_France_%28panoramique%29.jpg
  [3356] "Atún entero con l'aceite de oliva Virgen extra" -> https://upload.wikimedia.org/wikipedia/commons/thumb/9/9c/Partition_Il_%C3%A9tait_un_petit_navire.png/500px-Partition_Il_%C3%A9tait_un_petit_navire.png
  [3357] 'Atún entero listao pêché con ligne boîte de' -> https://upload.wikimedia.org/wikipedia/commons/thumb/4/4d/Periodic_table_large.svg/500px-Periodic_table_large.svg.png
  [commons.wikimedia.org] 429 intento 1, esperando 40s ...
  [3358] 'Limón Filet de atún' -> https://upload.wikimedia.org/wikipedia/commons/thumb/2/2e/Publicit%C3%A9_Saupiquet_1882.JPG/500px-Publicit%C3%A9_Saupiquet_1882.JPG
  [3359] 'Aceite de tournesol Miettes de atún con l' -> https://upload.wikimedia.org/wikipedia/commons/thumb/9/9c/Partition_Il_%C3%A9tait_un_petit_navire.png/500px-Partition_Il_%C3%A9tait_un_petit_navire.png
  [3361] 'Morceaux de atún Listao' -> https://upload.wikimedia.org/wikipedia/commons/e/e5/Eco%2C_Umberto-1.jpg
  [3362] 'Aceite oliva v.e. atún blanco' -> https://upload.wikimedia.org/wikipedia/commons/thumb/5/59/Anne_conn%C3%A9table_de_Montmorency_Chantilly.jpg/500px-Anne_conn%C3%A9table_de_Montmorency_Chantilly.jpg
  [3363] 'Insalatissime messicana y atún' -> https://upload.wikimedia.org/wikipedia/commons/thumb/d/d3/Complexo_mare.JPG/500px-Complexo_mare.JPG
  [commons.wikimedia.org] 429 intento 1, esperando 40s ...
  [3364] 'Atún blanco en salmuera' -> https://upload.wikimedia.org/wikipedia/commons/thumb/5/59/Anne_conn%C3%A9table_de_Montmorency_Chantilly.jpg/500px-Anne_conn%C3%A9table_de_Montmorency_Chantilly.jpg
  [3365] 'Atún Salad maíz con peas suave, Aceitunas zanahorias y negros' -> https://upload.wikimedia.org/wikipedia/commons/thumb/d/d3/Complexo_mare.JPG/500px-Complexo_mare.JPG
  [3366] 'Tartinades de atún - Duo de pimientos y tomates' -> https://upload.wikimedia.org/wikipedia/commons/thumb/9/9c/Partition_Il_%C3%A9tait_un_petit_navire.png/500px-Partition_Il_%C3%A9tait_un_petit_navire.png
  [3367] 'Thon albacore al natural tranche emboité cru (1/4)' -> https://upload.wikimedia.org/wikipedia/commons/thumb/2/2d/Strasbourg%2C_Cin%C3%A9ma_Odyss%C3%A9e.jpg/500px-Strasbourg%2C_Cin%C3%A9ma_Odyss%C3%A9e.jpg
  [3368] "Atún miettes généreuse con l'aceite de oliva Virgen extra" -> https://upload.wikimedia.org/wikipedia/commons/thumb/3/37/Le_Savoureux.jpg/500px-Le_Savoureux.jpg
  [3370] 'Atún Chunk suave' -> https://upload.wikimedia.org/wikipedia/commons/thumb/1/12/Vidalia_onion_and_tomato_salad_with_grilled_tuna_%28IA_CAT31300211%29.pdf/page1-500px-Vidalia_onion_and_tomato_salad_with_grilled_tuna_%28IA_CAT31300211%29.pdf.jpg
  [commons.wikimedia.org] 429 intento 1, esperando 39s ...
  [3372] 'Atún blanco' -> https://upload.wikimedia.org/wikipedia/commons/thumb/c/cc/Mercure_de_France%2C_1895%2C_v._13-14.pdf/page1-500px-Mercure_de_France%2C_1895%2C_v._13-14.pdf.jpg
  [3375] 'agua Kefir' -> https://upload.wikimedia.org/wikipedia/commons/thumb/c/c5/Gr%C3%A3os_de_kefir_de_%C3%A1gua.jpg/500px-Gr%C3%A3os_de_kefir_de_%C3%A1gua.jpg
  [3376] 'Hopped Culture' -> https://upload.wikimedia.org/wikipedia/commons/thumb/b/bd/HIP_HOP_CULTURE_OF_ALGERIA.jpg/500px-HIP_HOP_CULTURE_OF_ALGERIA.jpg
  [commons.wikimedia.org] 429 intento 1, esperando 40s ...
  [3473] 'Cerveza (Variedad 3473)' -> https://upload.wikimedia.org/wikipedia/commons/thumb/e/ea/Kronenbourg_1664_blanc%2C_Canada_%28French_side%29%2C_2026-02-28.jpg/500px-Kronenbourg_1664_blanc%2C_Canada_%28French_side%29%2C_2026-02-28.jpg
  [3474] 'Corona Extra' -> https://upload.wikimedia.org/wikipedia/commons/thumb/0/0c/Corona-6Pack.JPG/500px-Corona-6Pack.JPG
  [3475] 'Grimbergen Blonde' -> https://upload.wikimedia.org/wikipedia/commons/thumb/c/c8/Grimbergen_Blonde.jpg/500px-Grimbergen_Blonde.jpg
  [commons.wikimedia.org] 429 intento 1, esperando 39s ...
  [3476] 'Desperados Original aguardiente' -> https://upload.wikimedia.org/wikipedia/commons/thumb/5/50/Desperados_original_25cl.jpg/500px-Desperados_original_25cl.jpg
  [3477] 'Twist Raspberry' -> https://upload.wikimedia.org/wikipedia/commons/thumb/c/c8/Dole_Whip_at_the_Minnesota_State_Fair_-_Raspberry_Pineapple_Twist_%2842555830190%29.jpg/500px-Dole_Whip_at_the_Minnesota_State_Fair_-_Raspberry_Pineapple_Twist_%2842555830190%29.jpg
  [3478] 'Cerveza Blonde sans alcool' -> https://upload.wikimedia.org/wikipedia/commons/thumb/6/69/Tromp-l%27oeil_Still-Life_1664_Hoogstraeten.jpg/500px-Tromp-l%27oeil_Still-Life_1664_Hoogstraeten.jpg
  [3480] 'Cerveza Budweiser' -> https://upload.wikimedia.org/wikipedia/commons/thumb/f/f1/Budweiser_beer.jpg/500px-Budweiser_beer.jpg
  [3481] 'Leffe Blonde 🍺' -> https://upload.wikimedia.org/wikipedia/commons/thumb/6/6f/Leffe%2CAbbaye_%28batiment_principal%29.JPG/500px-Leffe%2CAbbaye_%28batiment_principal%29.JPG
  [commons.wikimedia.org] 429 intento 1, esperando 40s ...
  [3482] 'Cerveza 0,0 tostada' -> https://upload.wikimedia.org/wikipedia/commons/3/3b/Mahou_1_reducida.jpg
  [3483] 'Estrella Galicia cerveza' -> https://upload.wikimedia.org/wikipedia/commons/thumb/3/3b/Cami%C3%B3n_cisterna_de_cerveza_Estrella_Galicia.jpg/500px-Cami%C3%B3n_cisterna_de_cerveza_Estrella_Galicia.jpg
  [3484] 'Cerveza Mahou Clásica' -> https://upload.wikimedia.org/wikipedia/commons/9/91/Mahou_2_reducuda.jpg
  [3485] 'Goudblond speciaalbier van hoge gisting' -> https://upload.wikimedia.org/wikipedia/commons/thumb/6/6a/Duvel_Tripel_Hop_2010.jpg/500px-Duvel_Tripel_Hop_2010.jpg
  [3486] 'La Goudale Blonde' -> https://upload.wikimedia.org/wikipedia/commons/thumb/4/41/Brasserie_Goudale_01.jpg/500px-Brasserie_Goudale_01.jpg
  [3487] 'Cerveza blanche' -> https://upload.wikimedia.org/wikipedia/commons/thumb/7/72/1664.Blanc.JPG/500px-1664.Blanc.JPG
  [commons.wikimedia.org] 429 intento 1, esperando 39s ...
  [3488] 'Grimbergen 25 cl Grimbergen 0,0% 0.0 DEGRE ALCOOL' -> https://upload.wikimedia.org/wikipedia/commons/thumb/3/3a/Grimbergen_blonde.jpg/500px-Grimbergen_blonde.jpg
  [3489] 'Cerveza sin alcohol' -> https://upload.wikimedia.org/wikipedia/commons/thumb/c/c7/Low-alcohol_beer.jpg/500px-Low-alcohol_beer.jpg
  [3490] 'Cerveza 1664 Blanc Sin Alcohol' -> https://upload.wikimedia.org/wikipedia/commons/thumb/e/ea/Kronenbourg_1664_blanc%2C_Canada_%28French_side%29%2C_2026-02-28.jpg/500px-Kronenbourg_1664_blanc%2C_Canada_%28French_side%29%2C_2026-02-28.jpg
  [3491] 'Brasserie de Gayant, Goudale' -> https://upload.wikimedia.org/wikipedia/commons/thumb/c/cb/La_Goudale_-_France.jpg/500px-La_Goudale_-_France.jpg
  [3492] 'Grimbergen 25 cl Grimbergen Double Ambrèe 6.5 DEGRE ALCOOL' -> https://upload.wikimedia.org/wikipedia/commons/thumb/3/38/Carlsberg_Deutschland_GmbH_-_Grimbergen_Double_Ambr%C3%A9e.jpg/500px-Carlsberg_Deutschland_GmbH_-_Grimbergen_Double_Ambr%C3%A9e.jpg
  [3493] 'Heineken' -> https://upload.wikimedia.org/wikipedia/commons/thumb/a/ad/Heineken_lager_beer_made_in_China.jpg/500px-Heineken_lager_beer_made_in_China.jpg
  [3494] 'Desperados' -> https://upload.wikimedia.org/wikipedia/commons/thumb/9/9c/Desperados.jpg/500px-Desperados.jpg
  [3495] 'Cerveza Especial San Miguel' -> https://upload.wikimedia.org/wikipedia/commons/thumb/a/a6/Charlas_literarias_%28Miguel_Can%C3%A9%29.djvu/page1-500px-Charlas_literarias_%28Miguel_Can%C3%A9%29.djvu.jpg
  [commons.wikimedia.org] 429 intento 1, esperando 39s ...
  [3497] 'Kronenbourg' -> https://upload.wikimedia.org/wikipedia/commons/thumb/1/17/Rosa_%E2%80%9CFlaming_Peace%E2%80%9D%2C_%E2%80%9CKronenbourg%E2%80%9D_o_MACbo._02.jpg/500px-Rosa_%E2%80%9CFlaming_Peace%E2%80%9D%2C_%E2%80%9CKronenbourg%E2%80%9D_o_MACbo._02.jpg
  [3498] 'Blonde sans alcool' -> https://upload.wikimedia.org/wikipedia/commons/thumb/2/2d/Rouquette_-_Notre-Dame-des-Volupt%C3%A9s-sans-nombre%2C_1919.djvu/page1-500px-Rouquette_-_Notre-Dame-des-Volupt%C3%A9s-sans-nombre%2C_1919.djvu.jpg
  [3499] 'Pure malta lager' -> https://upload.wikimedia.org/wikipedia/commons/thumb/a/ad/Heineken_lager_beer_made_in_China.jpg/500px-Heineken_lager_beer_made_in_China.jpg
  [3500] 'Cerveza 3 Monts tradicional' -> https://upload.wikimedia.org/wikipedia/commons/thumb/f/f7/Monts-mairie.JPG/500px-Monts-mairie.JPG
  [3501] 'Biere blonde sans alcool' -> https://upload.wikimedia.org/wikipedia/commons/b/b5/La_goudale.jpg
  [3502] 'Cerveza Tsingtao' -> https://upload.wikimedia.org/wikipedia/commons/thumb/4/4b/Tsingtao_in_Qingdao_1.JPG/500px-Tsingtao_in_Qingdao_1.JPG
  [3503] 'Mini' -> https://upload.wikimedia.org/wikipedia/commons/thumb/2/2f/Morris_Mini-Minor_1959_%28621_AOK%29.jpg/500px-Morris_Mini-Minor_1959_%28621_AOK%29.jpg
  [commons.wikimedia.org] 429 intento 1, esperando 36s ...
  [3504] 'Cerveza 0,0% sin alcohol' -> https://upload.wikimedia.org/wikipedia/commons/thumb/d/dd/San_Miguel_de_Lillo-Oviedo.jpg/500px-San_Miguel_de_Lillo-Oviedo.jpg
  [3505] 'Desperados Virgin-0,0%' -> https://upload.wikimedia.org/wikipedia/commons/thumb/9/9c/Desperados.jpg/500px-Desperados.jpg
  [3506] 'Orval Trappist' -> https://upload.wikimedia.org/wikipedia/commons/thumb/3/3e/Orval_beer_and_glass.jpg/500px-Orval_beer_and_glass.jpg
  [3507] 'Peroni' -> https://upload.wikimedia.org/wikipedia/commons/thumb/0/02/Reel_birra_peroni.jpg/500px-Reel_birra_peroni.jpg
  [3508] 'Cerveza rubia pura malta' -> https://upload.wikimedia.org/wikipedia/commons/thumb/c/c8/Among_the_branches_of_a_potted_jade_plant.jpg/500px-Among_the_branches_of_a_potted_jade_plant.jpg
  [3509] 'Estrella Galicia' -> https://upload.wikimedia.org/wikipedia/commons/thumb/9/97/Estrella_Galicia_1906_Reserva_Especial.jpg/500px-Estrella_Galicia_1906_Reserva_Especial.jpg
  [3510] 'Cerveza especial' -> https://upload.wikimedia.org/wikipedia/commons/thumb/8/8e/Cerveza_modelo_especial.jpg/500px-Cerveza_modelo_especial.jpg
  [3511] 'Cerveza Heineken' -> https://upload.wikimedia.org/wikipedia/commons/thumb/6/6b/Heineken_tapvat_5l.jpg/500px-Heineken_tapvat_5l.jpg
  [3512] 'Lagerbier Hell' -> https://upload.wikimedia.org/wikipedia/commons/thumb/2/24/Budweiser_Budvar_N.C._-_Helles_Premium_Lagerbier.jpg/500px-Budweiser_Budvar_N.C._-_Helles_Premium_Lagerbier.jpg
  [commons.wikimedia.org] 429 intento 1, esperando 40s ...
  [3514] 'Cerveza rubia sin gluten Jade' -> https://upload.wikimedia.org/wikipedia/commons/thumb/c/c8/Among_the_branches_of_a_potted_jade_plant.jpg/500px-Among_the_branches_of_a_potted_jade_plant.jpg
  [3515] 'BTE DESPERADOS 5.90%' -> https://upload.wikimedia.org/wikipedia/commons/thumb/9/9c/Desperados.jpg/500px-Desperados.jpg
  [3516] 'Cerveza Damm premium calidad Non Alcoholic lager' -> https://upload.wikimedia.org/wikipedia/commons/thumb/f/f5/Damm_Kirche_2008-04-15.jpg/500px-Damm_Kirche_2008-04-15.jpg
  [3517] 'Cerveza Tripel Karmeliet 8,4%' -> https://upload.wikimedia.org/wikipedia/commons/thumb/8/83/Tripel_Karmeliet_glas.jpg/500px-Tripel_Karmeliet_glas.jpg
  [3518] 'Cerveza sin alcohol (Variedad 3518)' -> https://upload.wikimedia.org/wikipedia/commons/thumb/a/a8/Erdinger_826.jpg/500px-Erdinger_826.jpg
  [commons.wikimedia.org] 429 intento 1, esperando 39s ...
  [3520] 'Kronenbourg Cerveza blonde 4.2%vol' -> https://upload.wikimedia.org/wikipedia/commons/thumb/1/17/Rosa_%E2%80%9CFlaming_Peace%E2%80%9D%2C_%E2%80%9CKronenbourg%E2%80%9D_o_MACbo._02.jpg/500px-Rosa_%E2%80%9CFlaming_Peace%E2%80%9D%2C_%E2%80%9CKronenbourg%E2%80%9D_o_MACbo._02.jpg
  [3521] 'Cerveza Heineken 5%' -> https://upload.wikimedia.org/wikipedia/commons/thumb/6/6b/Heineken_tapvat_5l.jpg/500px-Heineken_tapvat_5l.jpg
  [3522] 'Pilsner Urquell' -> https://upload.wikimedia.org/wikipedia/commons/thumb/7/7c/Pilsner_Urquell_mug.jpg/500px-Pilsner_Urquell_mug.jpg
  [3523] 'Tripel' -> https://upload.wikimedia.org/wikipedia/commons/d/d2/Westmalle_tripel_in_glass.jpg
  [3524] 'Cerveza Vall-Damm Doble Malta' -> https://upload.wikimedia.org/wikipedia/commons/thumb/5/5f/Deliciosa_Voll-Damm.jpg/500px-Deliciosa_Voll-Damm.jpg
  [3525] 'Cerveza Pilsen' -> https://upload.wikimedia.org/wikipedia/commons/thumb/1/16/Cerveza_Pilsen_Publicidad.jpg/500px-Cerveza_Pilsen_Publicidad.jpg
  [3526] 'Cerveza Asahi Super Dry' -> https://upload.wikimedia.org/wikipedia/commons/thumb/6/6a/Asahi_SUPER_DRY_20110111.jpg/500px-Asahi_SUPER_DRY_20110111.jpg
  [commons.wikimedia.org] 429 intento 1, esperando 40s ...
  [3527] 'Cerveza BrewDog Punk IPA' -> https://upload.wikimedia.org/wikipedia/commons/thumb/7/7f/Brewdog_bar%2C_Cardiff_at_night.jpg/500px-Brewdog_bar%2C_Cardiff_at_night.jpg
  [3528] 'Heineken Beer' -> https://upload.wikimedia.org/wikipedia/commons/thumb/6/6b/Heineken_tapvat_5l.jpg/500px-Heineken_tapvat_5l.jpg
  [3529] 'Cerveza Brune Draught 4,2% GUINNESS' -> https://upload.wikimedia.org/wikipedia/commons/thumb/4/40/Guinness-bier1441.JPG/500px-Guinness-bier1441.JPG
  [3530] 'Ichnusa non filtrata' -> https://upload.wikimedia.org/wikipedia/commons/thumb/6/67/Ichnusa_non_filtrata.jpg/500px-Ichnusa_non_filtrata.jpg
  [3531] "Biere BLONDE L'ANCIENNE" -> https://upload.wikimedia.org/wikipedia/commons/b/b5/La_goudale.jpg
  [3532] 'Cerveza rubia pasteurizada' -> https://upload.wikimedia.org/wikipedia/commons/thumb/8/89/Bra%C5%9Dovo%2C_bierfarejo_Ciuca%C8%99%2C_1.jpeg/500px-Bra%C5%9Dovo%2C_bierfarejo_Ciuca%C8%99%2C_1.jpeg
  [commons.wikimedia.org] 429 intento 1, esperando 39s ...
  [3533] 'Jupiler Belgisch pils krat' -> https://upload.wikimedia.org/wikipedia/commons/thumb/2/2e/Jupiler_krat.jpg/500px-Jupiler_krat.jpg
  [3534] 'Cerveja' -> https://upload.wikimedia.org/wikipedia/commons/thumb/5/50/Museu_da_cerveja_-_panoramio_%281%29.jpg/500px-Museu_da_cerveja_-_panoramio_%281%29.jpg
  [3535] 'Krombacher Pils' -> https://upload.wikimedia.org/wikipedia/commons/thumb/6/65/Krombacher_Brauerei_Bernhard_Schadeberg_GmbH_%26_Co.KG_.jpg/500px-Krombacher_Brauerei_Bernhard_Schadeberg_GmbH_%26_Co.KG_.jpg
  [3536] 'Cerveza Amstel Radler' -> https://upload.wikimedia.org/wikipedia/commons/thumb/f/f9/Heineken_roeivierkamp.jpg/500px-Heineken_roeivierkamp.jpg
  [3537] 'Radler' -> https://upload.wikimedia.org/wikipedia/commons/thumb/d/d2/Radler_Pils_Unterschied_01_%28RaBoe%29.jpg/500px-Radler_Pils_Unterschied_01_%28RaBoe%29.jpg
  [3538] 'BREWDOG IPA' -> https://upload.wikimedia.org/wikipedia/commons/thumb/8/87/Brewdog-hardcore-ipa.jpg/500px-Brewdog-hardcore-ipa.jpg
  [3539] 'Lager' -> https://upload.wikimedia.org/wikipedia/commons/thumb/d/d7/Lager_beer_in_glass.jpg/500px-Lager_beer_in_glass.jpg
  [3540] 'Cerveza Lager Clásica' -> https://upload.wikimedia.org/wikipedia/commons/thumb/7/7c/Estilos_de_cerveza_del_mundo.pdf/page1-500px-Estilos_de_cerveza_del_mundo.pdf.jpg
  [commons.wikimedia.org] 429 intento 1, esperando 40s ...
  [3541] 'Cerveza sans alcool' -> https://upload.wikimedia.org/wikipedia/commons/thumb/6/69/Tromp-l%27oeil_Still-Life_1664_Hoogstraeten.jpg/500px-Tromp-l%27oeil_Still-Life_1664_Hoogstraeten.jpg
  [3542] 'Super Bock' -> https://upload.wikimedia.org/wikipedia/commons/thumb/e/ed/Super_Bock_glass.jpg/500px-Super_Bock_glass.jpg
  [3543] 'Blonde non filtré Champ Libre' -> https://upload.wikimedia.org/wikipedia/commons/thumb/4/42/Gallia-AFGES.jpg/500px-Gallia-AFGES.jpg
  [3544] 'Cerveza Blanche 1664 sans alcool' -> https://upload.wikimedia.org/wikipedia/commons/thumb/e/ea/Kronenbourg_1664_blanc%2C_Canada_%28French_side%29%2C_2026-02-28.jpg/500px-Kronenbourg_1664_blanc%2C_Canada_%28French_side%29%2C_2026-02-28.jpg
  [3545] 'Birra' -> https://upload.wikimedia.org/wikipedia/commons/thumb/4/4a/Taranto_birra_e_sport.jpg/500px-Taranto_birra_e_sport.jpg
  [3546] 'Estrella Damm' -> https://upload.wikimedia.org/wikipedia/commons/thumb/8/88/Estrella_Damm_Barcelona.JPG/500px-Estrella_Damm_Barcelona.JPG
  [3547] 'GT-Mobility - Tankstelle , KFZ-Service , Abschlepp- & Bergedienst' -> https://upload.wikimedia.org/wikipedia/commons/thumb/6/6f/Krombacher_Brauerei_-_Krombacher_Hell.jpg/500px-Krombacher_Brauerei_-_Krombacher_Hell.jpg
  [commons.wikimedia.org] 429 intento 1, esperando 38s ...
  [3549] 'La Blonde' -> https://upload.wikimedia.org/wikipedia/commons/thumb/a/a3/La_ferme_en_ville_-_Blonde_d%27aquitaine.JPG/500px-La_ferme_en_ville_-_Blonde_d%27aquitaine.JPG
  [3550] 'Pils' -> https://upload.wikimedia.org/wikipedia/commons/thumb/2/2f/Isidore_Pils_-_Maurice_Leloir.jpg/500px-Isidore_Pils_-_Maurice_Leloir.jpg
  [3551] 'Premium Pils' -> https://upload.wikimedia.org/wikipedia/commons/6/6b/Premium_Pils_0.75.JPG
  [3552] 'Punk IPA' -> https://upload.wikimedia.org/wikipedia/commons/thumb/8/87/Brewdog-hardcore-ipa.jpg/500px-Brewdog-hardcore-ipa.jpg
  [3553] 'Normal' -> https://upload.wikimedia.org/wikipedia/commons/thumb/5/52/Normal%2C_Illinois.jpg/500px-Normal%2C_Illinois.jpg
  [3554] 'Jupiler 0,0%' -> https://upload.wikimedia.org/wikipedia/commons/thumb/2/2e/Jupiler_krat.jpg/500px-Jupiler_krat.jpg
  [3555] 'Cerveza Birra Moretti' -> https://upload.wikimedia.org/wikipedia/commons/thumb/f/fc/Moretti_03.JPG/500px-Moretti_03.JPG
  [3556] 'Damm Lemon' -> https://upload.wikimedia.org/wikipedia/commons/0/00/Lemon_dam.jpg
  [commons.wikimedia.org] 429 intento 1, esperando 38s ...
  [3557] 'Cerveza JENLAIN AMBREE' -> https://upload.wikimedia.org/wikipedia/commons/thumb/c/c6/Jenlain_mnoel01.jpg/500px-Jenlain_mnoel01.jpg
  [3558] 'Licorne negro 0,0%' -> https://upload.wikimedia.org/wikipedia/commons/thumb/a/ab/Corre-La_Licorne_1913.JPG/500px-Corre-La_Licorne_1913.JPG
  [3560] 'Goudale 0.00% - Jugo de limón' -> https://upload.wikimedia.org/wikipedia/commons/b/b5/La_goudale.jpg
  [3561] 'Cerveza blonde' -> https://upload.wikimedia.org/wikipedia/commons/thumb/a/a5/Blonde_et_brune_de_Cerveza_Cusque%C3%B1a.jpg/500px-Blonde_et_brune_de_Cerveza_Cusque%C3%B1a.jpg
  [3562] 'Blauw' -> https://upload.wikimedia.org/wikipedia/commons/thumb/4/44/Blauw_Jan_Hagedissen_Houwelingen_Gartmanplantsoen.jpg/500px-Blauw_Jan_Hagedissen_Houwelingen_Gartmanplantsoen.jpg
  [commons.wikimedia.org] 429 intento 1, esperando 39s ...
  [3564] 'Heineken 0.0 sans alcool' -> https://upload.wikimedia.org/wikipedia/commons/thumb/a/ad/Heineken_lager_beer_made_in_China.jpg/500px-Heineken_lager_beer_made_in_China.jpg
  [3565] 'Cerveza Suave' -> https://upload.wikimedia.org/wikipedia/commons/thumb/7/7c/Estilos_de_cerveza_del_mundo.pdf/page1-500px-Estilos_de_cerveza_del_mundo.pdf.jpg
  [3566] 'Cerveza rubia Radler 0, 0% con zumo natural de limón' -> https://upload.wikimedia.org/wikipedia/commons/thumb/f/f9/Heineken_roeivierkamp.jpg/500px-Heineken_roeivierkamp.jpg
  [3567] 'Pietra biera corsa ambrée con châtaigne' -> https://upload.wikimedia.org/wikipedia/commons/thumb/b/bb/Pietra_Ligure-panorama1.jpg/500px-Pietra_Ligure-panorama1.jpg
  [3568] 'Natur Radler' -> https://upload.wikimedia.org/wikipedia/commons/thumb/c/ca/TdN_Radler.jpeg/500px-TdN_Radler.jpeg
  [3569] 'Beurre dremmwel blonde' -> https://upload.wikimedia.org/wikipedia/commons/thumb/c/c7/Hancock_County_Iowa_Incorporated_and_Unincorporated_areas_Britt_Highlighted.svg/500px-Hancock_County_Iowa_Incorporated_and_Unincorporated_areas_Britt_Highlighted.svg.png
  [3570] 'Cerveza artesanal griega' -> https://upload.wikimedia.org/wikipedia/commons/thumb/9/9c/Alpha_uc_lc.svg/500px-Alpha_uc_lc.svg.png
  [commons.wikimedia.org] 429 intento 1, esperando 40s ...
  [3571] 'Nastro Azzuro' -> https://upload.wikimedia.org/wikipedia/commons/thumb/0/02/Reel_birra_peroni.jpg/500px-Reel_birra_peroni.jpg
  [3572] 'BTE 8.6 ORIGINAL 8.6%' -> https://upload.wikimedia.org/wikipedia/commons/thumb/9/9c/Mein_Leopold_-_Original-Volkst%C3%BCck_mit_Gesang_in_3_Akten_und_6_Bildern_%28IA_meinleopoldorigi00larr_0%29.pdf/page1-500px-Mein_Leopold_-_Original-Volkst%C3%BCck_mit_Gesang_in_3_Akten_und_6_Bildern_%28IA_meinleopoldorigi00larr_0%29.pdf.jpg
  [3573] 'Jupiler' -> https://upload.wikimedia.org/wikipedia/commons/thumb/2/2e/Jupiler_krat.jpg/500px-Jupiler_krat.jpg
  [3574] 'Cerveza LA GOUDALE AMBREE' -> https://upload.wikimedia.org/wikipedia/commons/thumb/4/41/Brasserie_Goudale_01.jpg/500px-Brasserie_Goudale_01.jpg
  [3575] 'Birra Heineken' -> https://upload.wikimedia.org/wikipedia/commons/thumb/6/6b/Heineken_tapvat_5l.jpg/500px-Heineken_tapvat_5l.jpg
  [3576] 'BLE BIERE BLONDE LEFFE' -> https://upload.wikimedia.org/wikipedia/commons/thumb/6/6f/Leffe%2CAbbaye_%28batiment_principal%29.JPG/500px-Leffe%2CAbbaye_%28batiment_principal%29.JPG
  [3577] 'Free damm 0,0 sin gluten' -> https://upload.wikimedia.org/wikipedia/commons/thumb/f/f5/Damm_Kirche_2008-04-15.jpg/500px-Damm_Kirche_2008-04-15.jpg
  [3578] 'Hazy Jane IPA' -> https://upload.wikimedia.org/wikipedia/commons/thumb/7/7f/Brewdog_bar%2C_Cardiff_at_night.jpg/500px-Brewdog_bar%2C_Cardiff_at_night.jpg
  [commons.wikimedia.org] 429 intento 1, esperando 38s ...
  [3579] 'Bierre Bleue con Arándanos' -> https://upload.wikimedia.org/wikipedia/commons/thumb/d/d9/La_Rousse%2C_Brasserie_du_Mont-Blanc.jpg/500px-La_Rousse%2C_Brasserie_du_Mont-Blanc.jpg
  [3580] 'Cerveza búlgaro-eslava 5%' -> https://upload.wikimedia.org/wikipedia/commons/thumb/5/5f/Stella_Artois_en_Brasil.jpg/500px-Stella_Artois_en_Brasil.jpg
  [3581] 'Pécheresse' -> https://upload.wikimedia.org/wikipedia/commons/thumb/7/7c/Bouteille_de_P%C3%A9cheresse.jpg/500px-Bouteille_de_P%C3%A9cheresse.jpg
  [3583] 'Mort subite kriek lambic' -> https://upload.wikimedia.org/wikipedia/commons/thumb/5/59/Mort_Subite_Lambic_Kriek.jpg/500px-Mort_Subite_Lambic_Kriek.jpg
  [3584] 'BLE BIER.GOUDALE BLD 7.2%' -> https://upload.wikimedia.org/wikipedia/commons/thumb/4/41/Brasserie_Goudale_01.jpg/500px-Brasserie_Goudale_01.jpg
  [commons.wikimedia.org] 429 intento 1, esperando 40s ...
  [3585] 'Cerveza LEFFE BLONDE 6,6%' -> https://upload.wikimedia.org/wikipedia/commons/thumb/6/6f/Leffe%2CAbbaye_%28batiment_principal%29.JPG/500px-Leffe%2CAbbaye_%28batiment_principal%29.JPG
  [3586] 'Cerveza' -> https://upload.wikimedia.org/wikipedia/commons/thumb/e/e2/Destapador_cerveza_Quilmes.jpg/500px-Destapador_cerveza_Quilmes.jpg
  [3588] 'Desperados Lime' -> https://upload.wikimedia.org/wikipedia/commons/thumb/9/9c/Desperados.jpg/500px-Desperados.jpg
  [3589] 'Verte con génépi' -> https://upload.wikimedia.org/wikipedia/commons/thumb/d/d9/La_Rousse%2C_Brasserie_du_Mont-Blanc.jpg/500px-La_Rousse%2C_Brasserie_du_Mont-Blanc.jpg
  [3590] 'Cerveza Heineken lager' -> https://upload.wikimedia.org/wikipedia/commons/thumb/6/6b/Heineken_tapvat_5l.jpg/500px-Heineken_tapvat_5l.jpg
  [3591] 'Stella Artois, 4,6%' -> https://upload.wikimedia.org/wikipedia/commons/thumb/5/5f/Stella_Artois_en_Brasil.jpg/500px-Stella_Artois_en_Brasil.jpg
  [3592] 'La Blanche' -> https://upload.wikimedia.org/wikipedia/commons/thumb/b/bf/Fort_Pagny-la-Blanche-Cote.JPG/500px-Fort_Pagny-la-Blanche-Cote.JPG
  [3593] 'Leffe' -> https://upload.wikimedia.org/wikipedia/commons/thumb/6/6f/Leffe%2CAbbaye_%28batiment_principal%29.JPG/500px-Leffe%2CAbbaye_%28batiment_principal%29.JPG
  [commons.wikimedia.org] 429 intento 1, esperando 39s ...
  [3594] 'Pülleken' -> https://upload.wikimedia.org/wikipedia/commons/thumb/5/5b/Brauerei_C.%26_A._Veltins_GmbH_%26_Co._KG_-_helles_P%C3%BClleken.jpg/500px-Brauerei_C.%26_A._Veltins_GmbH_%26_Co._KG_-_helles_P%C3%BClleken.jpg
  [3595] 'Ichnusa' -> https://upload.wikimedia.org/wikipedia/commons/d/da/Ichnusa_Speciale.jpg
  [3596] 'Saké de cocina tradicional' -> https://upload.wikimedia.org/wikipedia/commons/thumb/9/9b/Emblem_of_Hinode%2C_Tokyo.svg/500px-Emblem_of_Hinode%2C_Tokyo.svg.png
  [3597] 'Mirin Saké doux pour cuisiner' -> https://upload.wikimedia.org/wikipedia/commons/thumb/5/54/Lindau_-_Un_voyage_autour_du_Japon.djvu/page1-500px-Lindau_-_Un_voyage_autour_du_Japon.djvu.jpg
  [3598] 'Sake' -> https://upload.wikimedia.org/wikipedia/commons/thumb/c/c8/Sake_set.jpg/500px-Sake_set.jpg
  [3599] 'Sake Mei Kwei Lu' -> https://upload.wikimedia.org/wikipedia/commons/thumb/d/df/HK_Cheung_Sha_Wan_%E5%85%83%E5%B7%9E%E5%95%86%E5%A0%B4_Un_Chau_Shopping_Centre_%E6%96%B0%E9%87%91%E7%BF%A1%E7%BF%A0%E6%B5%B7%E9%AE%AE%E5%9F%8E_New_Golden_Jade_Seafood_City_Restaurant_Nov-2013_001.JPG/500px-HK_Cheung_Sha_Wan_%E5%85%83%E5%B7%9E%E5%95%86%E5%A0%B4_Un_Chau_Shopping_Centre_%E6%96%B0%E9%87%91%E7%BF%A1%E7%BF%A0%E6%B5%B7%E9%AE%AE%E5%9F%8E_New_Golden_Jade_Seafood_City_Restaurant_Nov-2013_001.JPG
  [3600] 'MIRIN dulce COOKING arroz WINE' -> https://upload.wikimedia.org/wikipedia/commons/thumb/6/61/Wan_Ja_Shan_Organic_Gluten-Free_Tamari.png/500px-Wan_Ja_Shan_Organic_Gluten-Free_Tamari.png
  [commons.wikimedia.org] 429 intento 1, esperando 40s ...
  [3602] 'Cooking sake' -> https://upload.wikimedia.org/wikipedia/commons/thumb/4/43/View_on_the_Mungo_river_Kroo_boys_cooking_breakfast.jpg/500px-View_on_the_Mungo_river_Kroo_boys_cooking_breakfast.jpg
  [3603] 'Saké pour cocina tradicional' -> https://upload.wikimedia.org/wikipedia/commons/thumb/c/c2/Wadakan_Inc._1.jpg/500px-Wadakan_Inc._1.jpg
  [3604] 'Assaisonnement Saké Sucré Mirin KIKKOMAN 12.5%' -> https://upload.wikimedia.org/wikipedia/commons/thumb/7/7f/KIKKOMAN_Corporation_head_office.jpg/500px-KIKKOMAN_Corporation_head_office.jpg
  [3607] 'Sake ecológico' -> https://upload.wikimedia.org/wikipedia/commons/thumb/c/c7/For_the_sake_of_Peggy_.._%28IA_forsakeofpeggy00eski%29.pdf/page1-500px-For_the_sake_of_Peggy_.._%28IA_forsakeofpeggy00eski%29.pdf.jpg
  [commons.wikimedia.org] 429 intento 1, esperando 39s ...
  [3609] 'Sen' -> https://upload.wikimedia.org/wikipedia/commons/thumb/8/80/Sun_Yat-sen_2.jpg/500px-Sun_Yat-sen_2.jpg
  [3612] 'Nigori saké' -> https://upload.wikimedia.org/wikipedia/commons/thumb/b/b4/Nigori_sake.jpg/500px-Nigori_sake.jpg
  [commons.wikimedia.org] 429 intento 1, esperando 39s ...
  [3617] 'Junmai sake' -> https://upload.wikimedia.org/wikipedia/commons/6/6b/Kaiun_Hiyaoroshi_Junmai_20090917.jpg
  [3620] 'Nigori Cloudy Sake' -> https://upload.wikimedia.org/wikipedia/commons/thumb/8/83/Ruth-Ozeki-signing-books-130321.jpg/500px-Ruth-Ozeki-signing-books-130321.jpg
  [commons.wikimedia.org] 429 intento 1, esperando 40s ...
  [3623] 'Saké dry' -> https://upload.wikimedia.org/wikipedia/commons/thumb/1/19/Armour_of_Oseki_clan_-_full.jpg/500px-Armour_of_Oseki_clan_-_full.jpg
  [3624] 'Hakutsuru Draft Sake' -> https://upload.wikimedia.org/wikipedia/commons/thumb/9/93/Hakutsuru_Sake_Brewing_Co.%2C_Ltd._%28Tokyo_branch_office%29.jpg/500px-Hakutsuru_Sake_Brewing_Co.%2C_Ltd._%28Tokyo_branch_office%29.jpg
  [3627] 'Saké Samurai' -> https://upload.wikimedia.org/wikipedia/commons/thumb/1/1d/Sake_gift_certificate_samurai_woodblock_print.jpg/500px-Sake_gift_certificate_samurai_woodblock_print.jpg
  [commons.wikimedia.org] 429 intento 1, esperando 38s ...
  [3629] 'Crisp & dulce Encurtido de silverskin cebollas' -> https://upload.wikimedia.org/wikipedia/commons/thumb/3/38/Karta_Tesco_ClubCard.jpg/500px-Karta_Tesco_ClubCard.jpg
  [3630] 'cebollas bo' -> https://upload.wikimedia.org/wikipedia/commons/thumb/8/86/Bouton_d%27or_%282%29.jpg/500px-Bouton_d%27or_%282%29.jpg
  [3631] 'Silberzwiebeln' -> https://upload.wikimedia.org/wikipedia/commons/thumb/d/d6/Chirat.jpg/500px-Chirat.jpg
  [3632] 'KÜHNE Silber cebollas 40804477 Silberzwiebeln' -> https://upload.wikimedia.org/wikipedia/commons/thumb/6/66/Roy_K%C3%BChne_2012.jpg/500px-Roy_K%C3%BChne_2012.jpg
  [3633] 'Balsamic Encurtido de cebollas' -> https://upload.wikimedia.org/wikipedia/commons/thumb/5/5b/Marks_%26_Spencer%2C_Briggate%2C_Leeds_%284th_May_2010%29.jpg/500px-Marks_%26_Spencer%2C_Briggate%2C_Leeds_%284th_May_2010%29.jpg
  [3634] 'dulce Encurtido de cebollas' -> https://upload.wikimedia.org/wikipedia/commons/thumb/f/fe/Valley_of_Stones%2C_sarsons_-_geograph.org.uk_-_1529567.jpg/500px-Valley_of_Stones%2C_sarsons_-_geograph.org.uk_-_1529567.jpg
  [commons.wikimedia.org] 429 intento 1, esperando 39s ...
  [3636] 'Encurtido de Shallots' -> https://upload.wikimedia.org/wikipedia/commons/thumb/6/68/-2019-11-04_Three_jars_of_pickled_shallots%2C_Trimingham.JPG/500px--2019-11-04_Three_jars_of_pickled_shallots%2C_Trimingham.JPG
  [3638] 'Cebolla grande' -> https://upload.wikimedia.org/wikipedia/commons/thumb/a/a0/Rio_Grande_Wild_and_Scenic_River_Recreation_Area_management_plan_-_final_%28IA_riograndewild8085unit%29.pdf/page1-500px-Rio_Grande_Wild_and_Scenic_River_Recreation_Area_management_plan_-_final_%28IA_riograndewild8085unit%29.pdf.jpg
  [3640] 'Cóctel de Aceitunas Verdes y Negras Enteras con Pepinillos y Cebollitas' -> https://upload.wikimedia.org/wikipedia/commons/b/bd/Gourmet_Bakers_backlit_Board.jpg
  [commons.wikimedia.org] 429 intento 1, esperando 40s ...
  [3641] 'Traditional cebollas' -> https://upload.wikimedia.org/wikipedia/commons/thumb/5/5b/Marks_%26_Spencer%2C_Briggate%2C_Leeds_%284th_May_2010%29.jpg/500px-Marks_%26_Spencer%2C_Briggate%2C_Leeds_%284th_May_2010%29.jpg
  [3642] 'Pink Encurtido de cebollas' -> https://upload.wikimedia.org/wikipedia/commons/thumb/a/a5/J._Sainsbury%27s_supermarket_Camden_Road%2C_London.jpg/500px-J._Sainsbury%27s_supermarket_Camden_Road%2C_London.jpg
  [3644] 'Cebollitas agridulces' -> https://upload.wikimedia.org/wikipedia/commons/thumb/9/94/Pav%C3%A9_Bio_Carrefour_-_1.jpg/500px-Pav%C3%A9_Bio_Carrefour_-_1.jpg
  [3645] 'Cebollas crujientes con Vinagre pequeños' -> https://upload.wikimedia.org/wikipedia/commons/thumb/0/0b/Monoprix_shop_looted_2011.jpg/500px-Monoprix_shop_looted_2011.jpg
  [3646] 'Agridulce Zilveruitjes' -> https://upload.wikimedia.org/wikipedia/commons/f/fa/Boni.jpg
  [3647] 'Zilveruitjes Agridulce' -> https://upload.wikimedia.org/wikipedia/commons/thumb/3/3e/Albert_Heijn_Headquarters_by_Niels_Kim.jpg/500px-Albert_Heijn_Headquarters_by_Niels_Kim.jpg
  [commons.wikimedia.org] 429 intento 1, esperando 38s ...
  [3648] 'Cebollitas rojas agridulce' -> https://upload.wikimedia.org/wikipedia/commons/thumb/d/df/Consum_Cooperativa.jpg/500px-Consum_Cooperativa.jpg
  [3649] 'Agridulce Zilver Uitjes' -> https://upload.wikimedia.org/wikipedia/commons/thumb/2/22/Jumbo_and_Matthew_Scott.png/500px-Jumbo_and_Matthew_Scott.png
  [3650] 'Jumbo Zilver Uitjes Zuur' -> https://upload.wikimedia.org/wikipedia/commons/thumb/2/22/Jumbo_and_Matthew_Scott.png/500px-Jumbo_and_Matthew_Scott.png
  [3651] 'Australian Encurtido de cebollas' -> https://upload.wikimedia.org/wikipedia/commons/thumb/5/58/How_onions_are_marketed_%28IA_howonionsaremark65pate%29.pdf/page1-500px-How_onions_are_marketed_%28IA_howonionsaremark65pate%29.pdf.jpg
  [3653] 'Encurtido de Silverskin cebollas' -> https://upload.wikimedia.org/wikipedia/commons/thumb/3/38/Karta_Tesco_ClubCard.jpg/500px-Karta_Tesco_ClubCard.jpg
  [commons.wikimedia.org] 429 intento 1, esperando 40s ...
  [3655] 'Cebolla cebollas encurtida de en balsamic vine INGREDIENTS:' -> https://upload.wikimedia.org/wikipedia/commons/thumb/0/0b/Waitrose%2C_Tarvin_Road%2C_Chester_-_geograph.org.uk_-_4340416.jpg/500px-Waitrose%2C_Tarvin_Road%2C_Chester_-_geograph.org.uk_-_4340416.jpg
  [3657] 'Cebollas blanco con Vinagre' -> https://upload.wikimedia.org/wikipedia/commons/a/a7/Aucune_g%C3%A9olocalisation.png
  [3658] 'Cipolline Sottoaceto' -> https://upload.wikimedia.org/wikipedia/commons/thumb/f/fe/Spacio_Conad_%282%29.jpg/500px-Spacio_Conad_%282%29.jpg
  [3659] 'Zoetzure zilveruitjes' -> https://upload.wikimedia.org/wikipedia/commons/thumb/8/8c/Poets_g%27woon_je_snoet_zakdoekjes%2C_Winschoten_%282021%29_01.jpg/500px-Poets_g%27woon_je_snoet_zakdoekjes%2C_Winschoten_%282021%29_01.jpg
  [commons.wikimedia.org] 429 intento 1, esperando 39s ...
  [3661] "Cipolline all'vinagre balsámico di Modena IGP" -> https://upload.wikimedia.org/wikipedia/commons/thumb/f/fe/Antica_cucina_dell%27abbazia_di_Vallombrosa.jpg/500px-Antica_cucina_dell%27abbazia_di_Vallombrosa.jpg
  [3662] 'Cebollitas sabor anchoa' -> https://upload.wikimedia.org/wikipedia/commons/thumb/d/df/Consum_Cooperativa.jpg/500px-Consum_Cooperativa.jpg
  [3663] 'Cocktail cebollas' -> https://upload.wikimedia.org/wikipedia/commons/thumb/f/fb/World_Of_Cocktail.pdf/page1-500px-World_Of_Cocktail.pdf.jpg
  [3664] 'dulce Encurtido de SILVERSKIN ONI' -> https://upload.wikimedia.org/wikipedia/commons/thumb/7/76/Interior_of_ASDA_Walmart_Supercentre_Milton_Keynes.jpg/500px-Interior_of_ASDA_Walmart_Supercentre_Milton_Keynes.jpg
  [commons.wikimedia.org] 429 intento 1, esperando 39s ...
  [3665] 'Balsamic cebollas' -> https://upload.wikimedia.org/wikipedia/commons/thumb/f/f3/Silver_Jubilee_celebrations%2C_Twyning_Green_-_geograph.org.uk_-_954172.jpg/500px-Silver_Jubilee_celebrations%2C_Twyning_Green_-_geograph.org.uk_-_954172.jpg
  [3666] 'Cebollas con cúrcuma y mostaza semillas Silverskin' -> https://upload.wikimedia.org/wikipedia/commons/thumb/c/c4/Sommet_des_opies-ouest.jpg/500px-Sommet_des_opies-ouest.jpg
  [3668] 'Cebolletas tradicionaless' -> https://upload.wikimedia.org/wikipedia/commons/7/79/Mapa_de_rioverde.GIF
  [3670] 'Cebollas pequeño' -> https://upload.wikimedia.org/wikipedia/commons/5/50/Johann_Joseph_Achermann_%28manner_of_Balthasar_Denner%29_-_old_woman_%28INV_1209_Louvre%29.jpg
  [3671] 'cebollas au Vinagre' -> https://upload.wikimedia.org/wikipedia/commons/thumb/0/06/Delhaize_advertisement.JPG/500px-Delhaize_advertisement.JPG
  [3672] 'Cebollas agridulce pequeños' -> https://upload.wikimedia.org/wikipedia/commons/f/fa/Boni.jpg
  [commons.wikimedia.org] 429 intento 1, esperando 36s ...
  [3674] 'cebollas rouges' -> https://upload.wikimedia.org/wikipedia/commons/thumb/7/7f/Swiss.a321-112.hb-ioh.750pix.jpg/500px-Swiss.a321-112.hb-ioh.750pix.jpg
  [3675] 'Cebollitas vinagre extra' -> https://upload.wikimedia.org/wikipedia/commons/thumb/1/1b/Santa_Cruz_El_Corte_Ingl%C3%A9s_%28fcm%29.jpg/500px-Santa_Cruz_El_Corte_Ingl%C3%A9s_%28fcm%29.jpg
  [3676] 'Encurtido de Eggs' -> https://upload.wikimedia.org/wikipedia/commons/thumb/6/6f/Hancock_County_Iowa_Incorporated_and_Unincorporated_areas_Garner_Highlighted.svg/500px-Hancock_County_Iowa_Incorporated_and_Unincorporated_areas_Garner_Highlighted.svg.png
  [3677] 'Marinated Eggs - Spicy' -> https://upload.wikimedia.org/wikipedia/commons/thumb/d/de/Korean_hot_and_spicy_cold_buckwheat_noodles_with_raw_fish-Hoe_naengmyeon-01.jpg/500px-Korean_hot_and_spicy_cold_buckwheat_noodles_with_raw_fish-Hoe_naengmyeon-01.jpg
  [3678] 'Egg Curd' -> https://upload.wikimedia.org/wikipedia/commons/thumb/4/41/Egg_fry_-_Kerala_Style.jpg/500px-Egg_fry_-_Kerala_Style.jpg
  [commons.wikimedia.org] 429 intento 1, esperando 40s ...
  [3682] 'Huevos marinados / encurtidos (Variedad 3682)' -> https://upload.wikimedia.org/wikipedia/commons/thumb/b/b4/Mus%C3%A9e_ornithologique_illustr%C3%A9_-_description_des_oiseaux_d%27Europe%2C_de_leurs_oeufs_et_de_leurs_nids_%28IA_museeornithologi01jacq%29.pdf/page1-500px-Mus%C3%A9e_ornithologique_illustr%C3%A9_-_description_des_oiseaux_d%27Europe%2C_de_leurs_oeufs_et_de_leurs_nids_%28IA_museeornithologi01jacq%29.pdf.jpg
  [3683] 'Huevos de codorniz' -> https://upload.wikimedia.org/wikipedia/commons/thumb/d/d8/Huevos_de_codorniz.JPG/500px-Huevos_de_codorniz.JPG
  [commons.wikimedia.org] 429 intento 1, esperando 40s ...
  [3688] 'Pickle Eggs' -> https://upload.wikimedia.org/wikipedia/commons/thumb/0/00/Sandwich_%28ham%2C_eggs%2C_pickles%2C_beets%2C_cheese%2C_red_onions%29.jpg/500px-Sandwich_%28ham%2C_eggs%2C_pickles%2C_beets%2C_cheese%2C_red_onions%29.jpg
  [3690] 'Marinated Eggs' -> https://upload.wikimedia.org/wikipedia/commons/thumb/e/ef/Marinated_egg_roast.JPG/500px-Marinated_egg_roast.JPG
  [3693] 'Pepinillos agridulces receta campesina (Variedad 3693)' -> https://upload.wikimedia.org/wikipedia/commons/thumb/8/8c/Wilhelm_Friedrich_K%C3%BChne_%28HeidICON_28860%29.jpg/500px-Wilhelm_Friedrich_K%C3%BChne_%28HeidICON_28860%29.jpg
  [3694] "Pepinillos extra finos L'Original frasco Maille" -> https://upload.wikimedia.org/wikipedia/commons/thumb/d/df/ES_Maille_im_Winter.jpg/500px-ES_Maille_im_Winter.jpg
  [3695] 'Pepinillos pequeños crujientes frasco Maille mini' -> https://upload.wikimedia.org/wikipedia/commons/thumb/d/df/ES_Maille_im_Winter.jpg/500px-ES_Maille_im_Winter.jpg
  [3696] "Pepinillos extra finos frasco Amora Croq'Vert" -> https://upload.wikimedia.org/wikipedia/commons/thumb/3/3d/Amora_Aviatico_rustico.JPG/500px-Amora_Aviatico_rustico.JPG
  [3698] 'Pepinillos (Variedad 3698)' -> https://upload.wikimedia.org/wikipedia/commons/thumb/c/cc/Star-sizes.jpg/500px-Star-sizes.jpg
  [3699] 'Pepinillos (Variedad 3699)' -> https://upload.wikimedia.org/wikipedia/commons/thumb/c/cc/Star-sizes.jpg/500px-Star-sizes.jpg
  [3700] 'Pepinillos extra finos con 5 especias y aromáticas (Variedad 3700)' -> https://upload.wikimedia.org/wikipedia/commons/thumb/4/4c/Carrefour_in_Singapore.jpg/500px-Carrefour_in_Singapore.jpg
  [commons.wikimedia.org] 429 intento 1, esperando 39s ...
  [3701] 'GURKENTOPF COUNTRY GHERKINS' -> https://upload.wikimedia.org/wikipedia/commons/thumb/8/8c/Wilhelm_Friedrich_K%C3%BChne_%28HeidICON_28860%29.jpg/500px-Wilhelm_Friedrich_K%C3%BChne_%28HeidICON_28860%29.jpg
  [3702] 'Pepinillo francés en vinagre y con chalota' -> https://upload.wikimedia.org/wikipedia/commons/thumb/7/72/The_Wounded_Angel_-_Hugo_Simberg.jpg/500px-The_Wounded_Angel_-_Hugo_Simberg.jpg
  [3704] 'Pepinillos extra finos (Variedad 3704)' -> https://upload.wikimedia.org/wikipedia/commons/thumb/3/3c/Isdera_Autobahnkurier_Classic-Gala_2021_1X7A0228.jpg/500px-Isdera_Autobahnkurier_Classic-Gala_2021_1X7A0228.jpg
  [3705] "Pepinillos finos frasco Amora Croq'Vert" -> https://upload.wikimedia.org/wikipedia/commons/thumb/3/3d/Amora_Aviatico_rustico.JPG/500px-Amora_Aviatico_rustico.JPG
  [3706] 'Pepinillos pequeños crujientes frasco Maille mini (Variedad 3706)' -> https://upload.wikimedia.org/wikipedia/commons/thumb/d/df/ES_Maille_im_Winter.jpg/500px-ES_Maille_im_Winter.jpg
  [3707] 'B.or cornichons e/f bc' -> https://upload.wikimedia.org/wikipedia/commons/thumb/0/06/Dictionnaire_de_pomologie%2C_contenant_l%27histoire%2C_la_description%2C_la_figure_des_fruits_anciens_et_des_fruits_modernes_les_plus_g%C3%A9n%C3%A9ralement_connus_et_cultiv%C3%A9s_%28IA_dictionnairedepo00lero%29.pdf/page1-500px-thumbnail.pdf.jpg
  [3709] 'OLIVES VERTES DÉNOYAUTÉES bocal' -> https://upload.wikimedia.org/wikipedia/commons/thumb/8/86/Bouton_d%27or_%282%29.jpg/500px-Bouton_d%27or_%282%29.jpg
  [commons.wikimedia.org] 429 intento 1, esperando 40s ...
  [3710] 'Chopped Garlic' -> https://upload.wikimedia.org/wikipedia/commons/thumb/7/7c/Sourdough_with_lots_of_chopped_garlic_%286043377778%29.jpg/500px-Sourdough_with_lots_of_chopped_garlic_%286043377778%29.jpg
  [3711] 'Olijven / Olives' -> https://upload.wikimedia.org/wikipedia/commons/thumb/5/51/Baresa_station_-_2008-10-31.jpg/500px-Baresa_station_-_2008-10-31.jpg
  [3712] 'Pepinillos (Variedad 3712)' -> https://upload.wikimedia.org/wikipedia/commons/thumb/e/e0/I_Love_Hacendado_%28469984295%29.jpg/500px-I_Love_Hacendado_%28469984295%29.jpg
  [3713] 'Pepinillos agridulces (Variedad 3713)' -> https://upload.wikimedia.org/wikipedia/commons/thumb/8/8c/Wilhelm_Friedrich_K%C3%BChne_%28HeidICON_28860%29.jpg/500px-Wilhelm_Friedrich_K%C3%BChne_%28HeidICON_28860%29.jpg
  [3714] 'Pepinillos extra finos en vinagre frasco de' -> https://upload.wikimedia.org/wikipedia/commons/thumb/4/4d/Periodic_table_large.svg/500px-Periodic_table_large.svg.png
  [3717] 'Pepinillos en vinagre (Variedad 3717)' -> https://upload.wikimedia.org/wikipedia/commons/thumb/9/94/Pav%C3%A9_Bio_Carrefour_-_1.jpg/500px-Pav%C3%A9_Bio_Carrefour_-_1.jpg
  [3719] 'Pepinillos extra finos en vinagre frasco de 72cl' -> https://upload.wikimedia.org/wikipedia/commons/thumb/4/4d/Periodic_table_large.svg/500px-Periodic_table_large.svg.png
  [commons.wikimedia.org] 429 intento 1, esperando 39s ...
  [3720] 'Encurtidos pepinillos' -> https://upload.wikimedia.org/wikipedia/commons/thumb/0/09/Pickled_pattypan_squash_with_gherkins._01.jpg/500px-Pickled_pattypan_squash_with_gherkins._01.jpg
  [3721] 'Pepinillo francés aigre-doux' -> https://upload.wikimedia.org/wikipedia/commons/thumb/7/72/The_Wounded_Angel_-_Hugo_Simberg.jpg/500px-The_Wounded_Angel_-_Hugo_Simberg.jpg
  [3722] 'Pepinillos ecológico' -> https://upload.wikimedia.org/wikipedia/commons/thumb/8/86/Bouton_d%27or_%282%29.jpg/500px-Bouton_d%27or_%282%29.jpg
  [3723] 'Pepinillos finos (Variedad 3723)' -> https://upload.wikimedia.org/wikipedia/commons/thumb/7/74/2%C3%A8me_partie_carrefour_de_l%27arbre.jpg/500px-2%C3%A8me_partie_carrefour_de_l%27arbre.jpg
  [3724] 'Pepinillos agridulces con Vinaigres y con aromáticas frasco Hartherz' -> https://upload.wikimedia.org/wikipedia/commons/thumb/d/dc/Hartherz%2C_Florian_SCP_13-14_WP.JPG/500px-Hartherz%2C_Florian_SCP_13-14_WP.JPG
  [3725] 'Pepinillos extra finos con 5 especias y aromáticas, Marque Carrefour (Variedad 3725)' -> https://upload.wikimedia.org/wikipedia/commons/thumb/0/02/Carrefour_55-o.art.pub-carrefour-02.jpg/500px-Carrefour_55-o.art.pub-carrefour-02.jpg
  [3726] 'olives vertes dénoyautées' -> https://upload.wikimedia.org/wikipedia/commons/thumb/2/22/Auchan%2C_Le_Pontet%2C_Vaucluse%2C_France.jpg/500px-Auchan%2C_Le_Pontet%2C_Vaucluse%2C_France.jpg
  [3728] 'Pepinillos agridulces pequeños crujientes' -> https://upload.wikimedia.org/wikipedia/commons/thumb/8/8c/Wilhelm_Friedrich_K%C3%BChne_%28HeidICON_28860%29.jpg/500px-Wilhelm_Friedrich_K%C3%BChne_%28HeidICON_28860%29.jpg
  [commons.wikimedia.org] 429 intento 1, esperando 40s ...
  [3731] 'Pepinillos extra finos con 5 aromáticas (Variedad 3731)' -> https://upload.wikimedia.org/wikipedia/commons/thumb/2/22/Auchan%2C_Le_Pontet%2C_Vaucluse%2C_France.jpg/500px-Auchan%2C_Le_Pontet%2C_Vaucluse%2C_France.jpg
  [3733] 'Cornichons e.f bo' -> https://upload.wikimedia.org/wikipedia/commons/thumb/8/86/Bouton_d%27or_%282%29.jpg/500px-Bouton_d%27or_%282%29.jpg
  [3734] 'Pepinillos spécial sandwich agridulce (Variedad 3734)' -> https://upload.wikimedia.org/wikipedia/commons/thumb/8/8c/Wilhelm_Friedrich_K%C3%BChne_%28HeidICON_28860%29.jpg/500px-Wilhelm_Friedrich_K%C3%BChne_%28HeidICON_28860%29.jpg
  [3736] 'Pepinillos finos bo (Variedad 3736)' -> https://upload.wikimedia.org/wikipedia/commons/thumb/8/86/Bouton_d%27or_%282%29.jpg/500px-Bouton_d%27or_%282%29.jpg
  [3737] 'Pepinillos extra finos Offre Saisonnière frasco Maille' -> https://upload.wikimedia.org/wikipedia/commons/thumb/d/df/ES_Maille_im_Winter.jpg/500px-ES_Maille_im_Winter.jpg
  [3739] 'Cebollas encurtidos Pink' -> https://upload.wikimedia.org/wikipedia/commons/thumb/d/dc/ALDI_Woerden_02.JPG/500px-ALDI_Woerden_02.JPG
  [commons.wikimedia.org] 429 intento 1, esperando 39s ...
  [3740] 'Pepinillos agridulces 72cl' -> https://upload.wikimedia.org/wikipedia/commons/thumb/4/4d/Periodic_table_large.svg/500px-Periodic_table_large.svg.png
  [3741] 'Pepinillo agrio dulce BO' -> https://upload.wikimedia.org/wikipedia/commons/thumb/8/86/Bouton_d%27or_%282%29.jpg/500px-Bouton_d%27or_%282%29.jpg
  [3742] 'Vinagre 350 G pepinillos BRAVO HUGO TRES finos, 185g égoutté' -> https://upload.wikimedia.org/wikipedia/commons/thumb/3/3a/Hugo_Wast.JPG/500px-Hugo_Wast.JPG
  [3743] 'Schlemmertöpfchen gew. Gurken' -> https://upload.wikimedia.org/wikipedia/commons/thumb/4/41/Hermann_K%C3%BChne_1819-1887_Pr%C3%A4sident_K%C3%B6nigliches_Oberlandesgericht_Celle%2C_Grabmal_auf_dem_Hehlentorfriedhof_%C3%B6stlicher_Teil.jpg/500px-Hermann_K%C3%BChne_1819-1887_Pr%C3%A4sident_K%C3%B6nigliches_Oberlandesgericht_Celle%2C_Grabmal_auf_dem_Hehlentorfriedhof_%C3%B6stlicher_Teil.jpg
  [3744] 'Encurtido ajo' -> https://upload.wikimedia.org/wikipedia/commons/thumb/8/8d/Mar_Y_Sol_Festival_daylight_shot.jpg/500px-Mar_Y_Sol_Festival_daylight_shot.jpg
  [3745] 'Czosnek z chilli w oleju' -> https://upload.wikimedia.org/wikipedia/commons/thumb/8/8d/Mar_Y_Sol_Festival_daylight_shot.jpg/500px-Mar_Y_Sol_Festival_daylight_shot.jpg
  [3746] 'Vinagre Cocktail pepinillos en distilled malta' -> https://upload.wikimedia.org/wikipedia/commons/thumb/c/c4/Sommet_des_opies-ouest.jpg/500px-Sommet_des_opies-ouest.jpg
  [3748] 'Pepinillo dulce' -> https://upload.wikimedia.org/wikipedia/commons/thumb/5/5d/La_dulce_alianza_-_juguete_c%C3%B3mico_en_tres_actos_y_en_prosa_%28IA_ladulcealianzaju453pina%29.pdf/page1-500px-La_dulce_alianza_-_juguete_c%C3%B3mico_en_tres_actos_y_en_prosa_%28IA_ladulcealianzaju453pina%29.pdf.jpg
  [commons.wikimedia.org] 429 intento 1, esperando 40s ...
  [3750] 'Cebollas extra finos (Variedad 3750)' -> https://upload.wikimedia.org/wikipedia/commons/thumb/0/02/Carrefour_55-o.art.pub-carrefour-02.jpg/500px-Carrefour_55-o.art.pub-carrefour-02.jpg
  [3754] 'Kimchi / Chou chinois' -> https://upload.wikimedia.org/wikipedia/commons/thumb/3/3e/2014.06.17_-_Wang_-_Ortsturm_bzw._Marktturm_-_01.jpg/500px-2014.06.17_-_Wang_-_Ortsturm_bzw._Marktturm_-_01.jpg
  [3755] "Pepinillos francés con l'estragon 360g (sans calibre)" -> https://upload.wikimedia.org/wikipedia/commons/thumb/8/86/Bouton_d%27or_%282%29.jpg/500px-Bouton_d%27or_%282%29.jpg
  [3756] 'Pepinillos con Russe (Variedad 3756)' -> https://upload.wikimedia.org/wikipedia/commons/thumb/8/8c/Wilhelm_Friedrich_K%C3%BChne_%28HeidICON_28860%29.jpg/500px-Wilhelm_Friedrich_K%C3%BChne_%28HeidICON_28860%29.jpg
  [commons.wikimedia.org] 429 intento 1, esperando 39s ...
  [3760] 'Pepinillos con chile' -> https://upload.wikimedia.org/wikipedia/commons/thumb/d/dc/ALDI_Woerden_02.JPG/500px-ALDI_Woerden_02.JPG
  [3762] 'Aigre-doux' -> https://upload.wikimedia.org/wikipedia/commons/thumb/8/8f/Savon_Carrefour_extra_riche_%C3%A0_l%27huile_d%27avocat_-_1.jpg/500px-Savon_Carrefour_extra_riche_%C3%A0_l%27huile_d%27avocat_-_1.jpg
  [3763] 'Remolacha fresca encurtida' -> https://upload.wikimedia.org/wikipedia/commons/thumb/3/38/Karta_Tesco_ClubCard.jpg/500px-Karta_Tesco_ClubCard.jpg
  [3764] 'Pepinillos agrio dulce frasco 37cl' -> https://upload.wikimedia.org/wikipedia/commons/thumb/4/4d/Periodic_table_large.svg/500px-Periodic_table_large.svg.png
  [3765] 'Pepinillos Entiers agridulce (Variedad 3765)' -> https://upload.wikimedia.org/wikipedia/commons/thumb/0/02/Carrefour_55-o.art.pub-carrefour-02.jpg/500px-Carrefour_55-o.art.pub-carrefour-02.jpg
  [3766] 'Pepinillos finos con 5 aromáticas (Variedad 3766)' -> https://upload.wikimedia.org/wikipedia/commons/thumb/2/22/Auchan%2C_Le_Pontet%2C_Vaucluse%2C_France.jpg/500px-Auchan%2C_Le_Pontet%2C_Vaucluse%2C_France.jpg
  [commons.wikimedia.org] 429 intento 1, esperando 40s ...
  [3769] 'Pepinillos très finos pasteurisés en vinagre frasco de' -> https://upload.wikimedia.org/wikipedia/commons/thumb/4/4d/Periodic_table_large.svg/500px-Periodic_table_large.svg.png
  [3773] "Pepinillo EF Bouton d'or 550g PNE" -> https://upload.wikimedia.org/wikipedia/commons/thumb/8/86/Bouton_d%27or_%282%29.jpg/500px-Bouton_d%27or_%282%29.jpg
  [3774] 'Remolacha en rodajas (Variedad 3774)' -> https://upload.wikimedia.org/wikipedia/commons/thumb/6/6a/The_Crown_Inn%2C_King%27s_Somborne_-_geograph.org.uk_-_350293.jpg/500px-The_Crown_Inn%2C_King%27s_Somborne_-_geograph.org.uk_-_350293.jpg
  [3775] 'Mini épis de maïs (Variedad 3775)' -> https://upload.wikimedia.org/wikipedia/commons/thumb/4/4d/Periodic_table_large.svg/500px-Periodic_table_large.svg.png
  [3776] 'Pepinillos extra finos crujientes en vinagre' -> https://upload.wikimedia.org/wikipedia/commons/thumb/0/0b/Monoprix_shop_looted_2011.jpg/500px-Monoprix_shop_looted_2011.jpg
  [3777] 'Rodajas de pepinillos agridulce' -> https://upload.wikimedia.org/wikipedia/commons/thumb/8/8c/Wilhelm_Friedrich_K%C3%BChne_%28HeidICON_28860%29.jpg/500px-Wilhelm_Friedrich_K%C3%BChne_%28HeidICON_28860%29.jpg
  [3778] 'Cebollas encurtidos dulces Silver Skin' -> https://upload.wikimedia.org/wikipedia/commons/thumb/d/dc/ALDI_Woerden_02.JPG/500px-ALDI_Woerden_02.JPG
  [3779] 'Rondelles de pepinillos' -> https://upload.wikimedia.org/wikipedia/commons/thumb/e/ee/Hirundo_rustica_LC0073.jpg/500px-Hirundo_rustica_LC0073.jpg
  [commons.wikimedia.org] 429 intento 1, esperando 39s ...
  [3780] 'CORNICHONS MALOSSOL' -> https://upload.wikimedia.org/wikipedia/commons/thumb/8/8c/Wilhelm_Friedrich_K%C3%BChne_%28HeidICON_28860%29.jpg/500px-Wilhelm_Friedrich_K%C3%BChne_%28HeidICON_28860%29.jpg
  [3781] 'Pimientos tostados rojos' -> https://upload.wikimedia.org/wikipedia/commons/thumb/3/35/Trostburg_Marienaltar_Karyatis.JPG/500px-Trostburg_Marienaltar_Karyatis.JPG
  [3782] 'Cebollas Original pepinillo' -> https://upload.wikimedia.org/wikipedia/commons/thumb/6/6f/Hancock_County_Iowa_Incorporated_and_Unincorporated_areas_Garner_Highlighted.svg/500px-Hancock_County_Iowa_Incorporated_and_Unincorporated_areas_Garner_Highlighted.svg.png
  [3783] 'Pepinillos mi finos TOP BUDGET 72' -> https://upload.wikimedia.org/wikipedia/commons/thumb/4/43/A_peat_bog_below_the_top_of_Doune_Hill%2C_Luss_Hills%2C_Scotland.jpg/500px-A_peat_bog_below_the_top_of_Doune_Hill%2C_Luss_Hills%2C_Scotland.jpg
  [3786] 'Encurtidos pepinillos (Variedad 3786)' -> https://upload.wikimedia.org/wikipedia/commons/thumb/d/df/Lidl_locations_.png/500px-Lidl_locations_.png
  [commons.wikimedia.org] 429 intento 1, esperando 40s ...
  [3789] 'Silverskin onions' -> https://upload.wikimedia.org/wikipedia/commons/thumb/1/1e/How_to_grow_onions%3B_with_notes_on_varieties_%28IA_howtogrowonionsw00grei%29.pdf/page1-500px-How_to_grow_onions%3B_with_notes_on_varieties_%28IA_howtogrowonionsw00grei%29.pdf.jpg
  [3790] 'Encurtido eneldo pepinos' -> https://upload.wikimedia.org/wikipedia/commons/thumb/8/8b/01932_Arch%C3%A4ologische_Ausgrabungen_auf_der_Krakus-Anh%C3%B6he.jpg/500px-01932_Arch%C3%A4ologische_Ausgrabungen_auf_der_Krakus-Anh%C3%B6he.jpg
  [3791] 'Encurtidos en vinagre pepinillos' -> https://upload.wikimedia.org/wikipedia/commons/thumb/a/a5/J._Sainsbury%27s_supermarket_Camden_Road%2C_London.jpg/500px-J._Sainsbury%27s_supermarket_Camden_Road%2C_London.jpg
  [3792] 'Pepinillos especiado süss Sandwich' -> https://upload.wikimedia.org/wikipedia/commons/thumb/8/8c/Wilhelm_Friedrich_K%C3%BChne_%28HeidICON_28860%29.jpg/500px-Wilhelm_Friedrich_K%C3%BChne_%28HeidICON_28860%29.jpg
  [3793] 'Sacla Acetelli Gherkins (Variedad 3793)' -> https://upload.wikimedia.org/wikipedia/commons/1/14/Sacla-small.jpg
  [3794] 'Pepinillos grande francés aigre-doux' -> https://upload.wikimedia.org/wikipedia/commons/thumb/8/86/Bouton_d%27or_%282%29.jpg/500px-Bouton_d%27or_%282%29.jpg
  [3795] 'Remolacha en rodajas encurtida' -> https://upload.wikimedia.org/wikipedia/commons/thumb/9/93/-2018-12-14_Jar_of_pickled_Beetroot_and_Scallions%2C_Cromer_%281%29.JPG/500px--2018-12-14_Jar_of_pickled_Beetroot_and_Scallions%2C_Cromer_%281%29.JPG
  [3796] 'Pepinillos pequeños crujientes mini' -> https://upload.wikimedia.org/wikipedia/commons/thumb/d/df/ES_Maille_im_Winter.jpg/500px-ES_Maille_im_Winter.jpg
  [commons.wikimedia.org] 429 intento 1, esperando 39s ...
  [3797] 'Pepinillos très finos crujientes (Variedad 3797)' -> https://upload.wikimedia.org/wikipedia/commons/thumb/2/22/Auchan%2C_Le_Pontet%2C_Vaucluse%2C_France.jpg/500px-Auchan%2C_Le_Pontet%2C_Vaucluse%2C_France.jpg
  [3798] 'Pickled cornichons' -> https://upload.wikimedia.org/wikipedia/commons/thumb/2/21/Cornichons_Vlasic_Pickles_Quebec_French.jpg/500px-Cornichons_Vlasic_Pickles_Quebec_French.jpg
  [3799] 'Pepinillos rondelles agridulce Burger (Variedad 3799)' -> https://upload.wikimedia.org/wikipedia/commons/thumb/8/8c/Wilhelm_Friedrich_K%C3%BChne_%28HeidICON_28860%29.jpg/500px-Wilhelm_Friedrich_K%C3%BChne_%28HeidICON_28860%29.jpg
  [3800] 'Cornichons mit Kräutern verfeinert' -> https://upload.wikimedia.org/wikipedia/commons/thumb/8/8c/Wilhelm_Friedrich_K%C3%BChne_%28HeidICON_28860%29.jpg/500px-Wilhelm_Friedrich_K%C3%BChne_%28HeidICON_28860%29.jpg
  [3801] "Betteraves rouges en dés d'aucy" -> https://upload.wikimedia.org/wikipedia/commons/thumb/a/a0/Locmin%C3%A9_Usine_d%27Aucy.jpg/500px-Locmin%C3%A9_Usine_d%27Aucy.jpg
  [3802] "Pepinillos fresco de Val de Loire en vinagre d'orléans" -> https://upload.wikimedia.org/wikipedia/commons/thumb/d/d7/45._Martin-Pouret._Logotype.jpg/500px-45._Martin-Pouret._Logotype.jpg
  [3803] 'Pepinillos agridulces Kühne' -> https://upload.wikimedia.org/wikipedia/commons/e/ed/Kuhne_Rabbit_optogram.jpg
  [3805] 'Pepinillos agridulces AH' -> https://upload.wikimedia.org/wikipedia/commons/thumb/3/3e/Albert_Heijn_Headquarters_by_Niels_Kim.jpg/500px-Albert_Heijn_Headquarters_by_Niels_Kim.jpg
  [3806] 'Cebollas encurtidos rojos' -> https://upload.wikimedia.org/wikipedia/commons/thumb/5/53/Asda_and_M%26S_Simply_Food_-_geograph.org.uk_-_4227132.jpg/500px-Asda_and_M%26S_Simply_Food_-_geograph.org.uk_-_4227132.jpg
  [commons.wikimedia.org] 429 intento 1, esperando 40s ...
  [3807] 'Augurken agridulce' -> https://upload.wikimedia.org/wikipedia/commons/thumb/4/41/Everyday_Sunday_2009_%283197984491%29.jpg/500px-Everyday_Sunday_2009_%283197984491%29.jpg
  [3808] 'Betteraves rouges en dés - 3x1/' -> https://upload.wikimedia.org/wikipedia/commons/thumb/5/5a/Saint-Eloi_2010-08-01.jpg/500px-Saint-Eloi_2010-08-01.jpg
  [3810] 'Sandwich Gurken' -> https://upload.wikimedia.org/wikipedia/commons/thumb/7/73/Eier-Gurken-Sandwiches_mit_Senfcreme_%285643269467%29.jpg/500px-Eier-Gurken-Sandwiches_mit_Senfcreme_%285643269467%29.jpg
  [3811] 'Cebollas encurtidas' -> https://upload.wikimedia.org/wikipedia/commons/thumb/a/aa/Cebollas_encurtidas-2009.jpg/500px-Cebollas_encurtidas-2009.jpg
  [3813] 'Choucroute william saurin' -> https://upload.wikimedia.org/wikipedia/commons/thumb/f/f5/William_Saurin%2C_Pouilly-sur-Serre-5697.jpg/500px-William_Saurin%2C_Pouilly-sur-Serre-5697.jpg
  [3814] 'La Choucroute Garnie' -> https://upload.wikimedia.org/wikipedia/commons/thumb/5/5a/Choucroute_-_Bar_restaurant_de_la_Saline_Royale_%28Arc-et-Senans%29_-_5_janvier_2018.jpg/500px-Choucroute_-_Bar_restaurant_de_la_Saline_Royale_%28Arc-et-Senans%29_-_5_janvier_2018.jpg
  [3816] 'Choucroute Royale, Au Riesling' -> https://upload.wikimedia.org/wikipedia/commons/thumb/f/f5/William_Saurin%2C_Pouilly-sur-Serre-5697.jpg/500px-William_Saurin%2C_Pouilly-sur-Serre-5697.jpg
  [3818] 'Choucroute garnie' -> https://upload.wikimedia.org/wikipedia/commons/thumb/0/0b/Choucroute_garnie.jpg/500px-Choucroute_garnie.jpg
  [3819] 'Choucroute cuisinée' -> https://upload.wikimedia.org/wikipedia/commons/thumb/f/ff/Andr%C3%A9_laurent_e_carles_nicolas_II_cochin%2C_interno_e_soffitto_della_siegelzaal_di_versaille_%28da_jean-baptiste_mass%C3%A9_e_charles_le_brun%29%2C_1723-52.jpg/500px-Andr%C3%A9_laurent_e_carles_nicolas_II_cochin%2C_interno_e_soffitto_della_siegelzaal_di_versaille_%28da_jean-baptiste_mass%C3%A9_e_charles_le_brun%29%2C_1723-52.jpg
  [3820] 'Chucrut crudo ajo y eneldo' -> https://upload.wikimedia.org/wikipedia/commons/5/55/%C3%96narck%C3%A9p-Vadasz_miklos.jpg
  [3821] 'Choucroute nature' -> https://upload.wikimedia.org/wikipedia/commons/thumb/4/43/Augustins_-_Christ_en_croix_entre_la_Vierge%2C_saint_Jean_et_les_donateurs_pr%C3%A9sum%C3%A9s%2C_le_roi_Charles_VII_et_le_Dauphin_-_Anonyme_2004_1_302.jpg/500px-Augustins_-_Christ_en_croix_entre_la_Vierge%2C_saint_Jean_et_les_donateurs_pr%C3%A9sum%C3%A9s%2C_le_roi_Charles_VII_et_le_Dauphin_-_Anonyme_2004_1_302.jpg
  [commons.wikimedia.org] 429 intento 1, esperando 39s ...
  [3822] "Mon moment Choucroute con 4 charcuteries con Riesling d'alsace" -> https://upload.wikimedia.org/wikipedia/commons/thumb/e/e5/Justingen-Johannes-Stoeffler-Schule.jpg/500px-Justingen-Johannes-Stoeffler-Schule.jpg
  [3824] "Choucroute garnie d'Alsace" -> https://upload.wikimedia.org/wikipedia/commons/thumb/1/18/Choucroute_garnie_et_Baeckeoffe_d%27Alsace.JPG/500px-Choucroute_garnie_et_Baeckeoffe_d%27Alsace.JPG
  [3825] 'Choucroute d’Alsace' -> https://upload.wikimedia.org/wikipedia/commons/thumb/b/bb/Choucroute-p1030189.jpg/500px-Choucroute-p1030189.jpg
  [3826] 'Choucroute' -> https://upload.wikimedia.org/wikipedia/commons/thumb/b/bb/Choucroute-p1030189.jpg/500px-Choucroute-p1030189.jpg
  [3827] 'Choucroute con pequeños lardons y riesling' -> https://upload.wikimedia.org/wikipedia/commons/thumb/4/43/Augustins_-_Christ_en_croix_entre_la_Vierge%2C_saint_Jean_et_les_donateurs_pr%C3%A9sum%C3%A9s%2C_le_roi_Charles_VII_et_le_Dauphin_-_Anonyme_2004_1_302.jpg/500px-Augustins_-_Christ_en_croix_entre_la_Vierge%2C_saint_Jean_et_les_donateurs_pr%C3%A9sum%C3%A9s%2C_le_roi_Charles_VII_et_le_Dauphin_-_Anonyme_2004_1_302.jpg
  [3828] 'Chucrut (Variedad 3828)' -> https://upload.wikimedia.org/wikipedia/commons/thumb/4/42/The_Baxters_store_at_Selkirk_-_geograph.org.uk_-_937843.jpg/500px-The_Baxters_store_at_Selkirk_-_geograph.org.uk_-_937843.jpg
  [3829] 'Chucrut Ruby remolacha' -> https://upload.wikimedia.org/wikipedia/commons/thumb/2/22/The_Ascent_of_the_Matterhorn_-_The_Village_of_Biona.png/500px-The_Ascent_of_the_Matterhorn_-_The_Village_of_Biona.png
  [3830] 'Chucrut mild de Weißkohl' -> https://upload.wikimedia.org/wikipedia/commons/thumb/3/39/King_Edward_VII%2C_his_life_%26_reign%3B_the_record_of_a_noble_career_4.djvu/page1-500px-King_Edward_VII%2C_his_life_%26_reign%3B_the_record_of_a_noble_career_4.djvu.jpg
  [3831] 'Choucroute garnie boîte de' -> https://upload.wikimedia.org/wikipedia/commons/thumb/4/4d/Periodic_table_large.svg/500px-Periodic_table_large.svg.png
  [3832] 'Choucroute garnie alsacienne' -> https://upload.wikimedia.org/wikipedia/commons/thumb/c/c0/Choucroute_et_bi%C3%A8re_alsaciennes.jpg/500px-Choucroute_et_bi%C3%A8re_alsaciennes.jpg
  [commons.wikimedia.org] 429 intento 1, esperando 40s ...
  [3834] 'Choucroute Royale au Riesling' -> https://upload.wikimedia.org/wikipedia/commons/thumb/f/f5/William_Saurin%2C_Pouilly-sur-Serre-5697.jpg/500px-William_Saurin%2C_Pouilly-sur-Serre-5697.jpg
  [3835] 'Choucroute royale alsacienne' -> https://upload.wikimedia.org/wikipedia/commons/thumb/f/f0/Alletz_-_G%C3%A9nie_du_XIXe_si%C3%A8cle%2C_ou_esquisse_des_progr%C3%A8s_de_l%E2%80%99esprit_humain_depuis_1800_jusqu%E2%80%99%C3%A0_nos_jours.djvu/page1-500px-Alletz_-_G%C3%A9nie_du_XIXe_si%C3%A8cle%2C_ou_esquisse_des_progr%C3%A8s_de_l%E2%80%99esprit_humain_depuis_1800_jusqu%E2%80%99%C3%A0_nos_jours.djvu.jpg
  [3837] 'Choucroute garnie Boîte de' -> https://upload.wikimedia.org/wikipedia/commons/thumb/4/4d/Periodic_table_large.svg/500px-Periodic_table_large.svg.png
  [3838] 'Choucroute garnie alsacienne (Variedad 3838)' -> https://upload.wikimedia.org/wikipedia/commons/thumb/3/37/Flat_-_Nos_femmes_de_lettres.djvu/page1-500px-Flat_-_Nos_femmes_de_lettres.djvu.jpg
  [3839] 'Choucroute garnie Pur Porc' -> https://upload.wikimedia.org/wikipedia/commons/thumb/4/4c/Carrefour_in_Singapore.jpg/500px-Carrefour_in_Singapore.jpg
  [3840] 'Choucroute garnie d’Alsace VPF VBF' -> https://upload.wikimedia.org/wikipedia/commons/thumb/e/e5/Justingen-Johannes-Stoeffler-Schule.jpg/500px-Justingen-Johannes-Stoeffler-Schule.jpg
  [3841] 'Chucrut Bavarian' -> https://upload.wikimedia.org/wikipedia/commons/thumb/d/d5/Benjamin_Develey_88603.jpg/500px-Benjamin_Develey_88603.jpg
  [3842] 'Choucroute royale' -> https://upload.wikimedia.org/wikipedia/commons/thumb/5/5a/Choucroute_-_Bar_restaurant_de_la_Saline_Royale_%28Arc-et-Senans%29_-_5_janvier_2018.jpg/500px-Choucroute_-_Bar_restaurant_de_la_Saline_Royale_%28Arc-et-Senans%29_-_5_janvier_2018.jpg
  [3843] 'Choucroute garnie Royale' -> https://upload.wikimedia.org/wikipedia/commons/thumb/5/5a/Choucroute_-_Bar_restaurant_de_la_Saline_Royale_%28Arc-et-Senans%29_-_5_janvier_2018.jpg/500px-Choucroute_-_Bar_restaurant_de_la_Saline_Royale_%28Arc-et-Senans%29_-_5_janvier_2018.jpg
  [3845] "Véritable choucroute d'Alsace" -> https://upload.wikimedia.org/wikipedia/commons/thumb/9/92/Revue_d%27Alsace_%28IA_bub_gb_ZSFNAAAAMAAJ%29.pdf/page1-500px-Revue_d%27Alsace_%28IA_bub_gb_ZSFNAAAAMAAJ%29.pdf.jpg
  [commons.wikimedia.org] 429 intento 1, esperando 39s ...
  [3848] 'Choucroute garnie (Variedad 3848)' -> https://upload.wikimedia.org/wikipedia/commons/thumb/3/36/Saint-Girons_-_Biocoop_-_20110307_%282%29.jpg/500px-Saint-Girons_-_Biocoop_-_20110307_%282%29.jpg
  [3850] 'Chucrut alemán estilo' -> https://upload.wikimedia.org/wikipedia/commons/thumb/c/c5/02014_Deutsche_K%C3%BCche_in_Rzesz%C3%B3w.jpg/500px-02014_Deutsche_K%C3%BCche_in_Rzesz%C3%B3w.jpg
  [3851] 'Choucroute alsace' -> https://upload.wikimedia.org/wikipedia/commons/thumb/b/bb/Choucroute-p1030189.jpg/500px-Choucroute-p1030189.jpg
  [3852] 'Choucroute al natural' -> https://upload.wikimedia.org/wikipedia/commons/thumb/d/dd/Annales_du_Jardin_botanique_de_Buitenzorg._%28IA_mobot31753002207774%29.pdf/page1-500px-Annales_du_Jardin_botanique_de_Buitenzorg._%28IA_mobot31753002207774%29.pdf.jpg
  [3853] "Véritable choucroute garnie d'Alsace" -> https://upload.wikimedia.org/wikipedia/commons/thumb/c/cc/Mercure_de_France%2C_1895%2C_v._13-14.pdf/page1-500px-Mercure_de_France%2C_1895%2C_v._13-14.pdf.jpg
  [3854] 'Choucroute garnie supérieure' -> https://upload.wikimedia.org/wikipedia/commons/thumb/c/c4/SVG_Sans_fonts%2C_cs.svg/500px-SVG_Sans_fonts%2C_cs.svg.png
  [commons.wikimedia.org] 429 intento 1, esperando 40s ...
  [3855] 'Chucrut clásico' -> https://upload.wikimedia.org/wikipedia/commons/thumb/f/f3/Kitchen_Sink%2C_House_from_a_Christmas_Story%2C_Cleveland%2C_Ohio%2C_March_26%2C_2016.jpg/500px-Kitchen_Sink%2C_House_from_a_Christmas_Story%2C_Cleveland%2C_Ohio%2C_March_26%2C_2016.jpg
  [3856] 'Choucroute garnie con vino blanco' -> https://upload.wikimedia.org/wikipedia/commons/thumb/2/22/Auchan%2C_Le_Pontet%2C_Vaucluse%2C_France.jpg/500px-Auchan%2C_Le_Pontet%2C_Vaucluse%2C_France.jpg
  [3857] 'Choucroute garnie Alsace' -> https://upload.wikimedia.org/wikipedia/commons/thumb/b/ba/Choucroute_dans_une_terrine.jpg/500px-Choucroute_dans_une_terrine.jpg
  [3858] 'Choucroute gourmande' -> https://upload.wikimedia.org/wikipedia/commons/thumb/8/84/Mus%C3%A9e_de_la_Gourmandise_%E2%80%93_Mission_Gourmande_%E2%80%93_Salle_3_-_mouss%C3%AE_brun-vert.jpg/500px-Mus%C3%A9e_de_la_Gourmandise_%E2%80%93_Mission_Gourmande_%E2%80%93_Salle_3_-_mouss%C3%AE_brun-vert.jpg
  [3859] 'Choucroute garnie à l’Alsacienne VPF 950g - Stoeffler' -> https://upload.wikimedia.org/wikipedia/commons/thumb/e/e5/Justingen-Johannes-Stoeffler-Schule.jpg/500px-Justingen-Johannes-Stoeffler-Schule.jpg
  [3860] 'CHOUCROUTE GARNIE 400g (réf saisonnière octobre à mars)' -> https://upload.wikimedia.org/wikipedia/commons/thumb/2/26/Revue_des_Deux_Mondes_-_1832_-_tome_5.djvu/page1-500px-Revue_des_Deux_Mondes_-_1832_-_tome_5.djvu.jpg
  [3861] 'Choucroute bio cuisinée' -> https://upload.wikimedia.org/wikipedia/commons/thumb/f/ff/Andr%C3%A9_laurent_e_carles_nicolas_II_cochin%2C_interno_e_soffitto_della_siegelzaal_di_versaille_%28da_jean-baptiste_mass%C3%A9_e_charles_le_brun%29%2C_1723-52.jpg/500px-Andr%C3%A9_laurent_e_carles_nicolas_II_cochin%2C_interno_e_soffitto_della_siegelzaal_di_versaille_%28da_jean-baptiste_mass%C3%A9_e_charles_le_brun%29%2C_1723-52.jpg
  [3862] 'Fasskraut (fermented cabbage)' -> https://upload.wikimedia.org/wikipedia/commons/thumb/8/8c/Wilhelm_Friedrich_K%C3%BChne_%28HeidICON_28860%29.jpg/500px-Wilhelm_Friedrich_K%C3%BChne_%28HeidICON_28860%29.jpg
  [3864] 'Choucroute d’Alsace cuisinée IGP' -> https://upload.wikimedia.org/wikipedia/commons/thumb/e/e5/Justingen-Johannes-Stoeffler-Schule.jpg/500px-Justingen-Johannes-Stoeffler-Schule.jpg
  [3865] 'Assortiment choucroute' -> https://upload.wikimedia.org/wikipedia/commons/thumb/6/60/Gare_de_Clermont_en_Argonne.jpg/500px-Gare_de_Clermont_en_Argonne.jpg
  [3868] 'Wein-sauerkraut' -> https://upload.wikimedia.org/wikipedia/commons/thumb/4/48/Satellite_image_of_Jamaica_in_November_2001.jpg/500px-Satellite_image_of_Jamaica_in_November_2001.jpg
  [3869] 'Bio-sauerkraut' -> https://upload.wikimedia.org/wikipedia/commons/thumb/d/da/Naturschutzgebiet_und_Nutzung_der_Natur_als_Steinbruch%2C_nur_durch_den_Neckar_getrennt.jpg/500px-Naturschutzgebiet_und_Nutzung_der_Natur_als_Steinbruch%2C_nur_durch_den_Neckar_getrennt.jpg
  [3870] 'Choucroute de Krautergersheim' -> https://upload.wikimedia.org/wikipedia/commons/thumb/4/4e/Ren%C3%A9_Benjamin_-_Gaspard%2C_1915.djvu/page1-500px-Ren%C3%A9_Benjamin_-_Gaspard%2C_1915.djvu.jpg
  [commons.wikimedia.org] 429 intento 1, esperando 37s ...
  [3873] 'Choucroute cuite con vino blanco' -> https://upload.wikimedia.org/wikipedia/commons/thumb/c/c2/Frank_Sinatra_by_Gottlieb_c1947-_2.jpg/500px-Frank_Sinatra_by_Gottlieb_c1947-_2.jpg
  [3874] 'Chucrut con encurtido Persian pepinos' -> https://upload.wikimedia.org/wikipedia/commons/thumb/9/92/Trader_Joe%27s_in_Chattanooga%2C_Tennessee.jpg/500px-Trader_Joe%27s_in_Chattanooga%2C_Tennessee.jpg
  [3876] 'Chucrut tradicional alemán barrica' -> https://upload.wikimedia.org/wikipedia/commons/thumb/3/3e/LKW_Firma_Carl_K%C3%BChne.JPG/500px-LKW_Firma_Carl_K%C3%BChne.JPG
  [3878] 'Chucrut Saft' -> https://upload.wikimedia.org/wikipedia/commons/thumb/d/d7/Edeka_in_D%C3%B6ffingen_03.jpg/500px-Edeka_in_D%C3%B6ffingen_03.jpg
  [commons.wikimedia.org] 429 intento 1, esperando 40s ...
  [3879] 'Repollo fermentado Sauerkraut' -> https://upload.wikimedia.org/wikipedia/commons/thumb/7/79/Gmina_Mory%C5%84%2C_Poland_-_panoramio_%287%29.jpg/500px-Gmina_Mory%C5%84%2C_Poland_-_panoramio_%287%29.jpg
  [3880] 'Choucroute Cuisinée au Riesling' -> https://upload.wikimedia.org/wikipedia/commons/thumb/c/c6/La_grande_chirurgie...restitu%C3%A9e_par_Laurent_Joubert_%28IA_BIUSante_71187x01%29.pdf/page1-330px-La_grande_chirurgie...restitu%C3%A9e_par_Laurent_Joubert_%28IA_BIUSante_71187x01%29.pdf.jpg
  [3882] 'Chucrut con Speck (mild) Gemüse:' -> https://upload.wikimedia.org/wikipedia/commons/thumb/f/f0/Radensleben_Hengstenberg_Tafel.jpg/500px-Radensleben_Hengstenberg_Tafel.jpg
  [3883] 'Chucrut Fasskraut - natürlich-mildes' -> https://upload.wikimedia.org/wikipedia/commons/thumb/d/d5/2016-02-04_Eva_K%C3%BChne-H%C3%B6rmann_-_Justizministerin_Hessen_-_3200-2.jpg/500px-2016-02-04_Eva_K%C3%BChne-H%C3%B6rmann_-_Justizministerin_Hessen_-_3200-2.jpg
  [3884] 'CHOUCROUTE GARNIE 1kg (réf saisonnière octobre à mars)' -> https://upload.wikimedia.org/wikipedia/commons/thumb/8/85/Malacologie_de_l%27Alg%C3%A9rie%2C_ou%2C_Histoire_naturelle_des_animaux_mollusques_terrestres_et_fluviatiles_recueillis_jusqu%27%C3%A0_ce_jour_dans_nos_possessions_du_nord_de_l%27Afrique_%28IA_MalacologiedelA00Bour%29.pdf/page1-500px-thumbnail.pdf.jpg
  [3885] 'Choucroute cuite au Riesling' -> https://upload.wikimedia.org/wikipedia/commons/thumb/1/18/R%C3%A9publique_d%27Ha%C3%AFti_-_Bulletin_des_arr%C3%AAts_du_Tribunal_de_cassation_rendus_en_toutes_mati%C3%A8res_en_1944_et_1945_%28IA_bulletindesarr02hait%29.pdf/page1-500px-R%C3%A9publique_d%27Ha%C3%AFti_-_Bulletin_des_arr%C3%AAts_du_Tribunal_de_cassation_rendus_en_toutes_mati%C3%A8res_en_1944_et_1945_%28IA_bulletindesarr02hait%29.pdf.jpg
  [3886] 'Chucrut Campo Verde' -> https://upload.wikimedia.org/wikipedia/commons/thumb/6/6b/Cidade_de_Campo_Verde.jpg/500px-Cidade_de_Campo_Verde.jpg
  [commons.wikimedia.org] 429 intento 1, esperando 39s ...
  [3887] "Choucroute garnie d'Alsace (Variedad 3887)" -> https://upload.wikimedia.org/wikipedia/commons/thumb/3/37/Flat_-_Nos_femmes_de_lettres.djvu/page1-500px-Flat_-_Nos_femmes_de_lettres.djvu.jpg
  [3888] 'Coeur de chou - Choucroute cuisinée' -> https://upload.wikimedia.org/wikipedia/commons/thumb/f/ff/Andr%C3%A9_laurent_e_carles_nicolas_II_cochin%2C_interno_e_soffitto_della_siegelzaal_di_versaille_%28da_jean-baptiste_mass%C3%A9_e_charles_le_brun%29%2C_1723-52.jpg/500px-Andr%C3%A9_laurent_e_carles_nicolas_II_cochin%2C_interno_e_soffitto_della_siegelzaal_di_versaille_%28da_jean-baptiste_mass%C3%A9_e_charles_le_brun%29%2C_1723-52.jpg
  [3890] 'Chucrut Bavarian estilo' -> https://upload.wikimedia.org/wikipedia/commons/thumb/f/f0/Radensleben_Hengstenberg_Tafel.jpg/500px-Radensleben_Hengstenberg_Tafel.jpg
  [3891] 'Repollo con manzana rojo' -> https://upload.wikimedia.org/wikipedia/commons/thumb/c/c5/02014_Deutsche_K%C3%BCche_in_Rzesz%C3%B3w.jpg/500px-02014_Deutsche_K%C3%BCche_in_Rzesz%C3%B3w.jpg
  [3892] 'Chucrut ecológico crudo' -> https://upload.wikimedia.org/wikipedia/commons/thumb/a/a4/Hurly-Burly_Extravaganza.jpg/500px-Hurly-Burly_Extravaganza.jpg
  [3893] "Choucroute garnie d'alsace cuisinée con Riesling" -> https://upload.wikimedia.org/wikipedia/commons/thumb/0/02/Carrefour_55-o.art.pub-carrefour-02.jpg/500px-Carrefour_55-o.art.pub-carrefour-02.jpg
  [3894] 'Choucroute crue Bio lacto-fermentée' -> https://upload.wikimedia.org/wikipedia/commons/thumb/8/83/Richard_Wagner%2C_Paris%2C_1861.jpg/500px-Richard_Wagner%2C_Paris%2C_1861.jpg
  [3895] 'Naturaplan - Choucroute cuite' -> https://upload.wikimedia.org/wikipedia/commons/thumb/1/15/Betty_Bossi-Buerglistrasse-29-leftside.jpg/500px-Betty_Bossi-Buerglistrasse-29-leftside.jpg
  [3896] 'Choucrout garnie d’Alsace VPF VBF (Variedad 3896)' -> https://upload.wikimedia.org/wikipedia/commons/thumb/e/e5/Justingen-Johannes-Stoeffler-Schule.jpg/500px-Justingen-Johannes-Stoeffler-Schule.jpg
  [commons.wikimedia.org] 429 intento 1, esperando 40s ...
  [3900] 'Repollo picante fermentado NAPA' -> https://upload.wikimedia.org/wikipedia/commons/thumb/9/92/Trader_Joe%27s_in_Chattanooga%2C_Tennessee.jpg/500px-Trader_Joe%27s_in_Chattanooga%2C_Tennessee.jpg
  [3901] 'Fermentado clásico kimchi (chilli y Garlic)' -> https://upload.wikimedia.org/wikipedia/commons/thumb/5/53/Asda_and_M%26S_Simply_Food_-_geograph.org.uk_-_4227132.jpg/500px-Asda_and_M%26S_Simply_Food_-_geograph.org.uk_-_4227132.jpg
  [3902] 'Repollo kimchi en rodajas Napa (Variedad 3902)' -> https://upload.wikimedia.org/wikipedia/commons/thumb/8/8d/Korean.cuisine-Nabak.kimchi-01.jpg/500px-Korean.cuisine-Nabak.kimchi-01.jpg
  [3903] 'Repollo kimchi en rodajas (Variedad 3903)' -> https://upload.wikimedia.org/wikipedia/commons/thumb/8/83/Jean_ren%C3%A9_gauguin%2C_per_bing_%26_gr%C3%B8ndahl%2C_adamo_ed_eva%2C_in_gr%C3%A9s%2C_copenhagen_1923-25.jpg/500px-Jean_ren%C3%A9_gauguin%2C_per_bing_%26_gr%C3%B8ndahl%2C_adamo_ed_eva%2C_in_gr%C3%A9s%2C_copenhagen_1923-25.jpg
  [commons.wikimedia.org] 429 intento 1, esperando 39s ...
  [3904] 'Repollo Table troceado kimchi Vegan Napa (Variedad 3904)' -> https://upload.wikimedia.org/wikipedia/commons/thumb/1/1b/Whistlers_Mother_high_res.jpg/500px-Whistlers_Mother_high_res.jpg
  [3907] 'Dithmarscher Küsten-Kimchi' -> https://upload.wikimedia.org/wikipedia/commons/thumb/6/64/Wesselburen_eingang_kohlosseum.jpg/500px-Wesselburen_eingang_kohlosseum.jpg
  [3908] 'Kimchi coreano estilo (Variedad 3908)' -> https://upload.wikimedia.org/wikipedia/commons/thumb/d/df/Kimchi-Restaurant_Mannheim.jpg/500px-Kimchi-Restaurant_Mannheim.jpg
  [3910] 'Kimchi para vegetarian (Variedad 3910)' -> https://upload.wikimedia.org/wikipedia/commons/thumb/e/e8/Hmart_Checkout_lines.png/500px-Hmart_Checkout_lines.png
  [commons.wikimedia.org] 429 intento 1, esperando 40s ...
  [3911] 'Repollo kimchi (cut) (Variedad 3911)' -> https://upload.wikimedia.org/wikipedia/commons/thumb/7/7f/Korea-Dae_Jang_Geum_Theme_Park-Surasang-01.jpg/500px-Korea-Dae_Jang_Geum_Theme_Park-Surasang-01.jpg
  [3914] 'Coreano estilo kimchi (Variedad 3914)' -> https://upload.wikimedia.org/wikipedia/commons/thumb/d/df/Kimchi-Restaurant_Mannheim.jpg/500px-Kimchi-Restaurant_Mannheim.jpg
  [3915] 'Salsa picante crudo kimchi fermentado' -> https://upload.wikimedia.org/wikipedia/commons/thumb/0/0f/Alive_dissection_%28133372350%29.jpg/500px-Alive_dissection_%28133372350%29.jpg
  [3917] 'Repollo fermentado kimchi' -> https://upload.wikimedia.org/wikipedia/commons/thumb/9/9d/Korean_cuisine-Kimchi-08.jpg/500px-Korean_cuisine-Kimchi-08.jpg
  [3918] 'Chucrut kimchi, Ecológico' -> https://upload.wikimedia.org/wikipedia/commons/thumb/4/45/Garden_of_Eden_ArchesNP_MC.jpg/500px-Garden_of_Eden_ArchesNP_MC.jpg
  [3919] 'Légumes lacto-fermentés non pasteurisés - kimchi' -> https://upload.wikimedia.org/wikipedia/commons/thumb/c/c2/Synthesis_of_hydrophilic_and_hydrophobic_carbon_quantum_dots_from_waste_of_wine_fermentation.pdf/page1-500px-Synthesis_of_hydrophilic_and_hydrophobic_carbon_quantum_dots_from_waste_of_wine_fermentation.pdf.jpg
  [3920] 'Mr. kimchi picante fermentado chino Leaves' -> https://upload.wikimedia.org/wikipedia/commons/6/67/Kimchi_talking.gif
  [3921] 'Repollo kimchi coreano (Variedad 3921)' -> https://upload.wikimedia.org/wikipedia/commons/thumb/f/fc/%E8%BE%A3%E7%82%92%E9%9B%9E%E6%8E%92%2C_%E6%B5%B7%E8%8B%94%E6%8B%8C%E9%A3%AF%2C_%E7%99%BD%E9%86%AC%E7%BE%A9%E5%A4%A7%E5%88%A9%E9%BA%B5%2C_%E8%84%86%E8%96%AF%2C_%E9%BB%83%E9%87%91%E5%85%83%E5%AF%B6%2C_%E6%96%B0%E9%AE%AE%E6%B2%99%E6%8B%89%2C_50%E9%9B%9ESET%2C_I%E2%80%99m_kimchi%2C_%E5%8F%B0%E5%8C%97%2C_%E5%8F%B0%E7%81%A3%2C_Taipei%2C_Taiwan_%2830669891177%29.jpg/500px-%E8%BE%A3%E7%82%92%E9%9B%9E%E6%8E%92%2C_%E6%B5%B7%E8%8B%94%E6%8B%8C%E9%A3%AF%2C_%E7%99%BD%E9%86%AC%E7%BE%A9%E5%A4%A7%E5%88%A9%E9%BA%B5%2C_%E8%84%86%E8%96%AF%2C_%E9%BB%83%E9%87%91%E5%85%83%E5%AF%B6%2C_%E6%96%B0%E9%AE%AE%E6%B2%99%E6%8B%89%2C_50%E9%9B%9ESET%2C_I%E2%80%99m_kimchi%2C_%E5%8F%B0%E5%8C%97%2C_%E5%8F%B0%E7%81%A3%2C_Taipei%2C_Taiwan_%2830669891177%29.jpg
  [commons.wikimedia.org] 429 intento 1, esperando 40s ...
  [3922] 'Repollo y rábano kimchi' -> https://upload.wikimedia.org/wikipedia/commons/thumb/8/8d/Korean.cuisine-Nabak.kimchi-01.jpg/500px-Korean.cuisine-Nabak.kimchi-01.jpg
  [3924] 'Repollo kimchi' -> https://upload.wikimedia.org/wikipedia/commons/thumb/1/1f/Korean.food-Kimchi-01.jpg/500px-Korean.food-Kimchi-01.jpg
  [3925] 'Miso blanco' -> https://upload.wikimedia.org/wikipedia/commons/thumb/c/c4/Blanco_y_negro_%28IA_blancoynegro6096unse%29.pdf/page1-500px-Blanco_y_negro_%28IA_blancoynegro6096unse%29.pdf.jpg
  [3926] 'Pasta ecológico miso (Variedad 3926)' -> https://upload.wikimedia.org/wikipedia/commons/3/34/Yutaka_Abe.jpg
  [3927] 'Pasta Simply japonés Shiro miso' -> https://upload.wikimedia.org/wikipedia/commons/thumb/a/a9/Saitaku_Udon_noodles%2C_Provenierswijk%2C_Rotterdam_%282023%29_01.jpg/500px-Saitaku_Udon_noodles%2C_Provenierswijk%2C_Rotterdam_%282023%29_01.jpg
  [3930] 'Miso Savoury blanco' -> https://upload.wikimedia.org/wikipedia/commons/thumb/7/77/Hikari_city_office.JPG/500px-Hikari_city_office.JPG
  [commons.wikimedia.org] 429 intento 1, esperando 39s ...
  [3931] 'Miso Riz & Soja' -> https://upload.wikimedia.org/wikipedia/commons/thumb/5/54/Lindau_-_Un_voyage_autour_du_Japon.djvu/page1-500px-Lindau_-_Un_voyage_autour_du_Japon.djvu.jpg
  [3933] 'Pasta de soja miso tasty roja miso rich' -> https://upload.wikimedia.org/wikipedia/commons/thumb/6/6a/Tasty_Berlin_1_%28129938695%29.jpeg/500px-Tasty_Berlin_1_%28129938695%29.jpeg
  [3935] 'Pasta de soja ecológico roja miso rich' -> https://upload.wikimedia.org/wikipedia/commons/thumb/6/6a/Tasty_Berlin_1_%28129938695%29.jpeg/500px-Tasty_Berlin_1_%28129938695%29.jpeg
  [3936] 'Pasta miso (Variedad 3936)' -> https://upload.wikimedia.org/wikipedia/commons/thumb/e/ed/Miso_paste_by_wilbanks_in_Nishiki_Ichiba%2C_Kyoto.jpg/500px-Miso_paste_by_wilbanks_in_Nishiki_Ichiba%2C_Kyoto.jpg
  [3937] 'Miso rojo ecológico' -> https://upload.wikimedia.org/wikipedia/commons/thumb/7/77/Hikari_city_office.JPG/500px-Hikari_city_office.JPG
  [3938] "Miso miso'easy chile" -> https://upload.wikimedia.org/wikipedia/commons/thumb/9/98/Itsu_Butterfly_In_Flight.jpg/500px-Itsu_Butterfly_In_Flight.jpg
  [commons.wikimedia.org] 429 intento 1, esperando 40s ...
  [3939] 'Pasta roja miso' -> https://upload.wikimedia.org/wikipedia/commons/thumb/6/6a/Tasty_Berlin_1_%28129938695%29.jpeg/500px-Tasty_Berlin_1_%28129938695%29.jpeg
  [3940] 'Miso arroz' -> https://upload.wikimedia.org/wikipedia/commons/thumb/d/d6/Lima_public_square.jpg/500px-Lima_public_square.jpg
  [3941] 'Miso dulce blanco' -> https://upload.wikimedia.org/wikipedia/commons/thumb/c/c4/Blanco_y_negro_%28IA_blancoynegro6096unse%29.pdf/page1-500px-Blanco_y_negro_%28IA_blancoynegro6096unse%29.pdf.jpg
  [3943] 'Miso Unpasteurized marrón arroz (Variedad 3943)' -> https://upload.wikimedia.org/wikipedia/commons/thumb/d/d6/Lima_public_square.jpg/500px-Lima_public_square.jpg
  [3944] 'Pasta blanca miso' -> https://upload.wikimedia.org/wikipedia/commons/thumb/3/37/Stir-fried_carrot_and_Japanese_radish_with_miso_paste_%282234109827%29.jpg/500px-Stir-fried_carrot_and_Japanese_radish_with_miso_paste_%282234109827%29.jpg
  [3945] 'Pasta de soja' -> https://upload.wikimedia.org/wikipedia/commons/thumb/6/60/Wiener_Miso_-_Bio_Umami_Paste-front_PNr%C2%B01253.jpg/500px-Wiener_Miso_-_Bio_Umami_Paste-front_PNr%C2%B01253.jpg
  [commons.wikimedia.org] 429 intento 1, esperando 39s ...
  [3946] 'Miso en Jar Clearspring ecológico cebada' -> https://upload.wikimedia.org/wikipedia/commons/thumb/3/3e/Clearspring_Middle_School.jpg/500px-Clearspring_Middle_School.jpg
  [3947] 'Miso marrón arroz (Variedad 3947)' -> https://upload.wikimedia.org/wikipedia/commons/thumb/f/f3/Tahini_Miso_Soup.jpg/500px-Tahini_Miso_Soup.jpg
  [3948] 'Miso ecológico japonés marrón arroz (Variedad 3948)' -> https://upload.wikimedia.org/wikipedia/commons/thumb/3/3e/Clearspring_Middle_School.jpg/500px-Clearspring_Middle_School.jpg
  [3949] 'Pasta MUGI miso' -> https://upload.wikimedia.org/wikipedia/commons/thumb/1/1f/Grande_Arche%2C_France_-_April_2011.jpg/500px-Grande_Arche%2C_France_-_April_2011.jpg
  [3950] 'Pasta de soja miso' -> https://upload.wikimedia.org/wikipedia/commons/thumb/d/d5/Miso_Saba.jpg/500px-Miso_Saba.jpg
  [3951] 'Pasta de soja blanca Shiro miso' -> https://upload.wikimedia.org/wikipedia/commons/thumb/6/6b/Twin_Dragon_Chinese_Restaurant_-_Eugene%2C_Oregon.jpg/500px-Twin_Dragon_Chinese_Restaurant_-_Eugene%2C_Oregon.jpg
  [commons.wikimedia.org] 429 intento 1, esperando 39s ...
  [3953] 'Pasta Ryotei no aji miso' -> https://upload.wikimedia.org/wikipedia/commons/thumb/7/79/Marukome_headquarters_and_plants.jpg/500px-Marukome_headquarters_and_plants.jpg
  [3955] 'Pasta dunkel miso' -> https://upload.wikimedia.org/wikipedia/commons/thumb/a/aa/Asian_specialties_from_Vitasia_in_Lidl_Winschoten_%282018%29.jpg/500px-Asian_specialties_from_Vitasia_in_Lidl_Winschoten_%282018%29.jpg
  [3957] 'Pasta marrón arroz miso sopa (Variedad 3957)' -> https://upload.wikimedia.org/wikipedia/commons/thumb/3/3e/Clearspring_Middle_School.jpg/500px-Clearspring_Middle_School.jpg
  [3958] 'Miso japonés' -> https://upload.wikimedia.org/wikipedia/commons/thumb/e/e8/Miso_Soup_001.jpg/500px-Miso_Soup_001.jpg
  [3959] 'Pasta de soja ecológico blanca miso - suave' -> https://upload.wikimedia.org/wikipedia/commons/thumb/6/6a/Tasty_Berlin_1_%28129938695%29.jpeg/500px-Tasty_Berlin_1_%28129938695%29.jpeg
  [3960] 'Pasta hell Shiro miso' -> https://upload.wikimedia.org/wikipedia/commons/thumb/6/64/Osaka_City_Shinjyo_elementary_school.JPG/500px-Osaka_City_Shinjyo_elementary_school.JPG
  [commons.wikimedia.org] 429 intento 1, esperando 40s ...
  [3962] 'Pasta jengibre y cúrcuma miso sopa' -> https://upload.wikimedia.org/wikipedia/commons/thumb/3/3e/Clearspring_Middle_School.jpg/500px-Clearspring_Middle_School.jpg
  [3963] 'Pasta Koji miso' -> https://upload.wikimedia.org/wikipedia/commons/thumb/e/ed/Miso_paste_by_wilbanks_in_Nishiki_Ichiba%2C_Kyoto.jpg/500px-Miso_paste_by_wilbanks_in_Nishiki_Ichiba%2C_Kyoto.jpg
  [3964] 'Pate de soja (soybean Paste)' -> https://upload.wikimedia.org/wikipedia/commons/thumb/4/4b/Haitian_fermented_bean_paste_on_a_shelf.jpg/500px-Haitian_fermented_bean_paste_on_a_shelf.jpg
  [3965] 'Miso tradicional rojo (Variedad 3965)' -> https://upload.wikimedia.org/wikipedia/commons/thumb/0/0d/Toast-master%27s_companion_%281%29.pdf/page1-500px-Toast-master%27s_companion_%281%29.pdf.jpg
  [commons.wikimedia.org] 429 intento 1, esperando 39s ...
  [3973] 'Tempeh fette' -> https://upload.wikimedia.org/wikipedia/commons/thumb/d/d4/Liveg.jpg/500px-Liveg.jpg
  [3976] 'Tempeh mediterranean trozos (Variedad 3976)' -> https://upload.wikimedia.org/wikipedia/commons/thumb/2/27/Beauty_%26_nature_of_Sri_Lanka.jpg/500px-Beauty_%26_nature_of_Sri_Lanka.jpg
  [3978] 'Voorgegaarde Tempéblokjes in 25% Ketjapmarinade' -> https://upload.wikimedia.org/wikipedia/commons/thumb/3/3e/Albert_Heijn_Headquarters_by_Niels_Kim.jpg/500px-Albert_Heijn_Headquarters_by_Niels_Kim.jpg
  [3979] 'BIO TEMPEH NATURE' -> https://upload.wikimedia.org/wikipedia/commons/thumb/3/3c/Devika_Rani_et_Himansu_Rai_dans_Karma_%281933%29.jpg/500px-Devika_Rani_et_Himansu_Rai_dans_Karma_%281933%29.jpg
  [commons.wikimedia.org] 429 intento 1, esperando 40s ...
  [3986] 'Vivera Gerookte tofu' -> https://upload.wikimedia.org/wikipedia/commons/thumb/f/f2/Raheja_Vivera_Mumbai.jpg/500px-Raheja_Vivera_Mumbai.jpg
  [commons.wikimedia.org] 429 intento 1, esperando 40s ...
  [3990] 'Tempeh ahumado (Variedad 3990)' -> https://upload.wikimedia.org/wikipedia/commons/thumb/f/f4/Golden_Smoked_Tempeh_Cupcakes_with_Chocolate_Butter_Cream_%283605716711%29.jpg/500px-Golden_Smoked_Tempeh_Cupcakes_with_Chocolate_Butter_Cream_%283605716711%29.jpg
  [3992] 'Tempeh Original soja ecológico' -> https://upload.wikimedia.org/wikipedia/commons/thumb/b/b0/The_Bean_creek_valley_%28IA_beancreekvalley00hoga%29.pdf/page1-500px-The_Bean_creek_valley_%28IA_beancreekvalley00hoga%29.pdf.jpg
  [3993] 'Tempeh ecológico High Protein' -> https://upload.wikimedia.org/wikipedia/commons/thumb/a/a9/Protein_Power-_To_Build_And_Repair_%28IA_ProteinPowerToBuildAndRepairNavyMedicine%29.pdf/page1-500px-Protein_Power-_To_Build_And_Repair_%28IA_ProteinPowerToBuildAndRepairNavyMedicine%29.pdf.jpg
  [commons.wikimedia.org] 429 intento 1, esperando 39s ...
  [3998] 'Alspånsrökt Tempeh' -> https://upload.wikimedia.org/wikipedia/commons/thumb/e/e8/Yuanta_Yipin_Garden-01.2024-04-01.jpg/500px-Yuanta_Yipin_Garden-01.2024-04-01.jpg
  [4000] 'Original Tempeh' -> https://upload.wikimedia.org/wikipedia/commons/thumb/6/6b/Tempeh_uncooked.jpg/500px-Tempeh_uncooked.jpg
  [4001] 'Tempeh Frais Fume' -> https://upload.wikimedia.org/wikipedia/commons/thumb/d/d6/Lima_public_square.jpg/500px-Lima_public_square.jpg
  [4002] 'Tempeh Pois chiches fermentés' -> https://upload.wikimedia.org/wikipedia/commons/thumb/e/e6/Gazette_de_sant%C3%A9_%28IA_BIUSante_90133x1780%29.pdf/page1-250px-Gazette_de_sant%C3%A9_%28IA_BIUSante_90133x1780%29.pdf.jpg
  [4003] 'Tempeh la plancha' -> https://upload.wikimedia.org/wikipedia/commons/thumb/6/6f/Tempeh_a_la_plancha_con_pimientos_y_calabac%C3%ADn_%286411652053%29.jpg/500px-Tempeh_a_la_plancha_con_pimientos_y_calabac%C3%ADn_%286411652053%29.jpg
  [commons.wikimedia.org] 429 intento 1, esperando 40s ...
  [4006] 'Bio tempeh uzený' -> https://upload.wikimedia.org/wikipedia/commons/thumb/c/c2/Scout_promise_parade_near_Kouty%2C_T%C5%99eb%C3%AD%C4%8D_District.jpg/500px-Scout_promise_parade_near_Kouty%2C_T%C5%99eb%C3%AD%C4%8D_District.jpg
  [4011] 'Kombucha original ecológico con thé vert' -> https://upload.wikimedia.org/wikipedia/commons/7/7e/PiRNA_pathway_mutants_show_germline_defects_in_Drosophila..jpg
  [4013] 'Kombucha citron vert & gingembre' -> https://upload.wikimedia.org/wikipedia/commons/thumb/d/d1/Piotr_Voelkel.jpg/500px-Piotr_Voelkel.jpg
  [commons.wikimedia.org] 429 intento 1, esperando 40s ...
  [4020] 'Kombucha Gingembre Citron' -> https://upload.wikimedia.org/wikipedia/commons/5/58/Kiva_Simulation.jpg
  [4021] 'Sweetened Condensed Milk' -> https://upload.wikimedia.org/wikipedia/commons/thumb/3/36/Tin_of_condensed_milk.jpg/500px-Tin_of_condensed_milk.jpg
  [4022] 'Kombucha Hibiscus Myrtille' -> https://upload.wikimedia.org/wikipedia/commons/2/20/Aure_Atika_Cannes.jpg
  [4023] 'Kombucha - Citron, gingembre' -> https://upload.wikimedia.org/wikipedia/commons/thumb/d/de/Higashi-kourokan-ato_%28Heian-kyo%29.JPG/500px-Higashi-kourokan-ato_%28Heian-kyo%29.JPG
  [commons.wikimedia.org] ConnectError intento 1, esperando 5s ...
  [commons.wikimedia.org] ConnectError intento 2, esperando 10s ...
  [4024] 'Kombucha grenade menthe 75cl CC' -> https://upload.wikimedia.org/wikipedia/commons/thumb/3/36/Saint-Girons_-_Biocoop_-_20110307_%282%29.jpg/500px-Saint-Girons_-_Biocoop_-_20110307_%282%29.jpg
  [4025] 'Kombucha au gingembre (Variedad 4025)' -> https://upload.wikimedia.org/wikipedia/commons/thumb/3/36/Saint-Girons_-_Biocoop_-_20110307_%282%29.jpg/500px-Saint-Girons_-_Biocoop_-_20110307_%282%29.jpg
  [4026] 'Mango kombucha con Lime (Variedad 4026)' -> https://upload.wikimedia.org/wikipedia/commons/thumb/2/24/Night_of_the_Living_Dead_%281968%29.webm/500px--Night_of_the_Living_Dead_%281968%29.webm.jpg
  [4027] 'Naranja y Yuzu Sicilian' -> https://upload.wikimedia.org/wikipedia/commons/thumb/8/81/Acadian_geology-_the_geological_structure%2C_organic_remains%2C_and_mineral_resources_of_Nova_Scotia%2C_New_Brunswick%2C_and_Prince_Edward_island._By_J._W._Dawson%2C_M.A.%2C_LL.D._%28IA_biostor-91549%29.pdf/page1-500px-thumbnail.pdf.jpg
  [4031] 'No. 1 Living Passion fruta kombucha con Goji' -> https://upload.wikimedia.org/wikipedia/commons/thumb/2/24/Night_of_the_Living_Dead_%281968%29.webm/500px--Night_of_the_Living_Dead_%281968%29.webm.jpg
  [4032] 'Jamila رايبي' -> https://upload.wikimedia.org/wikipedia/commons/thumb/1/1f/Isuzu%2C_Refrigerator_Van_%28DANONE%29.jpg/500px-Isuzu%2C_Refrigerator_Van_%28DANONE%29.jpg
  [4033] 'kéfir nature' -> https://upload.wikimedia.org/wikipedia/commons/thumb/2/28/Reina.jpg/500px-Reina.jpg
  [4034] 'kéfir' -> https://upload.wikimedia.org/wikipedia/commons/thumb/2/28/Reina.jpg/500px-Reina.jpg
  [commons.wikimedia.org] 429 intento 1, esperando 1s ...
  [4035] 'Danone (zéro sucre ajouté zéro matière grasse)' -> https://upload.wikimedia.org/wikipedia/commons/thumb/1/1f/Isuzu%2C_Refrigerator_Van_%28DANONE%29.jpg/500px-Isuzu%2C_Refrigerator_Van_%28DANONE%29.jpg
  [4037] 'Lait fermenté' -> https://upload.wikimedia.org/wikipedia/commons/thumb/d/db/Lait_ferment%C3%A9_et_des_baign%C3%A9s.jpg/500px-Lait_ferment%C3%A9_et_des_baign%C3%A9s.jpg
  [4040] 'Lait Ribot' -> https://upload.wikimedia.org/wikipedia/commons/thumb/5/56/Breton_-_Un_peintre_paysan%2C_1896.djvu/page1-500px-Breton_-_Un_peintre_paysan%2C_1896.djvu.jpg
  [4042] 'Fresa yogur A BOIRE DAYA' -> https://upload.wikimedia.org/wikipedia/commons/thumb/1/12/Chergui_village_3.jpg/500px-Chergui_village_3.jpg
  [4043] 'daya fraise' -> https://upload.wikimedia.org/wikipedia/commons/thumb/1/12/Chergui_village_3.jpg/500px-Chergui_village_3.jpg
  [4045] 'Carrefour Sensation Kefir Lait Demi-Écrémé Fermenté' -> https://upload.wikimedia.org/wikipedia/commons/thumb/0/02/Carrefour_55-o.art.pub-carrefour-02.jpg/500px-Carrefour_55-o.art.pub-carrefour-02.jpg
  [commons.wikimedia.org] 429 intento 1, esperando 39s ...
  [4046] 'Linea 0% - Milk' -> https://upload.wikimedia.org/wikipedia/commons/thumb/4/44/Indirect_estimates_of_the_solids-not-fat_content_of_milk%3B_the_basis_for%2C_and_history_of%2C_published_methods_and_equations_%28IA_CAT10507531%29.pdf/page1-500px-Indirect_estimates_of_the_solids-not-fat_content_of_milk%3B_the_basis_for%2C_and_history_of%2C_published_methods_and_equations_%28IA_CAT10507531%29.pdf.jpg
  [4047] 'fermento_lactico Chergui' -> https://upload.wikimedia.org/wikipedia/commons/thumb/1/12/Chergui_village_3.jpg/500px-Chergui_village_3.jpg
  [4048] 'Actimel original nature' -> https://upload.wikimedia.org/wikipedia/commons/thumb/e/e7/Actimel.jpg/500px-Actimel.jpg
  [4049] 'Dayaخوخ' -> https://upload.wikimedia.org/wikipedia/commons/thumb/1/12/Chergui_village_3.jpg/500px-Chergui_village_3.jpg
  [4050] 'Actimel gout multifruit' -> https://upload.wikimedia.org/wikipedia/commons/thumb/e/e7/Actimel.jpg/500px-Actimel.jpg
  [4051] 'Actimel gout fraise 100 g x' -> https://upload.wikimedia.org/wikipedia/commons/thumb/1/1f/Isuzu%2C_Refrigerator_Van_%28DANONE%29.jpg/500px-Isuzu%2C_Refrigerator_Van_%28DANONE%29.jpg
  [4053] "Pequeños Filou - Tub's, Fresa goût, Frambuesa y melocotón (Variedad 4053)" -> https://upload.wikimedia.org/wikipedia/commons/thumb/7/7f/Usine_Yoplait_de_Vienne.jpg/500px-Usine_Yoplait_de_Vienne.jpg
  [4054] 'Mango y PASSION fruta kéfir (Variedad 4054)' -> https://upload.wikimedia.org/wikipedia/commons/thumb/9/9a/Yeo_Valley_Factory_-_geograph.org.uk_-_89300.jpg/500px-Yeo_Valley_Factory_-_geograph.org.uk_-_89300.jpg
  [commons.wikimedia.org] 429 intento 1, esperando 40s ...
  [4056] 'Panier de Yoplait Cerise' -> https://upload.wikimedia.org/wikipedia/commons/thumb/7/7f/Usine_Yoplait_de_Vienne.jpg/500px-Usine_Yoplait_de_Vienne.jpg
  [4057] 'Plátano paradise alimento en bottle' -> https://upload.wikimedia.org/wikipedia/commons/thumb/1/14/Tasty_Steak_at_GR_Shopping_Mall_5F_%2820230115105126%29.jpg/500px-Tasty_Steak_at_GR_Shopping_Mall_5F_%2820230115105126%29.jpg
  [4059] 'Yogur kéfir' -> https://upload.wikimedia.org/wikipedia/commons/thumb/c/c3/Golden_Grahams_cereal%2C_with_milk.jpg/500px-Golden_Grahams_cereal%2C_with_milk.jpg
  [4060] 'Leche Ribot Paysan Breton' -> https://upload.wikimedia.org/wikipedia/commons/thumb/5/56/Breton_-_Un_peintre_paysan%2C_1896.djvu/page1-500px-Breton_-_Un_peintre_paysan%2C_1896.djvu.jpg
  [4062] 'Yogur kéfir (Variedad 4062)' -> https://upload.wikimedia.org/wikipedia/commons/thumb/4/43/Graham_Tawny_Vino_de_Oporto.jpg/500px-Graham_Tawny_Vino_de_Oporto.jpg
  [4063] 'Leche ecológico demi-écrémé fermenté con kéfir (Variedad 4063)' -> https://upload.wikimedia.org/wikipedia/commons/thumb/8/88/Andechser_3_beers.JPG/500px-Andechser_3_beers.JPG
  [commons.wikimedia.org] 429 intento 1, esperando 38s ...
  [4065] 'Lait fermente bq' -> https://upload.wikimedia.org/wikipedia/commons/thumb/0/0e/P%C3%A2turages_JPG01.jpg/500px-P%C3%A2turages_JPG01.jpg
  [4066] 'Yogur Yeo del valle ecológico kéfir fresa fermentado' -> https://upload.wikimedia.org/wikipedia/commons/thumb/9/9a/Yeo_Valley_Factory_-_geograph.org.uk_-_89300.jpg/500px-Yeo_Valley_Factory_-_geograph.org.uk_-_89300.jpg
  [4069] 'Kéfir de leche (Variedad 4069)' -> https://upload.wikimedia.org/wikipedia/commons/thumb/9/93/Lactel.jpg/500px-Lactel.jpg
  [4070] 'Amul Lassi (Variedad 4070)' -> https://upload.wikimedia.org/wikipedia/commons/thumb/c/c3/Amul_Plant_at_Anand.jpg/500px-Amul_Plant_at_Anand.jpg
  [4071] '+Proteína Fresa' -> https://upload.wikimedia.org/wikipedia/commons/thumb/1/1f/Isuzu%2C_Refrigerator_Van_%28DANONE%29.jpg/500px-Isuzu%2C_Refrigerator_Van_%28DANONE%29.jpg
  [4072] 'Hop parfum framboise' -> https://upload.wikimedia.org/wikipedia/commons/thumb/7/7f/Usine_Yoplait_de_Vienne.jpg/500px-Usine_Yoplait_de_Vienne.jpg
  [4073] 'Vache à boire myrtilles sauvages' -> https://upload.wikimedia.org/wikipedia/commons/thumb/8/81/Blason_Michel-Augustin_de_Goyon_%281764-1851%29.svg/500px-Blason_Michel-Augustin_de_Goyon_%281764-1851%29.svg.png
  [commons.wikimedia.org] 429 intento 1, esperando 38s ...
  [4074] 'Actimel nature sin azúcar' -> https://upload.wikimedia.org/wikipedia/commons/thumb/e/e7/Actimel.jpg/500px-Actimel.jpg
  [4077] 'Leche Fermenté extra dulce (Variedad 4077)' -> https://upload.wikimedia.org/wikipedia/commons/thumb/5/56/Breton_-_Un_peintre_paysan%2C_1896.djvu/page1-500px-Breton_-_Un_peintre_paysan%2C_1896.djvu.jpg
  [4078] 'Lait fermenté Leben' -> https://upload.wikimedia.org/wikipedia/commons/thumb/0/02/Carrefour_55-o.art.pub-carrefour-02.jpg/500px-Carrefour_55-o.art.pub-carrefour-02.jpg
  [4079] 'Leben Lait Fermenté' -> https://upload.wikimedia.org/wikipedia/commons/thumb/8/80/Skulptur_Leben_%28Traube%29_Michael_Schoenholtz_Claire-Waldoff-Promenade_16_Berlin-Moabit_03.jpg/500px-Skulptur_Leben_%28Traube%29_Michael_Schoenholtz_Claire-Waldoff-Promenade_16_Berlin-Moabit_03.jpg
  [4082] 'Vinagre de table blanco Star (Variedad 4082)' -> https://upload.wikimedia.org/wikipedia/commons/thumb/c/cc/Star-sizes.jpg/500px-Star-sizes.jpg
  [4083] 'Assaisonnement aromatisé con limón' -> https://upload.wikimedia.org/wikipedia/commons/thumb/c/cc/Star-sizes.jpg/500px-Star-sizes.jpg
  [4084] 'Vinagre de table blanco' -> https://upload.wikimedia.org/wikipedia/commons/thumb/3/39/Blanco_y_negro_%28IA_blancoynegro1401unse%29.pdf/page1-500px-Blanco_y_negro_%28IA_blancoynegro1401unse%29.pdf.jpg
  [commons.wikimedia.org] 429 intento 1, esperando 40s ...
  [4085] 'Vinagre balsámico de Modène (Variedad 4085)' -> https://upload.wikimedia.org/wikipedia/commons/thumb/d/df/ES_Maille_im_Winter.jpg/500px-ES_Maille_im_Winter.jpg
  [4086] 'Vinagre balsámico de Modène Maille' -> https://upload.wikimedia.org/wikipedia/commons/thumb/d/df/ES_Maille_im_Winter.jpg/500px-ES_Maille_im_Winter.jpg
  [4087] 'Vinagre de vino rojo y chalotas Maille Vinaigrette Légère' -> https://upload.wikimedia.org/wikipedia/commons/thumb/d/df/ES_Maille_im_Winter.jpg/500px-ES_Maille_im_Winter.jpg
  [4090] 'Vinagre balsámico de Modena (Variedad 4090)' -> https://upload.wikimedia.org/wikipedia/commons/c/cb/Stanis%C5%82aw_Kania_-1979-.jpg
  [4091] 'Vinagre balsámico' -> https://upload.wikimedia.org/wikipedia/commons/thumb/0/0e/001_Dante_Nello_Carapelli_con_il_nipote_Franco_Emilio%2C_Firenze%2C_Piazza_San_Felice%2C_1935.jpg/500px-001_Dante_Nello_Carapelli_con_il_nipote_Franco_Emilio%2C_Firenze%2C_Piazza_San_Felice%2C_1935.jpg
  [4092] 'Vinaigre Alcool Colore' -> https://upload.wikimedia.org/wikipedia/commons/thumb/7/72/Sui_cangiamenti_di_colore_della_tintura_del_turnesole_e_di_altre_tinture_vegetabili_-_osservazioni_ed_esperienze_%28IA_suicangiamentidi00bran%29.pdf/page1-500px-Sui_cangiamenti_di_colore_della_tintura_del_turnesole_e_di_altre_tinture_vegetabili_-_osservazioni_ed_esperienze_%28IA_suicangiamentidi00bran%29.pdf.jpg
  [4094] 'Vinagre de CIDRE de manzana (Variedad 4094)' -> https://upload.wikimedia.org/wikipedia/commons/thumb/c/cc/Star-sizes.jpg/500px-Star-sizes.jpg
  [commons.wikimedia.org] 429 intento 1, esperando 38s ...
  [4098] 'Vinagre balsámico de Modène Maille (Variedad 4098)' -> https://upload.wikimedia.org/wikipedia/commons/thumb/d/df/ES_Maille_im_Winter.jpg/500px-ES_Maille_im_Winter.jpg
  [4099] 'Vinagre balsámico de Modena Crema' -> https://upload.wikimedia.org/wikipedia/commons/5/57/Carlo_Ponti_1951.jpg
  [4102] 'Dulce À base d\'"aceto Balsamico de Modena IGP"' -> https://upload.wikimedia.org/wikipedia/commons/thumb/f/f3/Carrefour_City_Centre_Shopping_Mall_Doha.jpg/500px-Carrefour_City_Centre_Shopping_Mall_Doha.jpg
  [4104] 'Vinagre balsámico de modene (Variedad 4104)' -> https://upload.wikimedia.org/wikipedia/commons/thumb/8/86/Bouton_d%27or_%282%29.jpg/500px-Bouton_d%27or_%282%29.jpg
  [4105] 'Vinagre (Variedad 4105)' -> https://upload.wikimedia.org/wikipedia/commons/thumb/c/cc/Star-sizes.jpg/500px-Star-sizes.jpg
  [commons.wikimedia.org] 429 intento 1, esperando 40s ...
  [4106] 'Essig - Melfor' -> https://upload.wikimedia.org/wikipedia/commons/thumb/5/58/Mulhouse_melfor.png/500px-Mulhouse_melfor.png
  [4107] 'Vinagre de vino rojo adouci con jus de raisin concentré Maille' -> https://upload.wikimedia.org/wikipedia/commons/thumb/d/df/ES_Maille_im_Winter.jpg/500px-ES_Maille_im_Winter.jpg
  [4108] 'Vinagre de cidre (Variedad 4108)' -> https://upload.wikimedia.org/wikipedia/commons/thumb/8/86/Bouton_d%27or_%282%29.jpg/500px-Bouton_d%27or_%282%29.jpg
  [4110] 'Vinagre de cidre 5° bouteille en verre de U (Variedad 4110)' -> https://upload.wikimedia.org/wikipedia/commons/thumb/0/02/Carrefour_55-o.art.pub-carrefour-02.jpg/500px-Carrefour_55-o.art.pub-carrefour-02.jpg
  [4111] "Vinagre de cidre - 5% d'acidité (Variedad 4111)" -> https://upload.wikimedia.org/wikipedia/commons/d/dd/Keith_Jardine_-_UFC_100_Fan_Expo_-_Mandalay_Bay_Casino%2C_Las_Vegas_%28crop%29.jpg
  [4112] 'Vinagre de Xérès Réserve Maille' -> https://upload.wikimedia.org/wikipedia/commons/thumb/d/df/ES_Maille_im_Winter.jpg/500px-ES_Maille_im_Winter.jpg
  [4115] 'Vinagre de arroz (Variedad 4115)' -> https://upload.wikimedia.org/wikipedia/commons/thumb/b/b0/Camp_Tanoshi_140621-M-OC926-014.jpg/500px-Camp_Tanoshi_140621-M-OC926-014.jpg
  [commons.wikimedia.org] 429 intento 1, esperando 40s ...
  [4117] 'Vinagre de sidra de manzana' -> https://upload.wikimedia.org/wikipedia/commons/thumb/b/b5/Apple_Cider_Vinegar_%284108653248%29.jpg/500px-Apple_Cider_Vinegar_%284108653248%29.jpg
  [4118] 'Vinagre de cidre de pommes' -> https://upload.wikimedia.org/wikipedia/commons/thumb/c/cc/Star-sizes.jpg/500px-Star-sizes.jpg
  [4119] 'Vinagre de cidre bouteille en verre de (Variedad 4119)' -> https://upload.wikimedia.org/wikipedia/commons/thumb/6/6e/Kop_lesa_u_obodu%2C_gde_je_bio_kurgan.jpg/500px-Kop_lesa_u_obodu%2C_gde_je_bio_kurgan.jpg
  [4121] 'Vinagre de Cidre (Variedad 4121)' -> https://upload.wikimedia.org/wikipedia/commons/thumb/8/86/Bouton_d%27or_%282%29.jpg/500px-Bouton_d%27or_%282%29.jpg
  [4122] 'Vinagre balsámico bouteille en verre de (Variedad 4122)' -> https://upload.wikimedia.org/wikipedia/commons/thumb/4/4d/Periodic_table_large.svg/500px-Periodic_table_large.svg.png
  [4123] 'Vinagre con manzana (Variedad 4123)' -> https://upload.wikimedia.org/wikipedia/commons/thumb/c/cc/Star-sizes.jpg/500px-Star-sizes.jpg
  [4124] 'Vinagre de cidre 5° bouteille en verre de (Variedad 4124)' -> https://upload.wikimedia.org/wikipedia/commons/thumb/4/4d/Periodic_table_large.svg/500px-Periodic_table_large.svg.png
  [commons.wikimedia.org] 429 intento 1, esperando 33s ...
  [4127] 'Maille Condiment balsámico blanco' -> https://upload.wikimedia.org/wikipedia/commons/thumb/d/df/ES_Maille_im_Winter.jpg/500px-ES_Maille_im_Winter.jpg
  [4129] "Vinagre balsámico de Modène 6% d'acidité (Variedad 4129)" -> https://upload.wikimedia.org/wikipedia/commons/thumb/2/22/Auchan%2C_Le_Pontet%2C_Vaucluse%2C_France.jpg/500px-Auchan%2C_Le_Pontet%2C_Vaucluse%2C_France.jpg
  [4132] 'Vinagre de cidre de NORMANDIE (Variedad 4132)' -> https://upload.wikimedia.org/wikipedia/commons/8/8c/Monte_Carlo_Casino.jpg
  [4133] 'Vinagre imp Sarsons malta' -> https://upload.wikimedia.org/wikipedia/commons/thumb/3/37/Sarson.jpg/500px-Sarson.jpg
  [4134] 'Vinagre balsámico de Modena (Variedad 4134)' -> https://upload.wikimedia.org/wikipedia/commons/thumb/3/39/Traditional_Balsamic_Vinegars_of_Modena_%28right%29_and_Reggio_Emilia_%28left%29.jpg/500px-Traditional_Balsamic_Vinegars_of_Modena_%28right%29_and_Reggio_Emilia_%28left%29.jpg
  [commons.wikimedia.org] 429 intento 1, esperando 26s ...
  [4136] 'Nuez Maille vinagre de vino blanco aromatisé' -> https://upload.wikimedia.org/wikipedia/commons/thumb/d/df/ES_Maille_im_Winter.jpg/500px-ES_Maille_im_Winter.jpg
  [4137] 'Douceur de vinagre balsámico de modene con albahaca' -> https://upload.wikimedia.org/wikipedia/commons/thumb/0/02/Carrefour_55-o.art.pub-carrefour-02.jpg/500px-Carrefour_55-o.art.pub-carrefour-02.jpg
  [4140] 'Vinagre de vino (Variedad 4140)' -> https://upload.wikimedia.org/wikipedia/commons/thumb/e/ee/Hirundo_rustica_LC0073.jpg/500px-Hirundo_rustica_LC0073.jpg
  [4141] 'Vinagre balsámico de Modena (Variedad 4141)' -> https://upload.wikimedia.org/wikipedia/commons/thumb/5/5c/Moyens_de_rem%C3%A9dier_aux_poisons_v%C3%A9g%C3%A9taux_-_a_ceux_qui_sont_produits_par_les_substances_m%C3%A9talliques%2C_et_au_venin_des_animaux_%28IA_b28407441%29.pdf/page1-500px-Moyens_de_rem%C3%A9dier_aux_poisons_v%C3%A9g%C3%A9taux_-_a_ceux_qui_sont_produits_par_les_substances_m%C3%A9talliques%2C_et_au_venin_des_animaux_%28IA_b28407441%29.pdf.jpg
  [4143] 'Vinagre malta' -> https://upload.wikimedia.org/wikipedia/commons/8/8c/Derby_Malt_Vinegar_Brewery%2C_200_Kedleston_Road_-_geograph.org.uk_-_377317.jpg
  [commons.wikimedia.org] 429 intento 1, esperando 37s ...
  [4145] 'Glaze con vinagre balsámico de Modena' -> https://upload.wikimedia.org/wikipedia/commons/thumb/0/0b/Waitrose%2C_Tarvin_Road%2C_Chester_-_geograph.org.uk_-_4340416.jpg/500px-Waitrose%2C_Tarvin_Road%2C_Chester_-_geograph.org.uk_-_4340416.jpg
  [4146] 'Vinagre de table coloré (Variedad 4146)' -> https://upload.wikimedia.org/wikipedia/commons/thumb/c/cc/Star-sizes.jpg/500px-Star-sizes.jpg
  [4147] 'Aceite de oliva vierge extra' -> https://upload.wikimedia.org/wikipedia/commons/thumb/0/0e/001_Dante_Nello_Carapelli_con_il_nipote_Franco_Emilio%2C_Firenze%2C_Piazza_San_Felice%2C_1935.jpg/500px-001_Dante_Nello_Carapelli_con_il_nipote_Franco_Emilio%2C_Firenze%2C_Piazza_San_Felice%2C_1935.jpg
  [4149] 'Vinagre de mele' -> https://upload.wikimedia.org/wikipedia/commons/5/57/Carlo_Ponti_1951.jpg
  [4150] 'Vinagre Simply japonés arroz (Variedad 4150)' -> https://upload.wikimedia.org/wikipedia/commons/thumb/a/a9/Saitaku_Udon_noodles%2C_Provenierswijk%2C_Rotterdam_%282023%29_01.jpg/500px-Saitaku_Udon_noodles%2C_Provenierswijk%2C_Rotterdam_%282023%29_01.jpg
  [4151] 'ESSIG Reisessig' -> https://upload.wikimedia.org/wikipedia/commons/3/34/Yutaka_Abe.jpg
  [4153] 'Crème en vinagre balsámico de Modene' -> https://upload.wikimedia.org/wikipedia/commons/thumb/f/f9/Doodsbrief_Louis_Tramier_1885_barcode_800000169445.jpg/500px-Doodsbrief_Louis_Tramier_1885_barcode_800000169445.jpg
  [commons.wikimedia.org] 429 intento 1, esperando 39s ...
  [4155] 'Vinagre de sidra de manzana con mother ecológico' -> https://upload.wikimedia.org/wikipedia/commons/thumb/5/51/Making_vinegar_in_the_home_and_on_the_farm_%28IA_CAT85821826%29.pdf/page1-500px-Making_vinegar_in_the_home_and_on_the_farm_%28IA_CAT85821826%29.pdf.jpg
  [4156] 'Vinagre Basalmique de Modene (Variedad 4156)' -> https://upload.wikimedia.org/wikipedia/commons/thumb/3/31/Napoleon_I_of_France_by_Andrea_Appiani.jpg/500px-Napoleon_I_of_France_by_Andrea_Appiani.jpg
  [4159] 'Vinagre de sidra de manzana con miel y jengibre' -> https://upload.wikimedia.org/wikipedia/commons/thumb/e/e8/Facts_about_honey_.._%28IA_factsabouthoney00dada%29.pdf/page1-500px-Facts_about_honey_.._%28IA_factsabouthoney00dada%29.pdf.jpg
  [4160] 'Vinagre de vino rojo aromatisé frambuesa Maille' -> https://upload.wikimedia.org/wikipedia/commons/thumb/d/df/ES_Maille_im_Winter.jpg/500px-ES_Maille_im_Winter.jpg
  [4161] 'Vinagre de sidra de manzana ecológico' -> https://upload.wikimedia.org/wikipedia/commons/thumb/5/51/Making_vinegar_in_the_home_and_on_the_farm_%28IA_CAT85821826%29.pdf/page1-500px-Making_vinegar_in_the_home_and_on_the_farm_%28IA_CAT85821826%29.pdf.jpg
  [commons.wikimedia.org] 429 intento 1, esperando 40s ...
  [4165] 'Vinagre balsámico drizzle' -> https://upload.wikimedia.org/wikipedia/commons/thumb/5/57/Vinegar_and_cheese.jpg/500px-Vinegar_and_cheese.jpg
  [4166] 'Vinagre balsámico de MODENE ecológico CAUVIN (Variedad 4166)' -> https://upload.wikimedia.org/wikipedia/commons/thumb/e/e7/Raoul_Cauvin%2C_2012_%28cropped%29.jpg/500px-Raoul_Cauvin%2C_2012_%28cropped%29.jpg
  [4167] 'Vinagre de vino rojo affiné en fût de chêne 7° bouteille en verrede (Variedad 4167)' -> https://upload.wikimedia.org/wikipedia/commons/thumb/4/4d/Periodic_table_large.svg/500px-Periodic_table_large.svg.png
  [4168] "Melfort l'original" -> https://upload.wikimedia.org/wikipedia/commons/thumb/5/58/Mulhouse_melfor.png/500px-Mulhouse_melfor.png
  [4169] 'Vinagre (Variedad 4169)' -> https://upload.wikimedia.org/wikipedia/commons/thumb/3/37/Sarson.jpg/500px-Sarson.jpg
  [4171] 'Vinagre de Cidre Normand (Variedad 4171)' -> https://upload.wikimedia.org/wikipedia/commons/thumb/d/d7/45._Martin-Pouret._Logotype.jpg/500px-45._Martin-Pouret._Logotype.jpg
  [4173] "Crema all' y quot;aceto balsamico de modena IGP y quot;" -> https://upload.wikimedia.org/wikipedia/commons/thumb/f/fe/Spacio_Conad_%282%29.jpg/500px-Spacio_Conad_%282%29.jpg
  [4174] "Vinagre d'alcool cristal" -> https://upload.wikimedia.org/wikipedia/commons/thumb/9/9d/%2795_Rover_Mini_Cooper_Grand_Prix_%28Toronto_Spring_%2712_Classic_Car_Auction%29.JPG/500px-%2795_Rover_Mini_Cooper_Grand_Prix_%28Toronto_Spring_%2712_Classic_Car_Auction%29.JPG
  [commons.wikimedia.org] 429 intento 1, esperando 39s ...
  [4176] 'Vinagre francés de vino rojo (Variedad 4176)' -> https://upload.wikimedia.org/wikipedia/commons/thumb/3/3d/Amora_Aviatico_rustico.JPG/500px-Amora_Aviatico_rustico.JPG
  [4177] "Vinagre d'alcool coloré (6% d'acidité) 1 litre - €co +" -> https://upload.wikimedia.org/wikipedia/commons/thumb/b/b1/Bourg-la-Reine_-_B%C3%A2timent_de_l%27ancienne_cr%C3%A8che_Leclerc_en_2024.jpg/500px-Bourg-la-Reine_-_B%C3%A2timent_de_l%27ancienne_cr%C3%A8che_Leclerc_en_2024.jpg
  [4180] 'Vinagre de cidre, Non pasteurisé, Non filtré (Variedad 4180)' -> https://upload.wikimedia.org/wikipedia/commons/thumb/a/a7/Toshiba_la_vie_claire_%2788.jpg/500px-Toshiba_la_vie_claire_%2788.jpg
  [4181] 'Vinagre arroz (Variedad 4181)' -> https://upload.wikimedia.org/wikipedia/commons/thumb/a/aa/Asian_specialties_from_Vitasia_in_Lidl_Winschoten_%282018%29.jpg/500px-Asian_specialties_from_Vitasia_in_Lidl_Winschoten_%282018%29.jpg
  [4182] 'Vinagre balsámico (Variedad 4182)' -> https://upload.wikimedia.org/wikipedia/commons/thumb/4/4e/Balsamic_vinegar_%28drops%29.jpg/500px-Balsamic_vinegar_%28drops%29.jpg
  [4183] 'Vinagre de mele bio non fitrato' -> https://upload.wikimedia.org/wikipedia/commons/5/57/Carlo_Ponti_1951.jpg
  [commons.wikimedia.org] 429 intento 1, esperando 40s ...
  [4185] 'Vinaigrette nature allégée en matières grasses*' -> https://upload.wikimedia.org/wikipedia/commons/thumb/2/22/Auchan%2C_Le_Pontet%2C_Vaucluse%2C_France.jpg/500px-Auchan%2C_Le_Pontet%2C_Vaucluse%2C_France.jpg
  [4186] 'Arroz Seasoning para Sushi' -> https://upload.wikimedia.org/wikipedia/commons/thumb/7/7f/KIKKOMAN_Corporation_head_office.jpg/500px-KIKKOMAN_Corporation_head_office.jpg
  [4187] 'Vinaigre d alcool 8%' -> https://upload.wikimedia.org/wikipedia/commons/thumb/8/86/De_l%27alcoom%C3%A9trie_nouveau_p%C3%A8se-alcool_%28IA_BIUSante_pharma_p5293x1872x12%29.pdf/page1-500px-De_l%27alcoom%C3%A9trie_nouveau_p%C3%A8se-alcool_%28IA_BIUSante_pharma_p5293x1872x12%29.pdf.jpg
  [4189] 'Vinagre imp blanco arroz' -> https://upload.wikimedia.org/wikipedia/commons/thumb/3/39/Dragon_Ljubljana.jpg/500px-Dragon_Ljubljana.jpg
  [4190] 'Vinagre de vino blanco SPAL TRULY SUFFOLE gre 303 tas' -> https://upload.wikimedia.org/wikipedia/commons/thumb/2/2c/B1077_Aspall_Road%2C_Aspall_-_geograph.org.uk_-_4638246.jpg/500px-B1077_Aspall_Road%2C_Aspall_-_geograph.org.uk_-_4638246.jpg
  [4191] "Vinagre d'orléans" -> https://upload.wikimedia.org/wikipedia/commons/thumb/d/d7/45._Martin-Pouret._Logotype.jpg/500px-45._Martin-Pouret._Logotype.jpg
  [4193] 'Condiment blanc' -> https://upload.wikimedia.org/wikipedia/commons/thumb/0/02/Carrefour_55-o.art.pub-carrefour-02.jpg/500px-Carrefour_55-o.art.pub-carrefour-02.jpg
  [commons.wikimedia.org] 429 intento 1, esperando 39s ...
  [4194] 'Sauce Soja' -> https://upload.wikimedia.org/wikipedia/commons/thumb/0/07/Soy_Sauce_Chicken.jpg/500px-Soy_Sauce_Chicken.jpg
  [4195] 'Sauce Soja con teneur en sal réduite' -> https://upload.wikimedia.org/wikipedia/commons/thumb/7/7f/KIKKOMAN_Corporation_head_office.jpg/500px-KIKKOMAN_Corporation_head_office.jpg
  [4196] 'Salsa de soja (Variedad 4196)' -> https://upload.wikimedia.org/wikipedia/commons/thumb/7/7f/KIKKOMAN_Corporation_head_office.jpg/500px-KIKKOMAN_Corporation_head_office.jpg
  [4198] 'Sauce soja sucrée' -> https://upload.wikimedia.org/wikipedia/commons/thumb/7/7f/KIKKOMAN_Corporation_head_office.jpg/500px-KIKKOMAN_Corporation_head_office.jpg
  [4199] 'Sauce Soja (réduite en sal -40%)' -> https://upload.wikimedia.org/wikipedia/commons/thumb/b/b0/Camp_Tanoshi_140621-M-OC926-014.jpg/500px-Camp_Tanoshi_140621-M-OC926-014.jpg
  [4201] 'Salsa de soja premium' -> https://upload.wikimedia.org/wikipedia/commons/thumb/d/d3/Lee_Kum_Kee_Black_Bean_Garlic_Sauce.JPG/500px-Lee_Kum_Kee_Black_Bean_Garlic_Sauce.JPG
  [4202] 'SAUCE YAKITORI' -> https://upload.wikimedia.org/wikipedia/commons/thumb/c/c8/Yakitori_by_MShades_in_Kujo%2C_Kyoto.jpg/500px-Yakitori_by_MShades_in_Kujo%2C_Kyoto.jpg
  [4203] 'Sauce soja' -> https://upload.wikimedia.org/wikipedia/commons/thumb/0/07/Soy_Sauce_Chicken.jpg/500px-Soy_Sauce_Chicken.jpg
  [4204] "Salsa de soja LKK's premium negro" -> https://upload.wikimedia.org/wikipedia/commons/thumb/d/d3/Lee_Kum_Kee_Black_Bean_Garlic_Sauce.JPG/500px-Lee_Kum_Kee_Black_Bean_Garlic_Sauce.JPG
  [commons.wikimedia.org] 429 intento 1, esperando 37s ...
  [4205] 'SAUCE SOJA BIO' -> https://upload.wikimedia.org/wikipedia/commons/thumb/9/99/Le_petit_jardin_Bio_du_19_rue_St_Malo.jpg/500px-Le_petit_jardin_Bio_du_19_rue_St_Malo.jpg
  [4207] 'Sauce De Soja' -> https://upload.wikimedia.org/wikipedia/commons/thumb/e/e4/Sauce_soja_fabr3.svg/500px-Sauce_soja_fabr3.svg.png
  [4208] 'KIKKOMAN Natürlich Gebraute Salzreduzierte Sojasauce 975ml 6,99 € Inhalt: 0,975 Liter 7,17 € / Liter' -> https://upload.wikimedia.org/wikipedia/commons/thumb/7/7f/KIKKOMAN_Corporation_head_office.jpg/500px-KIKKOMAN_Corporation_head_office.jpg
  [4211] 'Tamari less salt -25%' -> https://upload.wikimedia.org/wikipedia/commons/thumb/d/d6/Lima_public_square.jpg/500px-Lima_public_square.jpg
  [4212] 'Sauce Soja Sans Gluten' -> https://upload.wikimedia.org/wikipedia/commons/thumb/7/7f/KIKKOMAN_Corporation_head_office.jpg/500px-KIKKOMAN_Corporation_head_office.jpg
  [4213] 'Salsa de soja suave' -> https://upload.wikimedia.org/wikipedia/commons/thumb/2/24/Golden_Dragon_Haice_002.jpg/500px-Golden_Dragon_Haice_002.jpg
  [commons.wikimedia.org] 429 intento 1, esperando 39s ...
  [4214] 'Salsa de soja negro' -> https://upload.wikimedia.org/wikipedia/commons/thumb/6/6f/Amoy_Harbour_MET_DP165634.jpg/500px-Amoy_Harbour_MET_DP165634.jpg
  [4217] 'Salsa de soja shoyu suave' -> https://upload.wikimedia.org/wikipedia/commons/thumb/d/d6/Lima_public_square.jpg/500px-Lima_public_square.jpg
  [4218] 'Salsa de soja Superior suave' -> https://upload.wikimedia.org/wikipedia/commons/thumb/d/de/Farmers%27_Bulletin._No._0973%2C_1918_-_The_soy_bean_-_its_culture_and_uses_%28IA_CAT87202617%29.pdf/page1-500px-Farmers%27_Bulletin._No._0973%2C_1918_-_The_soy_bean_-_its_culture_and_uses_%28IA_CAT87202617%29.pdf.jpg
  [4219] 'Véritable tamari - sauce de soja' -> https://upload.wikimedia.org/wikipedia/commons/thumb/5/54/Lindau_-_Un_voyage_autour_du_Japon.djvu/page1-500px-Lindau_-_Un_voyage_autour_du_Japon.djvu.jpg
  [4220] 'Salsa Pad tailandés' -> https://upload.wikimedia.org/wikipedia/commons/thumb/1/1e/Pad_Thai_tofu_and_veg_-_Mint_Thai_AUD9.jpg/500px-Pad_Thai_tofu_and_veg_-_Mint_Thai_AUD9.jpg
  [4221] 'Sauce de soja' -> https://upload.wikimedia.org/wikipedia/commons/thumb/e/e4/Sauce_soja_fabr3.svg/500px-Sauce_soja_fabr3.svg.png
  [commons.wikimedia.org] 429 intento 1, esperando 40s ...
  [4226] 'Salsa strong Tamari soja' -> https://upload.wikimedia.org/wikipedia/commons/thumb/d/d6/Lima_public_square.jpg/500px-Lima_public_square.jpg
  [4227] 'Salsa de soja suave shoyu' -> https://upload.wikimedia.org/wikipedia/commons/thumb/d/d6/Lima_public_square.jpg/500px-Lima_public_square.jpg
  [4229] 'Frijoles con chile en conserva negros' -> https://upload.wikimedia.org/wikipedia/commons/thumb/9/9a/Laoganma_stirred_rice_hby1.jpg/500px-Laoganma_stirred_rice_hby1.jpg
  [4230] 'Salsa de soja biologique Tamari less sal 25%' -> https://upload.wikimedia.org/wikipedia/commons/thumb/d/d6/Lima_public_square.jpg/500px-Lima_public_square.jpg
  [4231] 'Salsa Tamari soja' -> https://upload.wikimedia.org/wikipedia/commons/thumb/7/7b/Soja_Sauce_zum_Sushi_%2825966205154%29.jpg/500px-Soja_Sauce_zum_Sushi_%2825966205154%29.jpg
  [4232] 'Salsa de soja Reduced sal' -> https://upload.wikimedia.org/wikipedia/commons/thumb/6/66/La_sal_y_el_sodio_-_10_consejos_para_ayudarlo_a_reducirlos_%28IA_CAT31300714%29.pdf/page1-500px-La_sal_y_el_sodio_-_10_consejos_para_ayudarlo_a_reducirlos_%28IA_CAT31300714%29.pdf.jpg
  [4233] 'Sauce Soja Tamari' -> https://upload.wikimedia.org/wikipedia/commons/thumb/6/63/Soy_sauce_2.jpg/500px-Soy_sauce_2.jpg
  [4234] 'Salsa de soja ecológico Tamari' -> https://upload.wikimedia.org/wikipedia/commons/3/34/Yutaka_Abe.jpg
  [commons.wikimedia.org] 429 intento 1, esperando 40s ...
  [4235] 'Sauce soja sucrée (Variedad 4235)' -> https://upload.wikimedia.org/wikipedia/commons/thumb/4/4d/Periodic_table_large.svg/500px-Periodic_table_large.svg.png
  [4236] 'Salsa de soja ecológico' -> https://upload.wikimedia.org/wikipedia/commons/thumb/f/f7/Wanjashan_Organic_Worcestershire_Sauce.png/500px-Wanjashan_Organic_Worcestershire_Sauce.png
  [4237] 'Salsa de soja Less sal' -> https://upload.wikimedia.org/wikipedia/commons/thumb/7/7f/KIKKOMAN_Corporation_head_office.jpg/500px-KIKKOMAN_Corporation_head_office.jpg
  [4238] 'Sauce Wok' -> https://upload.wikimedia.org/wikipedia/commons/thumb/a/ab/Th%C3%A9_Vert_%28Lyon%29_-_wok_de_crevettes_sauce_curry.jpg/500px-Th%C3%A9_Vert_%28Lyon%29_-_wok_de_crevettes_sauce_curry.jpg
  [4239] 'Sauce de soja francés salée' -> https://upload.wikimedia.org/wikipedia/commons/thumb/f/f9/Jasserie_Coq_noir_HCForez.jpg/500px-Jasserie_Coq_noir_HCForez.jpg
  [4240] 'Salsa de soja KIKKOMAN sin gluten' -> https://upload.wikimedia.org/wikipedia/commons/thumb/7/7f/KIKKOMAN_Corporation_head_office.jpg/500px-KIKKOMAN_Corporation_head_office.jpg
  [4241] 'Salsa de soja bio suave shoyu' -> https://upload.wikimedia.org/wikipedia/commons/thumb/d/d6/Lima_public_square.jpg/500px-Lima_public_square.jpg
  [4242] 'Shoyu - Sauce soja' -> https://upload.wikimedia.org/wikipedia/commons/thumb/6/63/Soy_sauce_2.jpg/500px-Soy_sauce_2.jpg
  [4244] 'Soja Sauce Shoyu' -> https://upload.wikimedia.org/wikipedia/commons/thumb/6/63/Soy_sauce_2.jpg/500px-Soy_sauce_2.jpg
  [commons.wikimedia.org] 429 intento 1, esperando 39s ...
  [4245] 'Salsa de soja Strong Tamari' -> https://upload.wikimedia.org/wikipedia/commons/thumb/d/d6/Lima_public_square.jpg/500px-Lima_public_square.jpg
  [4246] 'Sauce Soja japonaise' -> https://upload.wikimedia.org/wikipedia/commons/thumb/5/5a/Wanjashan_soy_sauce_VeganWarrior.jpg/500px-Wanjashan_soy_sauce_VeganWarrior.jpg
  [4247] 'Salsa de soja Brewed' -> https://upload.wikimedia.org/wikipedia/commons/thumb/d/de/Sushi_Express_brewing_soy_sauce_5g_20170429_rear.jpg/500px-Sushi_Express_brewing_soy_sauce_5g_20170429_rear.jpg
  [4248] 'Sauce de soja sucrée' -> https://upload.wikimedia.org/wikipedia/commons/thumb/5/54/Lindau_-_Un_voyage_autour_du_Japon.djvu/page1-500px-Lindau_-_Un_voyage_autour_du_Japon.djvu.jpg
  [4249] 'Poke Sauce' -> https://upload.wikimedia.org/wikipedia/commons/thumb/c/c8/Top_sauce_for_Poke_Bowl.png/500px-Top_sauce_for_Poke_Bowl.png
  [4250] 'Salsa chile frijol' -> https://upload.wikimedia.org/wikipedia/commons/thumb/4/44/Gorditas_de_papa_con_queso_y_frijol_con_queso%2C_acompa%C3%B1adas_de_salsa_de_molcajete%2C_salsa_de_chile_de_%C3%A1rbol%2C_reques%C3%B3n_y_totopos_con_cebolla_frita._Gorditas_de_comal%2C_tradicionales_de_Aguascalientes%2C_del_negocio_familiar_%22Auror%C3%ADn%22.jpg/500px-thumbnail.jpg
  [4251] 'Shoyu traditionnel - Sauce soja' -> https://upload.wikimedia.org/wikipedia/commons/thumb/5/54/Lindau_-_Un_voyage_autour_du_Japon.djvu/page1-500px-Lindau_-_Un_voyage_autour_du_Japon.djvu.jpg
  [4252] 'Sauce Soja - épicée' -> https://upload.wikimedia.org/wikipedia/commons/thumb/b/b0/Camp_Tanoshi_140621-M-OC926-014.jpg/500px-Camp_Tanoshi_140621-M-OC926-014.jpg
  [4253] 'Salsa Healthy boy brand thin soja Soja' -> https://upload.wikimedia.org/wikipedia/commons/thumb/8/89/The_Boy_Travellers_in_South_America.djvu/page1-500px-The_Boy_Travellers_in_South_America.djvu.jpg
  [4254] 'Sauce shoyu allégé en sal' -> https://upload.wikimedia.org/wikipedia/commons/thumb/5/54/Lindau_-_Un_voyage_autour_du_Japon.djvu/page1-500px-Lindau_-_Un_voyage_autour_du_Japon.djvu.jpg
  [commons.wikimedia.org] 429 intento 1, esperando 40s ...
  [4256] 'Salsa less sal Tamari soja' -> https://upload.wikimedia.org/wikipedia/commons/thumb/d/d6/Lima_public_square.jpg/500px-Lima_public_square.jpg
  [4257] 'Salsa de soja premium suave' -> https://upload.wikimedia.org/wikipedia/commons/thumb/d/d3/Lee_Kum_Kee_Black_Bean_Garlic_Sauce.JPG/500px-Lee_Kum_Kee_Black_Bean_Garlic_Sauce.JPG
  [4258] 'Sauce Soja Caramélisée' -> https://upload.wikimedia.org/wikipedia/commons/thumb/4/49/Korean_hat-Ayam-01.jpg/500px-Korean_hat-Ayam-01.jpg
  [4259] 'Stir FRY soja dulce, Jengibre y ajo' -> https://upload.wikimedia.org/wikipedia/commons/thumb/5/53/Asda_and_M%26S_Simply_Food_-_geograph.org.uk_-_4227132.jpg/500px-Asda_and_M%26S_Simply_Food_-_geograph.org.uk_-_4227132.jpg
  [4260] 'Salsa de soja noodles oyakata' -> https://upload.wikimedia.org/wikipedia/commons/thumb/5/55/Kyodori_Oyakata_2017-04-09.jpg/500px-Kyodori_Oyakata_2017-04-09.jpg
  [4261] 'Sauce soja Claire' -> https://upload.wikimedia.org/wikipedia/commons/thumb/a/a9/Vi%E1%BB%87n_Ki%E1%BB%83m_S%C3%A1t_Nh%C3%A2n_D%C3%A2n_Qu%E1%BA%ADn_Hoan_Ki%C3%AAm_%282017%29.jpg/500px-Vi%E1%BB%87n_Ki%E1%BB%83m_S%C3%A1t_Nh%C3%A2n_D%C3%A2n_Qu%E1%BA%ADn_Hoan_Ki%C3%AAm_%282017%29.jpg
  [4262] 'Shoyu Mild 28% de sal en Moins (Variedad 4262)' -> https://upload.wikimedia.org/wikipedia/commons/thumb/d/d6/Lima_public_square.jpg/500px-Lima_public_square.jpg
  [4263] 'Salsa de soja imp negro' -> https://upload.wikimedia.org/wikipedia/commons/thumb/3/39/Dragon_Ljubljana.jpg/500px-Dragon_Ljubljana.jpg
  [4264] 'Sauce Ketjap Manis' -> https://upload.wikimedia.org/wikipedia/commons/thumb/b/ba/Kecap_manis_%26_kecap_asin.jpg/500px-Kecap_manis_%26_kecap_asin.jpg
  [commons.wikimedia.org] 429 intento 1, esperando 40s ...
  [4265] 'Soja Sauce' -> https://upload.wikimedia.org/wikipedia/commons/thumb/e/e4/Sauce_soja_fabr3.svg/500px-Sauce_soja_fabr3.svg.png
  [4266] 'Salsa de soja imp Blue dragon' -> https://upload.wikimedia.org/wikipedia/commons/thumb/3/39/Dragon_Ljubljana.jpg/500px-Dragon_Ljubljana.jpg
  [4267] 'Shoyu allegé en sal (Variedad 4267)' -> https://upload.wikimedia.org/wikipedia/commons/thumb/5/54/Lindau_-_Un_voyage_autour_du_Japon.djvu/page1-500px-Lindau_-_Un_voyage_autour_du_Japon.djvu.jpg
  [4268] 'Salsa de soja Superior negro' -> https://upload.wikimedia.org/wikipedia/commons/thumb/3/3c/Soy_and_related_fermentations_%28IA_soyrelatedfermen1152chur%29.pdf/page1-500px-Soy_and_related_fermentations_%28IA_soyrelatedfermen1152chur%29.pdf.jpg
  [4269] 'Sauce soja con champiñones' -> https://upload.wikimedia.org/wikipedia/commons/thumb/1/1a/Flickr_-_aktivioslo_-_Jessy_Matador_-_Frankrike.jpg/500px-Flickr_-_aktivioslo_-_Jessy_Matador_-_Frankrike.jpg
  [4270] 'Salsa de soja japonés estilo negro' -> https://upload.wikimedia.org/wikipedia/commons/thumb/7/7f/Child-life_in_Japan_and_Japanese_child_stories_%28Ayrton%2C_Matilida_Chaplin._%2C_1901%29.djvu/page1-500px-Child-life_in_Japan_and_Japanese_child_stories_%28Ayrton%2C_Matilida_Chaplin._%2C_1901%29.djvu.jpg
  [4271] 'Salsa de soja dulce' -> https://upload.wikimedia.org/wikipedia/commons/thumb/4/40/Salsa_soja_dulce.jpg/500px-Salsa_soja_dulce.jpg
  [4272] 'Sauce Soja épaise Maggi 700ML Vietnam' -> https://upload.wikimedia.org/wikipedia/commons/thumb/5/51/Maggi_Hambling_2006.jpg/500px-Maggi_Hambling_2006.jpg
  [4273] 'Soja dulce sauce-gluten sin' -> https://upload.wikimedia.org/wikipedia/commons/thumb/f/fd/Sweet_soy_sauce.jpg/500px-Sweet_soy_sauce.jpg
  [4274] 'Teriyaki stir fry sauce' -> https://upload.wikimedia.org/wikipedia/commons/thumb/a/a5/J._Sainsbury%27s_supermarket_Camden_Road%2C_London.jpg/500px-J._Sainsbury%27s_supermarket_Camden_Road%2C_London.jpg
  [commons.wikimedia.org] 429 intento 1, esperando 39s ...
  [4275] 'Salsa de soja gf Kikkoman tamari' -> https://upload.wikimedia.org/wikipedia/commons/thumb/7/7f/KIKKOMAN_Corporation_head_office.jpg/500px-KIKKOMAN_Corporation_head_office.jpg
  [4276] 'Salsa dulce Soja' -> https://upload.wikimedia.org/wikipedia/commons/thumb/4/40/Salsa_soja_dulce.jpg/500px-Salsa_soja_dulce.jpg
  [4277] 'Shoyu Sauce Soja -30% de sal en moins' -> https://upload.wikimedia.org/wikipedia/commons/thumb/e/e7/Catalogue_des_plantes_plus_ou_moins_rares_de_la_vall%C3%A9e_de_la_Meuse%2C_de_Li%C3%A9ge_%C3%A0_Maestricht_%28IA_jstor-20790538%29.pdf/page1-500px-Catalogue_des_plantes_plus_ou_moins_rares_de_la_vall%C3%A9e_de_la_Meuse%2C_de_Li%C3%A9ge_%C3%A0_Maestricht_%28IA_jstor-20790538%29.pdf.jpg
  [4278] 'Salsa Soja Exotic alimento' -> https://upload.wikimedia.org/wikipedia/commons/thumb/8/8e/Exotic_foods_in_Pattaya.jpg/500px-Exotic_foods_in_Pattaya.jpg
  [4279] 'Salsa de pescado imp' -> https://upload.wikimedia.org/wikipedia/commons/thumb/3/39/Dragon_Ljubljana.jpg/500px-Dragon_Ljubljana.jpg
  [4280] 'SAUCE NUÖC MAM' -> https://upload.wikimedia.org/wikipedia/commons/thumb/a/a6/Fish_sauce_factory%2C_Phu_Quoc.jpg/500px-Fish_sauce_factory%2C_Phu_Quoc.jpg
  [4281] 'Sauce nuoc mam' -> https://upload.wikimedia.org/wikipedia/commons/thumb/a/a6/Fish_sauce_factory%2C_Phu_Quoc.jpg/500px-Fish_sauce_factory%2C_Phu_Quoc.jpg
  [4282] 'Sauce nuoc mam (Variedad 4282)' -> https://upload.wikimedia.org/wikipedia/commons/thumb/4/4d/Periodic_table_large.svg/500px-Periodic_table_large.svg.png
  [4283] 'Fisch Sauce / Fischsauce' -> https://upload.wikimedia.org/wikipedia/commons/thumb/e/ed/Anchovies_for_fish_sauce.jpg/500px-Anchovies_for_fish_sauce.jpg
  [4284] 'Salsa De Poisson 725 ML calamar Brand (nam pla)' -> https://upload.wikimedia.org/wikipedia/commons/thumb/9/9c/Squid_Champong_ramyun_20210114_003.jpg/500px-Squid_Champong_ramyun_20210114_003.jpg
  [4285] 'Sauce nuoc mam veggie' -> https://upload.wikimedia.org/wikipedia/commons/thumb/5/54/Lindau_-_Un_voyage_autour_du_Japon.djvu/page1-500px-Lindau_-_Un_voyage_autour_du_Japon.djvu.jpg
  [commons.wikimedia.org] 429 intento 1, esperando 38s ...
  [4286] 'Nuöc mam sauce con anchoas' -> https://upload.wikimedia.org/wikipedia/commons/thumb/8/8e/Exotic_foods_in_Pattaya.jpg/500px-Exotic_foods_in_Pattaya.jpg
  [4287] 'Nuoc Mam Sauce De Poisson' -> https://upload.wikimedia.org/wikipedia/commons/thumb/e/ed/Anchovies_for_fish_sauce.jpg/500px-Anchovies_for_fish_sauce.jpg
  [4288] 'Salsa de pescado 3 crabes' -> https://upload.wikimedia.org/wikipedia/commons/thumb/8/85/One_hundred_ways_of_cooking_fish_%28IA_onehundredwaysof00fili_0%29.pdf/page1-500px-One_hundred_ways_of_cooking_fish_%28IA_onehundredwaysof00fili_0%29.pdf.jpg
  [4289] 'Salsa de pescado (Variedad 4289)' -> https://upload.wikimedia.org/wikipedia/commons/thumb/e/ed/Anchovies_for_fish_sauce.jpg/500px-Anchovies_for_fish_sauce.jpg
  [4290] 'Sauce De Poisson' -> https://upload.wikimedia.org/wikipedia/commons/thumb/5/51/Sauce_aracide_poisson.jpg/500px-Sauce_aracide_poisson.jpg
  [4292] 'Sauce Poisson' -> https://upload.wikimedia.org/wikipedia/commons/thumb/5/5d/Vats_at_a_Fish_Sauce_Factory_on_Phu_Quoc_Island_in_Vietnam_01.jpg/500px-Vats_at_a_Fish_Sauce_Factory_on_Phu_Quoc_Island_in_Vietnam_01.jpg
  [commons.wikimedia.org] 429 intento 1, esperando 40s ...
  [4295] 'Sauce poisson nuoc mam' -> https://upload.wikimedia.org/wikipedia/commons/thumb/e/ed/Anchovies_for_fish_sauce.jpg/500px-Anchovies_for_fish_sauce.jpg
  [4296] 'Sauce de poisson (nuoc mam)' -> https://upload.wikimedia.org/wikipedia/commons/thumb/8/8a/Phu_quoc_3.jpg/500px-Phu_quoc_3.jpg
  [4298] 'Sauce pour porc au caramel' -> https://upload.wikimedia.org/wikipedia/commons/thumb/a/ae/Madeleine_-_La_parfaite_cuisini%C3%A9re_bourgeoise_ou_la_bonne_cuisine_des_villes_et_des_campagnes%2C_renfermant_toutes_les_connaissances_indispensables_pour_faire_d%27excellentes_m%C3%A9nag%C3%A8res_%284e_%C3%A9d.%29%2C_1865_%28IA_b20397276%29.pdf/page1-500px-thumbnail.pdf.jpg
  [4300] 'Sauce Ponzu au Yuzu' -> https://upload.wikimedia.org/wikipedia/commons/thumb/2/2f/Example_4_Shibanuma.png/500px-Example_4_Shibanuma.png
  [4301] 'Sauce nuoc mam au gingembre' -> https://upload.wikimedia.org/wikipedia/commons/thumb/f/fb/Mei-Mei_in_1975_SF_photo_by_Nancy_Wong.jpg/500px-Mei-Mei_in_1975_SF_photo_by_Nancy_Wong.jpg
  [4303] 'Colatura de anchoas' -> https://upload.wikimedia.org/wikipedia/commons/thumb/d/d1/Risultati_ittiologici_delle_crociere_del_Violante%2C_comandato_dal_capitano-armatore_Enrico_d%27Albertis_BHL12210884.jpg/500px-Risultati_ittiologici_delle_crociere_del_Violante%2C_comandato_dal_capitano-armatore_Enrico_d%27Albertis_BHL12210884.jpg
  [commons.wikimedia.org] 429 intento 1, esperando 39s ...
  [4304] 'Salsa de pescado Nam pla' -> https://upload.wikimedia.org/wikipedia/commons/thumb/3/35/Phrik_nam_pla.jpg/500px-Phrik_nam_pla.jpg
  [4305] 'Salsa de pescado premium' -> https://upload.wikimedia.org/wikipedia/commons/thumb/a/ac/Catalog_season_1922_-_Brent%27s_premium_seeds_-_the_C.S._Brent_Seed_Co._Incorporated._%28IA_CAT31306998%29.pdf/page1-500px-Catalog_season_1922_-_Brent%27s_premium_seeds_-_the_C.S._Brent_Seed_Co._Incorporated._%28IA_CAT31306998%29.pdf.jpg
  [4307] 'Sauce poisson phu Quoc' -> https://upload.wikimedia.org/wikipedia/commons/thumb/a/ac/Fighting_Cock.jpg/500px-Fighting_Cock.jpg
  [4308] 'Salsa de pescado Pantai encurtido' -> https://upload.wikimedia.org/wikipedia/commons/thumb/5/51/Pantai_sejile.jpg/500px-Pantai_sejile.jpg
  [4309] 'Salsa de pescado con ajo Instant, Chile' -> https://upload.wikimedia.org/wikipedia/commons/thumb/4/4f/Longdan_tiger.png/500px-Longdan_tiger.png
  [4310] 'Salsa de pescado Nuoc mam' -> https://upload.wikimedia.org/wikipedia/commons/thumb/a/a6/Fish_sauce_factory%2C_Phu_Quoc.jpg/500px-Fish_sauce_factory%2C_Phu_Quoc.jpg
  [4311] 'Salsa de pescado - seasoning para asian cooking' -> https://upload.wikimedia.org/wikipedia/commons/thumb/9/93/Markets_for_U.S._soybeans_and_soybean_products_in_Asia_and_Oceania_%28IA_marketsforussoyb227spil%29.pdf/page1-500px-Markets_for_U.S._soybeans_and_soybean_products_in_Asia_and_Oceania_%28IA_marketsforussoyb227spil%29.pdf.jpg
  [4314] 'Salsa de pescado Authentic tailandés' -> https://upload.wikimedia.org/wikipedia/commons/thumb/f/fb/Thai_Fried_Rice_with_Chicken_-_Kao_Gang_%282440905796%29.jpg/500px-Thai_Fried_Rice_with_Chicken_-_Kao_Gang_%282440905796%29.jpg
  [4316] "Mermelada d'abricot" -> https://upload.wikimedia.org/wikipedia/commons/thumb/8/89/Delicia_Head_Office_and_Logistics_center_from_Matsumoto_Airport_2018.jpg/500px-Delicia_Head_Office_and_Logistics_center_from_Matsumoto_Airport_2018.jpg
  [commons.wikimedia.org] 429 intento 1, esperando 39s ...
  [4317] 'Mermelada de fresas' -> https://upload.wikimedia.org/wikipedia/commons/thumb/9/94/Frasco_de_vidrio_de_mermelada_de_fresa_artesanal_en_la_Fonda_Garufa.jpg/500px-Frasco_de_vidrio_de_mermelada_de_fresa_artesanal_en_la_Fonda_Garufa.jpg
  [4318] "Mermelada D'abricots El Baraka" -> https://upload.wikimedia.org/wikipedia/commons/thumb/4/4a/Restaurant_El_Baraka%2C_Kairouan%2C_Tunisia.JPG/500px-Restaurant_El_Baraka%2C_Kairouan%2C_Tunisia.JPG
  [4319] "Mermelada d'abricot Délicia" -> https://upload.wikimedia.org/wikipedia/commons/thumb/8/89/Delicia_Head_Office_and_Logistics_center_from_Matsumoto_Airport_2018.jpg/500px-Delicia_Head_Office_and_Logistics_center_from_Matsumoto_Airport_2018.jpg
  [4320] 'Mermelada de fresa Intense (Variedad 4320)' -> https://upload.wikimedia.org/wikipedia/commons/thumb/c/c6/Bonne_Maman_Pineapple_-_Yuzu_Spread.jpg/500px-Bonne_Maman_Pineapple_-_Yuzu_Spread.jpg
  [4321] 'Mermelada extra de fresas' -> https://upload.wikimedia.org/wikipedia/commons/thumb/c/c6/Bonne_Maman_Pineapple_-_Yuzu_Spread.jpg/500px-Bonne_Maman_Pineapple_-_Yuzu_Spread.jpg
  [4324] 'Myrtille Intense' -> https://upload.wikimedia.org/wikipedia/commons/thumb/c/c6/Bonne_Maman_Pineapple_-_Yuzu_Spread.jpg/500px-Bonne_Maman_Pineapple_-_Yuzu_Spread.jpg
  [4325] 'Mermelada de fresas allégée en sucres' -> https://upload.wikimedia.org/wikipedia/commons/thumb/3/3c/Caricature_de_L%C3%A9once_Rousset_dans_Le_Merle_blanc_du_17_avril_1920.jpg/500px-Caricature_de_L%C3%A9once_Rousset_dans_Le_Merle_blanc_du_17_avril_1920.jpg
  [4326] "Mermelada d'abricots" -> https://upload.wikimedia.org/wikipedia/commons/thumb/4/4a/Restaurant_El_Baraka%2C_Kairouan%2C_Tunisia.JPG/500px-Restaurant_El_Baraka%2C_Kairouan%2C_Tunisia.JPG
  [4328] 'Mermelada de fresas (Variedad 4328)' -> https://upload.wikimedia.org/wikipedia/commons/thumb/4/4a/Restaurant_El_Baraka%2C_Kairouan%2C_Tunisia.JPG/500px-Restaurant_El_Baraka%2C_Kairouan%2C_Tunisia.JPG
  [4329] 'Albaricoque INTENSE mermelada' -> https://upload.wikimedia.org/wikipedia/commons/thumb/c/c6/Bonne_Maman_Pineapple_-_Yuzu_Spread.jpg/500px-Bonne_Maman_Pineapple_-_Yuzu_Spread.jpg
  [commons.wikimedia.org] 429 intento 1, esperando 40s ...
  [4330] 'Confiture Framboises' -> https://upload.wikimedia.org/wikipedia/commons/thumb/c/c6/Bonne_Maman_Pineapple_-_Yuzu_Spread.jpg/500px-Bonne_Maman_Pineapple_-_Yuzu_Spread.jpg
  [4331] 'Fresa -30% de sucres mermelada' -> https://upload.wikimedia.org/wikipedia/commons/thumb/9/94/Frasco_de_vidrio_de_mermelada_de_fresa_artesanal_en_la_Fonda_Garufa.jpg/500px-Frasco_de_vidrio_de_mermelada_de_fresa_artesanal_en_la_Fonda_Garufa.jpg
  [4332] 'Mermelada (Variedad 4332)' -> https://upload.wikimedia.org/wikipedia/commons/thumb/4/4a/Restaurant_El_Baraka%2C_Kairouan%2C_Tunisia.JPG/500px-Restaurant_El_Baraka%2C_Kairouan%2C_Tunisia.JPG
  [4333] 'Mermelada de myrtille 70%' -> https://upload.wikimedia.org/wikipedia/commons/thumb/3/3c/Caricature_de_L%C3%A9once_Rousset_dans_Le_Merle_blanc_du_17_avril_1920.jpg/500px-Caricature_de_L%C3%A9once_Rousset_dans_Le_Merle_blanc_du_17_avril_1920.jpg
  [4334] 'Konfitura Morelowa 240g*EL Baraka*' -> https://upload.wikimedia.org/wikipedia/commons/thumb/8/84/Al_Baraka_Bank_Egypt.jpg/500px-Al_Baraka_Bank_Egypt.jpg
  [4335] 'Mermelada frutas rouges intenses' -> https://upload.wikimedia.org/wikipedia/commons/thumb/c/c6/Bonne_Maman_Pineapple_-_Yuzu_Spread.jpg/500px-Bonne_Maman_Pineapple_-_Yuzu_Spread.jpg
  [4336] "Mermelada D'abricots extra aïcha" -> https://upload.wikimedia.org/wikipedia/commons/thumb/5/58/A%C3%AFcha_Chenna_2016.jpg/500px-A%C3%AFcha_Chenna_2016.jpg
  [4337] 'Confiture Abricots' -> https://upload.wikimedia.org/wikipedia/commons/thumb/c/c6/Bonne_Maman_Pineapple_-_Yuzu_Spread.jpg/500px-Bonne_Maman_Pineapple_-_Yuzu_Spread.jpg
  [4338] 'Mermelada de frambuesa 70% (Variedad 4338)' -> https://upload.wikimedia.org/wikipedia/commons/thumb/3/3c/Caricature_de_L%C3%A9once_Rousset_dans_Le_Merle_blanc_du_17_avril_1920.jpg/500px-Caricature_de_L%C3%A9once_Rousset_dans_Le_Merle_blanc_du_17_avril_1920.jpg
  [4339] 'Doce Extra Fresa Morango' -> https://upload.wikimedia.org/wikipedia/commons/thumb/e/ef/Maribel_Wisconsin_Fire_Department.jpg/500px-Maribel_Wisconsin_Fire_Department.jpg
  [4340] 'Mermelada extra de Myrtilles' -> https://upload.wikimedia.org/wikipedia/commons/thumb/c/c6/Bonne_Maman_Pineapple_-_Yuzu_Spread.jpg/500px-Bonne_Maman_Pineapple_-_Yuzu_Spread.jpg
  [commons.wikimedia.org] 429 intento 1, esperando 39s ...
  [4343] 'Mermelada clémentines y oranges de Corse' -> https://upload.wikimedia.org/wikipedia/commons/thumb/0/03/Court_-_De_l%E2%80%99empoisonnement_par_le_tabac_et_de_son_traitement_chez_nos_animaux_domestiques.djvu/page1-500px-Court_-_De_l%E2%80%99empoisonnement_par_le_tabac_et_de_son_traitement_chez_nos_animaux_domestiques.djvu.jpg
  [4345] 'Mermelada extra myrtille' -> https://upload.wikimedia.org/wikipedia/commons/thumb/9/94/Pav%C3%A9_Bio_Carrefour_-_1.jpg/500px-Pav%C3%A9_Bio_Carrefour_-_1.jpg
  [4346] 'Fresas mermelada' -> https://upload.wikimedia.org/wikipedia/commons/thumb/9/94/Frasco_de_vidrio_de_mermelada_de_fresa_artesanal_en_la_Fonda_Garufa.jpg/500px-Frasco_de_vidrio_de_mermelada_de_fresa_artesanal_en_la_Fonda_Garufa.jpg
  [4347] 'Confiture 4 agrumes' -> https://upload.wikimedia.org/wikipedia/commons/thumb/3/3c/Caricature_de_L%C3%A9once_Rousset_dans_Le_Merle_blanc_du_17_avril_1920.jpg/500px-Caricature_de_L%C3%A9once_Rousset_dans_Le_Merle_blanc_du_17_avril_1920.jpg
  [4348] 'Fresas allégée en sucres mermelada' -> https://upload.wikimedia.org/wikipedia/commons/thumb/e/ef/Maribel_Wisconsin_Fire_Department.jpg/500px-Maribel_Wisconsin_Fire_Department.jpg
  [4349] 'Confiture Cerise INTENSE' -> https://upload.wikimedia.org/wikipedia/commons/thumb/c/c6/Bonne_Maman_Pineapple_-_Yuzu_Spread.jpg/500px-Bonne_Maman_Pineapple_-_Yuzu_Spread.jpg
  [4350] 'Mermelada de figues violettes (Variedad 4350)' -> https://upload.wikimedia.org/wikipedia/commons/thumb/c/c6/Bonne_Maman_Pineapple_-_Yuzu_Spread.jpg/500px-Bonne_Maman_Pineapple_-_Yuzu_Spread.jpg
  [commons.wikimedia.org] 429 intento 1, esperando 39s ...
  [4352] 'Frambuesa fruta spread' -> https://upload.wikimedia.org/wikipedia/commons/thumb/8/8e/Trumbull_%26_Beebe%27s_illustrated_catalogue_and_price_list_of_fruit_trees%2C_roses%2C_palms%2C_currants%2C_gooseberries%2C_blackberries%2C_raspberries%2C_strawberries%2C_etc.%2C_1900_%28IA_CAT31284940%29.pdf/page1-500px-thumbnail.pdf.jpg
  [4354] 'Confiture châtaigne' -> https://upload.wikimedia.org/wikipedia/commons/thumb/c/c6/Bonne_Maman_Pineapple_-_Yuzu_Spread.jpg/500px-Bonne_Maman_Pineapple_-_Yuzu_Spread.jpg
  [4357] "Mermelada d'abricots allégée en sucres" -> https://upload.wikimedia.org/wikipedia/commons/thumb/e/ef/Maribel_Wisconsin_Fire_Department.jpg/500px-Maribel_Wisconsin_Fire_Department.jpg
  [4358] 'marmelade bonne maman oranges amères' -> https://upload.wikimedia.org/wikipedia/commons/thumb/c/c6/Bonne_Maman_Pineapple_-_Yuzu_Spread.jpg/500px-Bonne_Maman_Pineapple_-_Yuzu_Spread.jpg
  [4359] 'Mermelada extra frambuesa (Variedad 4359)' -> https://upload.wikimedia.org/wikipedia/commons/thumb/9/94/Pav%C3%A9_Bio_Carrefour_-_1.jpg/500px-Pav%C3%A9_Bio_Carrefour_-_1.jpg
  [4361] 'Mermelada Bonne Maman - Mirabelle ciruela, 370g (13oz)' -> https://upload.wikimedia.org/wikipedia/commons/thumb/c/c6/Bonne_Maman_Pineapple_-_Yuzu_Spread.jpg/500px-Bonne_Maman_Pineapple_-_Yuzu_Spread.jpg
  [4363] 'Mermelada bonne maman 4 frutas' -> https://upload.wikimedia.org/wikipedia/commons/thumb/c/c6/Bonne_Maman_Pineapple_-_Yuzu_Spread.jpg/500px-Bonne_Maman_Pineapple_-_Yuzu_Spread.jpg
  [commons.wikimedia.org] 429 intento 1, esperando 38s ...
  [4364] 'Compotée fruits rouges' -> https://upload.wikimedia.org/wikipedia/commons/thumb/c/c6/Bonne_Maman_Pineapple_-_Yuzu_Spread.jpg/500px-Bonne_Maman_Pineapple_-_Yuzu_Spread.jpg
  [4365] "Mermelada d'abricots rouges de Roussillon" -> https://upload.wikimedia.org/wikipedia/commons/thumb/3/37/Flat_-_Nos_femmes_de_lettres.djvu/page1-500px-Flat_-_Nos_femmes_de_lettres.djvu.jpg
  [4367] 'Naranja amère, Mermelada moins sucrée intense' -> https://upload.wikimedia.org/wikipedia/commons/thumb/c/c6/Bonne_Maman_Pineapple_-_Yuzu_Spread.jpg/500px-Bonne_Maman_Pineapple_-_Yuzu_Spread.jpg
  [4368] 'Fresa 65% de frutas mermelada' -> https://upload.wikimedia.org/wikipedia/commons/thumb/4/4d/Periodic_table_large.svg/500px-Periodic_table_large.svg.png
  [4369] 'Fruits rouges' -> https://upload.wikimedia.org/wikipedia/commons/thumb/e/ef/Maribel_Wisconsin_Fire_Department.jpg/500px-Maribel_Wisconsin_Fire_Department.jpg
  [4372] "Mermelada d'abricots con azúcar de canne" -> https://upload.wikimedia.org/wikipedia/commons/thumb/9/94/Pav%C3%A9_Bio_Carrefour_-_1.jpg/500px-Pav%C3%A9_Bio_Carrefour_-_1.jpg
  [4373] 'Mermelada extra de fresas ALLEGEE 50% frutas' -> https://upload.wikimedia.org/wikipedia/commons/5/5a/Paquito_Alc%C3%A1cer.jpg
  [4375] 'Mermelada kissan mixed fruta' -> https://upload.wikimedia.org/wikipedia/commons/thumb/c/c1/Kissan_with_curret_snake.jpg/500px-Kissan_with_curret_snake.jpg
  [commons.wikimedia.org] 429 intento 1, esperando 39s ...
  [4377] 'MYRTILLE' -> https://upload.wikimedia.org/wikipedia/commons/thumb/d/d4/Myrtille_Vaccinium_myrtillus.jpg/500px-Myrtille_Vaccinium_myrtillus.jpg
  [4379] 'Mermelada Bonne Maman - francés fresa y Wild fresa, 370g (13oz)' -> https://upload.wikimedia.org/wikipedia/commons/thumb/c/c6/Bonne_Maman_Pineapple_-_Yuzu_Spread.jpg/500px-Bonne_Maman_Pineapple_-_Yuzu_Spread.jpg
  [4381] 'Mermelada myrtille y cassis intenses' -> https://upload.wikimedia.org/wikipedia/commons/thumb/c/c6/Bonne_Maman_Pineapple_-_Yuzu_Spread.jpg/500px-Bonne_Maman_Pineapple_-_Yuzu_Spread.jpg
  [4382] 'Mermelada 4 frutas rouges' -> https://upload.wikimedia.org/wikipedia/commons/thumb/0/02/Carrefour_55-o.art.pub-carrefour-02.jpg/500px-Carrefour_55-o.art.pub-carrefour-02.jpg
  [4383] 'Mermelada de mango (Variedad 4383)' -> https://upload.wikimedia.org/wikipedia/commons/thumb/3/3c/Caricature_de_L%C3%A9once_Rousset_dans_Le_Merle_blanc_du_17_avril_1920.jpg/500px-Caricature_de_L%C3%A9once_Rousset_dans_Le_Merle_blanc_du_17_avril_1920.jpg
  [4384] 'Mermelada Bonne Maman cerezas Griottes' -> https://upload.wikimedia.org/wikipedia/commons/thumb/c/c6/Bonne_Maman_Pineapple_-_Yuzu_Spread.jpg/500px-Bonne_Maman_Pineapple_-_Yuzu_Spread.jpg
  [4385] 'Mermelada de fresas ecológico' -> https://upload.wikimedia.org/wikipedia/commons/thumb/e/ed/Palais_des_Comtes_de_provence_%28Brignoles%29.JPG/500px-Palais_des_Comtes_de_provence_%28Brignoles%29.JPG
  [4388] 'Mermelada frambuesa (Variedad 4388)' -> https://upload.wikimedia.org/wikipedia/commons/thumb/7/7d/Andros_town.JPG/500px-Andros_town.JPG
  [commons.wikimedia.org] 429 intento 1, esperando 35s ...
  [4389] 'Mermelada, 70% de cerise (Variedad 4389)' -> https://upload.wikimedia.org/wikipedia/commons/thumb/3/3c/Caricature_de_L%C3%A9once_Rousset_dans_Le_Merle_blanc_du_17_avril_1920.jpg/500px-Caricature_de_L%C3%A9once_Rousset_dans_Le_Merle_blanc_du_17_avril_1920.jpg
  [4390] 'Mermelada de Pêches' -> https://upload.wikimedia.org/wikipedia/commons/thumb/c/c6/Bonne_Maman_Pineapple_-_Yuzu_Spread.jpg/500px-Bonne_Maman_Pineapple_-_Yuzu_Spread.jpg
  [4391] 'Confiture Figue INTENSE' -> https://upload.wikimedia.org/wikipedia/commons/thumb/c/c6/Bonne_Maman_Pineapple_-_Yuzu_Spread.jpg/500px-Bonne_Maman_Pineapple_-_Yuzu_Spread.jpg
  [4392] 'Mermelada extra de frambuesa imp Jardin ecológico (Variedad 4392)' -> https://upload.wikimedia.org/wikipedia/commons/thumb/6/68/Doe_Lea_Nature_Reserve_Entrance_-_geograph.org.uk_-_675461.jpg/500px-Doe_Lea_Nature_Reserve_Entrance_-_geograph.org.uk_-_675461.jpg
  [4394] 'Mermelada Mixed fruta' -> https://upload.wikimedia.org/wikipedia/commons/thumb/c/c1/Kissan_with_curret_snake.jpg/500px-Kissan_with_curret_snake.jpg
  [4395] 'Mermelada frambuesa 65% de frutas (Variedad 4395)' -> https://upload.wikimedia.org/wikipedia/commons/thumb/4/4d/Periodic_table_large.svg/500px-Periodic_table_large.svg.png
  [4396] 'Mermelada de fresa allégée pot de (Variedad 4396)' -> https://upload.wikimedia.org/wikipedia/commons/thumb/4/4d/Periodic_table_large.svg/500px-Periodic_table_large.svg.png
  [4397] 'Fresa mermelada' -> https://upload.wikimedia.org/wikipedia/commons/thumb/9/94/Frasco_de_vidrio_de_mermelada_de_fresa_artesanal_en_la_Fonda_Garufa.jpg/500px-Frasco_de_vidrio_de_mermelada_de_fresa_artesanal_en_la_Fonda_Garufa.jpg
  [commons.wikimedia.org] 429 intento 1, esperando 39s ...
  [4400] 'Confiture myrtilles' -> https://upload.wikimedia.org/wikipedia/commons/thumb/7/7d/Andros_town.JPG/500px-Andros_town.JPG
  [4401] 'Mermelada cerezas noires' -> https://upload.wikimedia.org/wikipedia/commons/thumb/c/c6/Bonne_Maman_Pineapple_-_Yuzu_Spread.jpg/500px-Bonne_Maman_Pineapple_-_Yuzu_Spread.jpg
  [4402] 'Mermelada extra ecológico Myrtilles' -> https://upload.wikimedia.org/wikipedia/commons/thumb/e/ef/Maribel_Wisconsin_Fire_Department.jpg/500px-Maribel_Wisconsin_Fire_Department.jpg
  [4404] 'Fresa mermelada extra' -> https://upload.wikimedia.org/wikipedia/commons/thumb/d/dd/Annales_du_Jardin_botanique_de_Buitenzorg._%28IA_mobot31753002207774%29.pdf/page1-500px-Annales_du_Jardin_botanique_de_Buitenzorg._%28IA_mobot31753002207774%29.pdf.jpg
  [4405] 'Conservas Les Comtes de Provence - albaricoque, 350g (12.3oz) Jar' -> https://upload.wikimedia.org/wikipedia/commons/thumb/e/ed/Palais_des_Comtes_de_provence_%28Brignoles%29.JPG/500px-Palais_des_Comtes_de_provence_%28Brignoles%29.JPG
  [commons.wikimedia.org] 429 intento 1, esperando 39s ...
  [4407] 'Confiture figues' -> https://upload.wikimedia.org/wikipedia/commons/thumb/c/c8/C%C3%B4tes_d%27agneau_de_Sisteron_%C3%A0_la_confiture_de_figues_et_%C3%A9cas%C3%A9_de_pommes_de_terre_au_basilic_et_aux_truffes.jpg/500px-C%C3%B4tes_d%27agneau_de_Sisteron_%C3%A0_la_confiture_de_figues_et_%C3%A9cas%C3%A9_de_pommes_de_terre_au_basilic_et_aux_truffes.jpg
  [4409] 'Albaricoque 65% de fruta' -> https://upload.wikimedia.org/wikipedia/commons/thumb/9/94/Pav%C3%A9_Bio_Carrefour_-_1.jpg/500px-Pav%C3%A9_Bio_Carrefour_-_1.jpg
  [4410] 'Mermelada Myrtilles y Cassis' -> https://upload.wikimedia.org/wikipedia/commons/thumb/c/c6/Bonne_Maman_Pineapple_-_Yuzu_Spread.jpg/500px-Bonne_Maman_Pineapple_-_Yuzu_Spread.jpg
  [4411] 'confiture mures' -> https://upload.wikimedia.org/wikipedia/commons/thumb/c/c6/Bonne_Maman_Pineapple_-_Yuzu_Spread.jpg/500px-Bonne_Maman_Pineapple_-_Yuzu_Spread.jpg
  [4412] 'Fresa Bonne Maman fresa y Wild' -> https://upload.wikimedia.org/wikipedia/commons/thumb/c/c6/Bonne_Maman_Pineapple_-_Yuzu_Spread.jpg/500px-Bonne_Maman_Pineapple_-_Yuzu_Spread.jpg
  [4414] 'Melocotón intense mermelada' -> https://upload.wikimedia.org/wikipedia/commons/thumb/c/c6/Bonne_Maman_Pineapple_-_Yuzu_Spread.jpg/500px-Bonne_Maman_Pineapple_-_Yuzu_Spread.jpg
  [4415] 'Mermelada de myrtille' -> https://upload.wikimedia.org/wikipedia/commons/b/b3/Plateada_con_pure_de_papas_rustico.jpg
  [4416] 'Mermelada de frambuesa (Variedad 4416)' -> https://upload.wikimedia.org/wikipedia/commons/thumb/4/4a/Restaurant_El_Baraka%2C_Kairouan%2C_Tunisia.JPG/500px-Restaurant_El_Baraka%2C_Kairouan%2C_Tunisia.JPG
  [commons.wikimedia.org] 429 intento 1, esperando 40s ...
  [4417] 'Mermelada allégée frambuesa' -> https://upload.wikimedia.org/wikipedia/commons/5/5a/Paquito_Alc%C3%A1cer.jpg
  [4419] 'Mermelada de figues (Variedad 4419)' -> https://upload.wikimedia.org/wikipedia/commons/thumb/3/3c/Caricature_de_L%C3%A9once_Rousset_dans_Le_Merle_blanc_du_17_avril_1920.jpg/500px-Caricature_de_L%C3%A9once_Rousset_dans_Le_Merle_blanc_du_17_avril_1920.jpg
  [4420] 'Albaricoque 65% de frutas mermelada' -> https://upload.wikimedia.org/wikipedia/commons/thumb/4/4d/Periodic_table_large.svg/500px-Periodic_table_large.svg.png
  [4421] 'Mermelada extra FIGUE (Variedad 4421)' -> https://upload.wikimedia.org/wikipedia/commons/thumb/9/94/Pav%C3%A9_Bio_Carrefour_-_1.jpg/500px-Pav%C3%A9_Bio_Carrefour_-_1.jpg
  [4422] "Marmelade d'oranges🍊 allégée en sucres" -> https://upload.wikimedia.org/wikipedia/commons/thumb/7/7d/Andros_town.JPG/500px-Andros_town.JPG
  [4423] 'Mermelada myrtille 65% de frutas' -> https://upload.wikimedia.org/wikipedia/commons/thumb/4/4d/Periodic_table_large.svg/500px-Periodic_table_large.svg.png
  [4424] 'Confiture myrtille sauvage' -> https://upload.wikimedia.org/wikipedia/commons/thumb/d/dd/Annales_du_Jardin_botanique_de_Buitenzorg._%28IA_mobot31753002207774%29.pdf/page1-500px-Annales_du_Jardin_botanique_de_Buitenzorg._%28IA_mobot31753002207774%29.pdf.jpg
  [4425] 'Mermelada de myrtilles ecológico' -> https://upload.wikimedia.org/wikipedia/commons/thumb/e/ef/Maribel_Wisconsin_Fire_Department.jpg/500px-Maribel_Wisconsin_Fire_Department.jpg
  [4427] 'Albaricoque goût de frutas (Variedad 4427)' -> https://upload.wikimedia.org/wikipedia/commons/thumb/c/c6/Tamara_Moyzes.png/500px-Tamara_Moyzes.png
  [4428] 'Myrtille 65% de fruta' -> https://upload.wikimedia.org/wikipedia/commons/thumb/9/94/Pav%C3%A9_Bio_Carrefour_-_1.jpg/500px-Pav%C3%A9_Bio_Carrefour_-_1.jpg
  [commons.wikimedia.org] 429 intento 1, esperando 40s ...
  [4429] 'Mermelada de Myrtille ecológico' -> https://upload.wikimedia.org/wikipedia/commons/thumb/e/ed/Palais_des_Comtes_de_provence_%28Brignoles%29.JPG/500px-Palais_des_Comtes_de_provence_%28Brignoles%29.JPG
  [4430] 'Mermelada extra Abricots' -> https://upload.wikimedia.org/wikipedia/commons/thumb/c/c6/Bonne_Maman_Pineapple_-_Yuzu_Spread.jpg/500px-Bonne_Maman_Pineapple_-_Yuzu_Spread.jpg
  [4432] 'Mermelada extra Oranges de Corse y Clémentines' -> https://upload.wikimedia.org/wikipedia/commons/thumb/c/cc/Mercure_de_France%2C_1895%2C_v._13-14.pdf/page1-500px-Mercure_de_France%2C_1895%2C_v._13-14.pdf.jpg
  [4433] "Mermelada d'orange EL BARAKA" -> https://upload.wikimedia.org/wikipedia/commons/thumb/4/4a/Restaurant_El_Baraka%2C_Kairouan%2C_Tunisia.JPG/500px-Restaurant_El_Baraka%2C_Kairouan%2C_Tunisia.JPG
  [4434] 'Naranja ecológico mermelada' -> https://upload.wikimedia.org/wikipedia/commons/thumb/9/94/Pav%C3%A9_Bio_Carrefour_-_1.jpg/500px-Pav%C3%A9_Bio_Carrefour_-_1.jpg
  [4435] "Marmelade d'oranges ALLEGEE 35% frutas" -> https://upload.wikimedia.org/wikipedia/commons/5/5a/Paquito_Alc%C3%A1cer.jpg
  [4436] "% frutas Specialité d\\'orange" -> https://upload.wikimedia.org/wikipedia/commons/thumb/b/bb/Cath%C3%A9drale_Saint-Corentin_de_Quimper_%28Fl%C3%A8che_sud_vue_des_jardins%29.jpg/500px-Cath%C3%A9drale_Saint-Corentin_de_Quimper_%28Fl%C3%A8che_sud_vue_des_jardins%29.jpg
  [4437] "Mermelada de clémentine y d'orange récoltées en Corse pot de (Variedad 4437)" -> https://upload.wikimedia.org/wikipedia/commons/thumb/3/37/Flat_-_Nos_femmes_de_lettres.djvu/page1-500px-Flat_-_Nos_femmes_de_lettres.djvu.jpg
  [4438] 'Limón mermelada naranja' -> https://upload.wikimedia.org/wikipedia/commons/5/5a/Paquito_Alc%C3%A1cer.jpg
  [4439] "Marmelade d'oranges 40% frutas - ecológico" -> https://upload.wikimedia.org/wikipedia/commons/5/5a/Paquito_Alc%C3%A1cer.jpg
  [commons.wikimedia.org] 429 intento 1, esperando 39s ...
  [4440] 'Conservas fruta frutas' -> https://upload.wikimedia.org/wikipedia/commons/thumb/c/c6/Bonne_Maman_Pineapple_-_Yuzu_Spread.jpg/500px-Bonne_Maman_Pineapple_-_Yuzu_Spread.jpg
  [4441] 'Confitures Oranges amères' -> https://upload.wikimedia.org/wikipedia/commons/thumb/b/b1/Le_R%C3%A8gne_v%C3%A9g%C3%A9tal%3B_divis%C3%A9_en%2C_Trait%C3%A9_de_botanique%2C_Flore_m%C3%A9dicale%2C_usuelle_et_industrielle%2C_Horticulture_th%C3%A9orique_et_pratique%2C_Plantes_agricoles_et_foresti%C3%A8res_%28IA_lergnevgta06rv%29.pdf/page1-500px-thumbnail.pdf.jpg
  [4443] 'Mermelada Taste Difference Bitter Seville naranja' -> https://upload.wikimedia.org/wikipedia/commons/thumb/3/3d/Sainsbury%27s_Taste_The_Difference_Pigs_%284526154618%29.jpg/500px-Sainsbury%27s_Taste_The_Difference_Pigs_%284526154618%29.jpg
  [4444] 'Mermelada clémentine Corse extra (Variedad 4444)' -> https://upload.wikimedia.org/wikipedia/commons/thumb/3/36/Saint-Girons_-_Biocoop_-_20110307_%282%29.jpg/500px-Saint-Girons_-_Biocoop_-_20110307_%282%29.jpg
  [4445] "Mermelada con l'orange (Variedad 4445)" -> https://upload.wikimedia.org/wikipedia/commons/thumb/0/02/Carrefour_55-o.art.pub-carrefour-02.jpg/500px-Carrefour_55-o.art.pub-carrefour-02.jpg
  [4446] "Limón y lime Rose's (Variedad 4446)" -> https://upload.wikimedia.org/wikipedia/commons/thumb/4/40/Almanac_and_garden_manual_for_the_southern_states_of_the_J._Steckler_Seed_Co.%2C_Ltd_%28IA_CAT31295213%29.pdf/page1-500px-Almanac_and_garden_manual_for_the_southern_states_of_the_J._Steckler_Seed_Co.%2C_Ltd_%28IA_CAT31295213%29.pdf.jpg
  [4447] "Marmelade d'oranges 28% frutas" -> https://upload.wikimedia.org/wikipedia/commons/5/5a/Paquito_Alc%C3%A1cer.jpg
  [4448] "Marmelade D'oranges y de Mandarines con écorce Fine" -> https://upload.wikimedia.org/wikipedia/commons/thumb/a/ac/Wilkin_Jam_Company%2C_Tiptree%2C_Essex_-_geograph.org.uk_-_2016706.jpg/500px-Wilkin_Jam_Company%2C_Tiptree%2C_Essex_-_geograph.org.uk_-_2016706.jpg
  [4449] 'Marmelade Oranges' -> https://upload.wikimedia.org/wikipedia/commons/thumb/3/39/Tulpe_%27Orange_Marmelade%27_im_botanischen_Garten_in_M%C3%BCnchen_01.jpg/500px-Tulpe_%27Orange_Marmelade%27_im_botanischen_Garten_in_M%C3%BCnchen_01.jpg
  [commons.wikimedia.org] 429 intento 1, esperando 40s ...
  [4450] 'Marmelade weniger Zucker' -> https://upload.wikimedia.org/wikipedia/commons/thumb/3/35/Bad-Schwartau_Brunnen_Im-Spiel-der-Wellen_Gesamtansicht.JPG/500px-Bad-Schwartau_Brunnen_Im-Spiel-der-Wellen_Gesamtansicht.JPG
  [4453] "Marmelade d'orange (Variedad 4453)" -> https://upload.wikimedia.org/wikipedia/commons/thumb/4/4d/Periodic_table_large.svg/500px-Periodic_table_large.svg.png
  [4454] "Marmelade d'orange allégée pot de (Variedad 4454)" -> https://upload.wikimedia.org/wikipedia/commons/thumb/4/4d/Periodic_table_large.svg/500px-Periodic_table_large.svg.png
  [4455] 'Mermelada Dundee naranja' -> https://upload.wikimedia.org/wikipedia/commons/thumb/1/19/Dundee_Directory_%28IA_dundeedirectory187475prin%29.pdf/page1-500px-Dundee_Directory_%28IA_dundeedirectory187475prin%29.pdf.jpg
  [4456] 'Schwarzkirsche Zero Zucker' -> https://upload.wikimedia.org/wikipedia/commons/thumb/3/35/Bad-Schwartau_Brunnen_Im-Spiel-der-Wellen_Gesamtansicht.JPG/500px-Bad-Schwartau_Brunnen_Im-Spiel-der-Wellen_Gesamtansicht.JPG
  [4457] 'Mermelada de citrons' -> https://upload.wikimedia.org/wikipedia/commons/thumb/4/4a/Restaurant_El_Baraka%2C_Kairouan%2C_Tunisia.JPG/500px-Restaurant_El_Baraka%2C_Kairouan%2C_Tunisia.JPG
  [4458] 'Naranja Bonne Maman mermelada Marmelade' -> https://upload.wikimedia.org/wikipedia/commons/thumb/c/c6/Bonne_Maman_Pineapple_-_Yuzu_Spread.jpg/500px-Bonne_Maman_Pineapple_-_Yuzu_Spread.jpg
  [commons.wikimedia.org] 429 intento 1, esperando 40s ...
  [4459] 'Jengibre cristalizado en chocolate negro (Variedad 4459)' -> https://upload.wikimedia.org/wikipedia/commons/thumb/9/98/%282014-11-22%29_Caf%C3%A9_do_lado_-_Mar%C3%ADlia_-_Chocolove_Romerito_Pontes_%2815684383317%29.jpg/500px-%282014-11-22%29_Caf%C3%A9_do_lado_-_Mar%C3%ADlia_-_Chocolove_Romerito_Pontes_%2815684383317%29.jpg
  [4460] 'Citrons Confits' -> https://upload.wikimedia.org/wikipedia/commons/3/35/Samia_%28Girl_from_Samos%29_Mytilene_3cAD.jpg
  [4461] 'Zenzero a cubetti disidratato' -> https://upload.wikimedia.org/wikipedia/commons/thumb/a/a4/Alesto_-_Died_Plums_02.jpg/500px-Alesto_-_Died_Plums_02.jpg
  [4462] "Écorces d'oranges confites🍊" -> https://upload.wikimedia.org/wikipedia/commons/thumb/7/75/La_Vahin%C3%A9_%282012%29.jpg/500px-La_Vahin%C3%A9_%282012%29.jpg
  [4463] 'Citrons Confits Façon Beldi' -> https://upload.wikimedia.org/wikipedia/commons/thumb/2/23/Zola_-_La_fortune_des_Rougon%2C_1893.djvu/page1-500px-Zola_-_La_fortune_des_Rougon%2C_1893.djvu.jpg
  [4464] 'Macedoine de frutas CONFITS' -> https://upload.wikimedia.org/wikipedia/commons/thumb/0/0a/Cistus_albidus_in_Sainte_Lucie_Island.jpg/500px-Cistus_albidus_in_Sainte_Lucie_Island.jpg
  [4465] 'Fruits Confits assortis' -> https://upload.wikimedia.org/wikipedia/commons/thumb/7/75/La_Vahin%C3%A9_%282012%29.jpg/500px-La_Vahin%C3%A9_%282012%29.jpg
  [4466] 'Papayes et Ananas séchés et sucrés' -> https://upload.wikimedia.org/wikipedia/commons/thumb/b/b4/The_Sun_by_the_Atmospheric_Imaging_Assembly_of_NASA%27s_Solar_Dynamics_Observatory_-_20100819.jpg/500px-The_Sun_by_the_Atmospheric_Imaging_Assembly_of_NASA%27s_Solar_Dynamics_Observatory_-_20100819.jpg
  [4467] 'citron beldi confits' -> https://upload.wikimedia.org/wikipedia/commons/6/68/Citron_beldi.jpg
  [4468] 'Citron confit' -> https://upload.wikimedia.org/wikipedia/commons/thumb/5/5f/Confit_de_vin%2C_cr%C3%A8me_de_citron%2C_olives%2C_fromage_et_confit.jpg/500px-Confit_de_vin%2C_cr%C3%A8me_de_citron%2C_olives%2C_fromage_et_confit.jpg
  [commons.wikimedia.org] 429 intento 1, esperando 39s ...
  [4469] 'Tranches de citrons confits' -> https://upload.wikimedia.org/wikipedia/commons/thumb/e/ea/L%27art_du_confiseur%2C_ou%2C_Mani%C3%A8re_simple_et_facile_de_faire_toutes_sortes_de_confitures_au_four_et_%C3%A0_la_po%C3%ABle%2C_drag%C3%A9es%2C_pastilles%2C_fruits_confits%2C_gel%C3%A9es%2C_fruits_%C3%A0_l%27eau-de-vie_%28IA_lartduconfiseuro00frie%29.pdf/page1-500px-thumbnail.pdf.jpg
  [4470] 'Préparation pour sandwich lieu, Zanahorias y limón confit' -> https://upload.wikimedia.org/wikipedia/commons/thumb/6/69/La_Belle-Iloise.JPG/500px-La_Belle-Iloise.JPG
  [4471] 'Citrons confits Beldi entiers' -> https://upload.wikimedia.org/wikipedia/commons/thumb/e/e4/Albert_Harris_-_Coconut_shy_B.jpg/500px-Albert_Harris_-_Coconut_shy_B.jpg
  [4476] 'Fresa fruta Minis' -> https://upload.wikimedia.org/wikipedia/commons/thumb/3/3d/Polar_Bear_AdF.jpg/500px-Polar_Bear_AdF.jpg
  [4477] 'Limón confit con sal' -> https://upload.wikimedia.org/wikipedia/commons/thumb/8/89/Assortiment_olives_de_provence.jpg/500px-Assortiment_olives_de_provence.jpg
  [commons.wikimedia.org] 429 intento 1, esperando 40s ...
  [4480] 'Écorces de limón confits (Variedad 4480)' -> https://upload.wikimedia.org/wikipedia/commons/thumb/0/0a/Cistus_albidus_in_Sainte_Lucie_Island.jpg/500px-Cistus_albidus_in_Sainte_Lucie_Island.jpg
  [4482] 'Macédoine fruits confits' -> https://upload.wikimedia.org/wikipedia/commons/thumb/b/bc/Conserves_de_fruits_et_l%C3%A9gumes_-_en_bocaux%2C_s%C3%A9ch%C3%A9s%2C_en_cave._%28IA_conservesdefruit32mcin%29.pdf/page1-500px-Conserves_de_fruits_et_l%C3%A9gumes_-_en_bocaux%2C_s%C3%A9ch%C3%A9s%2C_en_cave._%28IA_conservesdefruit32mcin%29.pdf.jpg
  [4483] "Écorces d'orange Confites" -> https://upload.wikimedia.org/wikipedia/commons/thumb/7/75/La_Vahin%C3%A9_%282012%29.jpg/500px-La_Vahin%C3%A9_%282012%29.jpg
  [4484] 'Alcaparras en salmuera' -> https://upload.wikimedia.org/wikipedia/commons/thumb/a/a5/J._Sainsbury%27s_supermarket_Camden_Road%2C_London.jpg/500px-J._Sainsbury%27s_supermarket_Camden_Road%2C_London.jpg
  [4485] 'Alcaparras en vinagre' -> https://upload.wikimedia.org/wikipedia/commons/thumb/7/72/Mackerel_with_pickles_and_mullet_roe_-_Mackerel_sauce_with_white_wine%2C_lemon%2C_capers_and_chilies_in_vinegar%2C_fried_tomato%2C_mullet_roe%2C_mackerel_marinated_in_sugar_and_salt._Mackerel_infusion_%2815250555084%29.jpg/500px-thumbnail.jpg
  [4486] 'Agua alcaparras en salada (Variedad 4486)' -> https://upload.wikimedia.org/wikipedia/commons/thumb/4/4d/The_game_birds_and_wild_fowl_of_Sweden_and_Norway%3B_with_an_account_of_the_seals_and_salt-water_fishes_of_those_countries_.._%28IA_gamebirdswildfow00lloy%29.pdf/page1-500px-The_game_birds_and_wild_fowl_of_Sweden_and_Norway%3B_with_an_account_of_the_seals_and_salt-water_fishes_of_those_countries_.._%28IA_gamebirdswildfow00lloy%29.pdf.jpg
  [4488] 'Capperi al sale marino' -> https://upload.wikimedia.org/wikipedia/commons/thumb/f/fe/Spacio_Conad_%282%29.jpg/500px-Spacio_Conad_%282%29.jpg
  [commons.wikimedia.org] 429 intento 1, esperando 39s ...
  [4489] 'Alcaparras en salmuera Non Pareilles' -> https://upload.wikimedia.org/wikipedia/commons/thumb/a/a5/J._Sainsbury%27s_supermarket_Camden_Road%2C_London.jpg/500px-J._Sainsbury%27s_supermarket_Camden_Road%2C_London.jpg
  [4490] 'Capperi aromatizzati con vinagre de vino (Variedad 4490)' -> https://upload.wikimedia.org/wikipedia/commons/thumb/3/33/Milano_-_supermercato_Esselunga_di_via_Losanna.jpg/500px-Milano_-_supermercato_Esselunga_di_via_Losanna.jpg
  [4491] 'Kapern in mediterranem Meersalz' -> https://upload.wikimedia.org/wikipedia/commons/thumb/d/da/Feinkost_Dittmann_Gute_Laune_Sauce.jpg/500px-Feinkost_Dittmann_Gute_Laune_Sauce.jpg
  [4494] 'Kapern in Meersalz. Capucines' -> https://upload.wikimedia.org/wikipedia/commons/thumb/7/78/Ibero%2C_kartela.jpg/500px-Ibero%2C_kartela.jpg
  [4495] 'Capperi medi en vinagre de vino (Variedad 4495)' -> https://upload.wikimedia.org/wikipedia/commons/thumb/c/c9/Neri_di_Bicci_San_Sisto.jpg/500px-Neri_di_Bicci_San_Sisto.jpg
  [4496] 'Capperi en aceite' -> https://upload.wikimedia.org/wikipedia/commons/thumb/c/c9/Neri_di_Bicci_San_Sisto.jpg/500px-Neri_di_Bicci_San_Sisto.jpg
  [4497] 'Kapern in Weinessig' -> https://upload.wikimedia.org/wikipedia/commons/thumb/d/d3/Bio_Company_Hauptstra%C3%9Fe31-32_Berlin_A.jpg/500px-Bio_Company_Hauptstra%C3%9Fe31-32_Berlin_A.jpg
  [commons.wikimedia.org] 429 intento 1, esperando 40s ...
  [4499] 'Capperi en vinagre de vino (Variedad 4499)' -> https://upload.wikimedia.org/wikipedia/commons/thumb/c/c9/Neri_di_Bicci_San_Sisto.jpg/500px-Neri_di_Bicci_San_Sisto.jpg
  [4500] "Capperi conditi en aceite d'oliva" -> https://upload.wikimedia.org/wikipedia/commons/thumb/c/c1/Pore%C4%8D%E2%80%93Zuccato_palace-01.jpg/500px-Pore%C4%8D%E2%80%93Zuccato_palace-01.jpg
  [4502] 'Aceite de oliva Vierge extra sardinas' -> https://upload.wikimedia.org/wikipedia/commons/thumb/1/15/Pauline_Parmentier.jpg/500px-Pauline_Parmentier.jpg
  [4503] 'Plain Sardines' -> https://upload.wikimedia.org/wikipedia/commons/thumb/e/e5/Age_determination_of_Pacific_sardines_from_otoliths._-_DPLA_-_5b1a28323ba457c49dabe1220b41c9a5.pdf/page1-500px-Age_determination_of_Pacific_sardines_from_otoliths._-_DPLA_-_5b1a28323ba457c49dabe1220b41c9a5.pdf.jpg
  [4504] "Filets de sardinas sin peau sin arêtes con l'huile végétale" -> https://upload.wikimedia.org/wikipedia/commons/thumb/4/4a/Marine_sextant.svg/500px-Marine_sextant.svg.png
  [4505] 'Sardinas con l’huile d’olive' -> https://upload.wikimedia.org/wikipedia/commons/thumb/5/59/Anne_conn%C3%A9table_de_Montmorency_Chantilly.jpg/500px-Anne_conn%C3%A9table_de_Montmorency_Chantilly.jpg
  [4506] 'Aceite sardinas marinade limón albahaca sin' -> https://upload.wikimedia.org/wikipedia/commons/thumb/5/59/Anne_conn%C3%A9table_de_Montmorency_Chantilly.jpg/500px-Anne_conn%C3%A9table_de_Montmorency_Chantilly.jpg
  [4508] 'Limón albahaca Filets de sardinas' -> https://upload.wikimedia.org/wikipedia/commons/thumb/2/2e/Publicit%C3%A9_Saupiquet_1882.JPG/500px-Publicit%C3%A9_Saupiquet_1882.JPG
  [4509] 'Sardinas sin arêtes al natural' -> https://upload.wikimedia.org/wikipedia/commons/thumb/5/59/Anne_conn%C3%A9table_de_Montmorency_Chantilly.jpg/500px-Anne_conn%C3%A9table_de_Montmorency_Chantilly.jpg
  [commons.wikimedia.org] 429 intento 1, esperando 38s ...
  [4510] 'Aceite oliva sardinas' -> https://upload.wikimedia.org/wikipedia/commons/thumb/f/f2/Latas_de_Sardinas_en_aceite_de_oliva-Madrid.jpg/500px-Latas_de_Sardinas_en_aceite_de_oliva-Madrid.jpg
  [4511] 'Sardinas con tomate (Variedad 4511)' -> https://upload.wikimedia.org/wikipedia/commons/thumb/1/15/Pauline_Parmentier.jpg/500px-Pauline_Parmentier.jpg
  [4512] 'Filet de sardine' -> https://upload.wikimedia.org/wikipedia/commons/thumb/3/30/FMIB_48848_Agres%2C_Rogue_et_Filets_a_sardine_sur_le_quai_Filets_en_Sacs_Barils_et_Baquets_de_rogue_Avirons%2C_Cruche_d%27eau_douce_pour_la_mer.jpeg/500px-FMIB_48848_Agres%2C_Rogue_et_Filets_a_sardine_sur_le_quai_Filets_en_Sacs_Barils_et_Baquets_de_rogue_Avirons%2C_Cruche_d%27eau_douce_pour_la_mer.jpeg
  [4513] 'Sardinas (Variedad 4513)' -> https://upload.wikimedia.org/wikipedia/commons/thumb/5/59/Anne_conn%C3%A9table_de_Montmorency_Chantilly.jpg/500px-Anne_conn%C3%A9table_de_Montmorency_Chantilly.jpg
  [4514] 'Sardine con l’huile végétale' -> https://upload.wikimedia.org/wikipedia/commons/thumb/e/e5/Marsa-Esgl%C3%A9sia_de_Saint_Loup.JPG/500px-Marsa-Esgl%C3%A9sia_de_Saint_Loup.JPG
  [4515] 'Aceite d oliva vierge sardinas' -> https://upload.wikimedia.org/wikipedia/commons/thumb/1/15/Pauline_Parmentier.jpg/500px-Pauline_Parmentier.jpg
  [4516] 'Sardinas huil.olive extra v.st Gil. (Variedad 4516)' -> https://upload.wikimedia.org/wikipedia/commons/thumb/3/37/Flat_-_Nos_femmes_de_lettres.djvu/page1-500px-Flat_-_Nos_femmes_de_lettres.djvu.jpg
  [4517] 'Aceite de oliva sardinas | en virgen extra' -> https://upload.wikimedia.org/wikipedia/commons/thumb/e/e0/Bundesarchiv_Bild_146-2008-0167%2C_Segelschiff_%22SMS_Nixe%22.jpg/500px-Bundesarchiv_Bild_146-2008-0167%2C_Segelschiff_%22SMS_Nixe%22.jpg
  [4518] "Aceite d'olives y chile sardinas" -> https://upload.wikimedia.org/wikipedia/commons/thumb/1/15/Pauline_Parmentier.jpg/500px-Pauline_Parmentier.jpg
  [4519] 'Aceite de oliva sardinas Label rojo' -> https://upload.wikimedia.org/wikipedia/commons/thumb/d/d8/Giraud_-_La_Guirlande_des_dieux%2C_1910.djvu/page1-500px-Giraud_-_La_Guirlande_des_dieux%2C_1910.djvu.jpg
  [4520] 'Aceite tournesol y limón PARMENTIER Sardine, Boîte 1/' -> https://upload.wikimedia.org/wikipedia/commons/thumb/1/15/Pauline_Parmentier.jpg/500px-Pauline_Parmentier.jpg
  [4521] 'Filets de sardinas sin peau sin arêtes' -> https://upload.wikimedia.org/wikipedia/commons/thumb/4/4a/Marine_sextant.svg/500px-Marine_sextant.svg.png
  [commons.wikimedia.org] 429 intento 1, esperando 39s ...
  [4522] 'Sardinas généreuses con chile' -> https://upload.wikimedia.org/wikipedia/commons/thumb/5/59/Anne_conn%C3%A9table_de_Montmorency_Chantilly.jpg/500px-Anne_conn%C3%A9table_de_Montmorency_Chantilly.jpg
  [4523] 'Filet de sardinas' -> https://upload.wikimedia.org/wikipedia/commons/thumb/4/4a/Marine_sextant.svg/500px-Marine_sextant.svg.png
  [4524] "Sardinas sin arêtes con limón y con l'huile d'olive vierge extra" -> https://upload.wikimedia.org/wikipedia/commons/thumb/5/59/Anne_conn%C3%A9table_de_Montmorency_Chantilly.jpg/500px-Anne_conn%C3%A9table_de_Montmorency_Chantilly.jpg
  [4525] 'Sardinas al natural (Variedad 4525)' -> https://upload.wikimedia.org/wikipedia/commons/thumb/b/b3/Le_phare_d%27Eckm%C3%BChl_et_ses_pr%C3%A9d%C3%A9cesseurs.jpg/500px-Le_phare_d%27Eckm%C3%BChl_et_ses_pr%C3%A9d%C3%A9cesseurs.jpg
  [4526] "Sardinas con l'huile d'olive vierge extra" -> https://upload.wikimedia.org/wikipedia/commons/thumb/0/02/Carrefour_55-o.art.pub-carrefour-02.jpg/500px-Carrefour_55-o.art.pub-carrefour-02.jpg
  [4527] "Sardinas con l'huile d'olive vierge extra ecológico" -> https://upload.wikimedia.org/wikipedia/commons/thumb/2/25/Phare_d%27Eckm%C3%BChl%2C_Penmarc%27h%2C_France_%28panoramique%29.jpg/500px-Phare_d%27Eckm%C3%BChl%2C_Penmarc%27h%2C_France_%28panoramique%29.jpg
  [4528] 'Aceite sardinas généreuses con tomate sin' -> https://upload.wikimedia.org/wikipedia/commons/thumb/5/59/Anne_conn%C3%A9table_de_Montmorency_Chantilly.jpg/500px-Anne_conn%C3%A9table_de_Montmorency_Chantilly.jpg
  [4529] "Sardine con tomate y con l'huile d'olive" -> https://upload.wikimedia.org/wikipedia/commons/thumb/5/59/Anne_conn%C3%A9table_de_Montmorency_Chantilly.jpg/500px-Anne_conn%C3%A9table_de_Montmorency_Chantilly.jpg
  [4530] "Limón Connétable sardinas con l'huile d'olive" -> https://upload.wikimedia.org/wikipedia/commons/thumb/5/59/Anne_conn%C3%A9table_de_Montmorency_Chantilly.jpg/500px-Anne_conn%C3%A9table_de_Montmorency_Chantilly.jpg
  [4531] 'Aceite oliva v.e. CBLE sardinas sin arêtes' -> https://upload.wikimedia.org/wikipedia/commons/thumb/5/59/Anne_conn%C3%A9table_de_Montmorency_Chantilly.jpg/500px-Anne_conn%C3%A9table_de_Montmorency_Chantilly.jpg
  [4532] "Sardinas con chile d'espelette dulce (Variedad 4532)" -> https://upload.wikimedia.org/wikipedia/commons/thumb/5/59/Anne_conn%C3%A9table_de_Montmorency_Chantilly.jpg/500px-Anne_conn%C3%A9table_de_Montmorency_Chantilly.jpg
  [commons.wikimedia.org] 429 intento 1, esperando 30s ...
  [4533] "Sardinas con l'huile de soja con verduras, Chile y especias" -> https://upload.wikimedia.org/wikipedia/commons/thumb/6/6a/Tagine_%283645135776%29.jpg/500px-Tagine_%283645135776%29.jpg
  [4534] "Sardinas con l'huile d'olive y herbes de Provence" -> https://upload.wikimedia.org/wikipedia/commons/thumb/1/15/Pauline_Parmentier.jpg/500px-Pauline_Parmentier.jpg
  [4535] 'Aceite de oliva sardinas de Bretagne' -> https://upload.wikimedia.org/wikipedia/commons/thumb/5/59/Anne_conn%C3%A9table_de_Montmorency_Chantilly.jpg/500px-Anne_conn%C3%A9table_de_Montmorency_Chantilly.jpg
  [4536] 'Sardinas a la antigua Label rojo (Variedad 4536)' -> https://upload.wikimedia.org/wikipedia/commons/thumb/5/59/Anne_conn%C3%A9table_de_Montmorency_Chantilly.jpg/500px-Anne_conn%C3%A9table_de_Montmorency_Chantilly.jpg
  [4537] 'Sardinas con l’huile d’olive Mes p’tits plaisirs' -> https://upload.wikimedia.org/wikipedia/commons/thumb/4/40/Connetable_%28Gatchina%29.jpg/500px-Connetable_%28Gatchina%29.jpg
  [4538] 'Sardinas con limón y albahaca' -> https://upload.wikimedia.org/wikipedia/commons/thumb/0/02/Carrefour_55-o.art.pub-carrefour-02.jpg/500px-Carrefour_55-o.art.pub-carrefour-02.jpg
  [4539] "Aceite oliva v.e. pim d'espelette 115g CBLE Sardine" -> https://upload.wikimedia.org/wikipedia/commons/thumb/5/59/Anne_conn%C3%A9table_de_Montmorency_Chantilly.jpg/500px-Anne_conn%C3%A9table_de_Montmorency_Chantilly.jpg
  [4540] 'Salsa tomate sardinas' -> https://upload.wikimedia.org/wikipedia/commons/thumb/7/74/2%C3%A8me_partie_carrefour_de_l%27arbre.jpg/500px-2%C3%A8me_partie_carrefour_de_l%27arbre.jpg
  [4541] 'Aceite rondelle de limón fresco - Connétable - 115 g (égoutté : 81 g) sardinas sin' -> https://upload.wikimedia.org/wikipedia/commons/thumb/4/40/Connetable_%28Gatchina%29.jpg/500px-Connetable_%28Gatchina%29.jpg
  [4542] 'Sardinas, Aceite de oliva vierge extra ecológico' -> https://upload.wikimedia.org/wikipedia/commons/thumb/1/15/Pauline_Parmentier.jpg/500px-Pauline_Parmentier.jpg
  [commons.wikimedia.org] 429 intento 1, esperando 39s ...
  [4543] 'Sardinas de Bretagne (Variedad 4543)' -> https://upload.wikimedia.org/wikipedia/commons/thumb/c/cc/Mercure_de_France%2C_1895%2C_v._13-14.pdf/page1-500px-Mercure_de_France%2C_1895%2C_v._13-14.pdf.jpg
  [4544] "Sardinas a la antigua con l'huile d'olive vierge extra con limón" -> https://upload.wikimedia.org/wikipedia/commons/thumb/5/59/Anne_conn%C3%A9table_de_Montmorency_Chantilly.jpg/500px-Anne_conn%C3%A9table_de_Montmorency_Chantilly.jpg
  [4545] 'Sardinas con chalotas de bretagne (Variedad 4545)' -> https://upload.wikimedia.org/wikipedia/commons/thumb/5/59/Anne_conn%C3%A9table_de_Montmorency_Chantilly.jpg/500px-Anne_conn%C3%A9table_de_Montmorency_Chantilly.jpg
  [4546] 'Aceite de oliva Springdale Boneless sardinas en 100%' -> https://upload.wikimedia.org/wikipedia/commons/thumb/6/6b/005c_Greater_flamingos_courtship_display_in_the_Camargue_during_mating_season_Photo_by_Giles_Laurent.jpg/500px-005c_Greater_flamingos_courtship_display_in_the_Camargue_during_mating_season_Photo_by_Giles_Laurent.jpg
  [4547] "Sardinas généreuses con l'huile d'olive" -> https://upload.wikimedia.org/wikipedia/commons/thumb/5/59/Anne_conn%C3%A9table_de_Montmorency_Chantilly.jpg/500px-Anne_conn%C3%A9table_de_Montmorency_Chantilly.jpg
  [4548] 'Sardina en ULEI' -> https://upload.wikimedia.org/wikipedia/commons/thumb/e/e0/Bundesarchiv_Bild_146-2008-0167%2C_Segelschiff_%22SMS_Nixe%22.jpg/500px-Bundesarchiv_Bild_146-2008-0167%2C_Segelschiff_%22SMS_Nixe%22.jpg
  [4549] "Sardine con l'huile d'olive vierge extra boîte de" -> https://upload.wikimedia.org/wikipedia/commons/thumb/4/4d/Periodic_table_large.svg/500px-Periodic_table_large.svg.png
  [4550] 'Sardinas entières al natural' -> https://upload.wikimedia.org/wikipedia/commons/thumb/4/44/Oc%C3%A9an_Atlantique._est_Distribution_des_lieux_de_p%C3%AAche._%28Convention_internationale%29_-_btv1b53198464t.jpg/500px-Oc%C3%A9an_Atlantique._est_Distribution_des_lieux_de_p%C3%AAche._%28Convention_internationale%29_-_btv1b53198464t.jpg
  [4551] 'Sepia Filletes de caballa en aceite' -> https://upload.wikimedia.org/wikipedia/commons/thumb/2/27/Sepia_smithi.jpg/500px-Sepia_smithi.jpg
  [commons.wikimedia.org] 429 intento 1, esperando 39s ...
  [4552] 'Sardinas con tomates séchées' -> https://upload.wikimedia.org/wikipedia/commons/thumb/5/59/Anne_conn%C3%A9table_de_Montmorency_Chantilly.jpg/500px-Anne_conn%C3%A9table_de_Montmorency_Chantilly.jpg
  [4553] 'Filets de sardinas con limón y con albahaca' -> https://upload.wikimedia.org/wikipedia/commons/thumb/2/2d/Strasbourg%2C_Cin%C3%A9ma_Odyss%C3%A9e.jpg/500px-Strasbourg%2C_Cin%C3%A9ma_Odyss%C3%A9e.jpg
  [4554] "Finas y Fondantes con l'huile d'olive" -> https://upload.wikimedia.org/wikipedia/commons/thumb/5/59/Anne_conn%C3%A9table_de_Montmorency_Chantilly.jpg/500px-Anne_conn%C3%A9table_de_Montmorency_Chantilly.jpg
  [4556] 'Aceite con limón ecológico -50% de sal sardinas Marinade sin' -> https://upload.wikimedia.org/wikipedia/commons/thumb/2/25/Phare_d%27Eckm%C3%BChl%2C_Penmarc%27h%2C_France_%28panoramique%29.jpg/500px-Phare_d%27Eckm%C3%BChl%2C_Penmarc%27h%2C_France_%28panoramique%29.jpg
  [4557] 'Sardinas al natural (Variedad 4557)' -> https://upload.wikimedia.org/wikipedia/commons/thumb/5/54/Capitaine_Cook%2C_IMO7632876%2C_in_Auckland_2008-03-28.jpg/500px-Capitaine_Cook%2C_IMO7632876%2C_in_Auckland_2008-03-28.jpg
  [4558] 'Sardinas chile de Cayenne fort Connétable (Variedad 4558)' -> https://upload.wikimedia.org/wikipedia/commons/thumb/5/59/Anne_conn%C3%A9table_de_Montmorency_Chantilly.jpg/500px-Anne_conn%C3%A9table_de_Montmorency_Chantilly.jpg
  [4560] 'Aceite oliva v.e. Label Rge 135g Cble sardinas' -> https://upload.wikimedia.org/wikipedia/commons/thumb/5/59/Anne_conn%C3%A9table_de_Montmorency_Chantilly.jpg/500px-Anne_conn%C3%A9table_de_Montmorency_Chantilly.jpg
  [4561] 'Limón ecológico sardinas marinade sin aceite' -> https://upload.wikimedia.org/wikipedia/commons/thumb/5/59/Anne_conn%C3%A9table_de_Montmorency_Chantilly.jpg/500px-Anne_conn%C3%A9table_de_Montmorency_Chantilly.jpg
  [4562] "Sardinas a la antigua con l'huile d'olive vierge extra" -> https://upload.wikimedia.org/wikipedia/commons/thumb/5/54/Capitaine_Cook%2C_IMO7632876%2C_in_Auckland_2008-03-28.jpg/500px-Capitaine_Cook%2C_IMO7632876%2C_in_Auckland_2008-03-28.jpg
  [4563] 'Aceite de oliva ecológico sardinas' -> https://upload.wikimedia.org/wikipedia/commons/thumb/d/d8/Giraud_-_La_Guirlande_des_dieux%2C_1910.djvu/page1-500px-Giraud_-_La_Guirlande_des_dieux%2C_1910.djvu.jpg
  [4564] 'Sardinas St Gilles Croix de Vie (Variedad 4564)' -> https://upload.wikimedia.org/wikipedia/commons/thumb/8/8e/Doris_pseudoargus_Rapp%2C_1827.jpg/500px-Doris_pseudoargus_Rapp%2C_1827.jpg
  [commons.wikimedia.org] 429 intento 1, esperando 39s ...
  [4566] "Sardinas con l'huile de tournesol" -> https://upload.wikimedia.org/wikipedia/commons/thumb/0/02/Carrefour_55-o.art.pub-carrefour-02.jpg/500px-Carrefour_55-o.art.pub-carrefour-02.jpg
  [4567] 'Filets de Sardine (au Naturel)' -> https://upload.wikimedia.org/wikipedia/commons/thumb/0/02/Carrefour_55-o.art.pub-carrefour-02.jpg/500px-Carrefour_55-o.art.pub-carrefour-02.jpg
  [4568] 'Aceite sauce tomate albahaca sardinas sin' -> https://upload.wikimedia.org/wikipedia/commons/thumb/5/59/Anne_conn%C3%A9table_de_Montmorency_Chantilly.jpg/500px-Anne_conn%C3%A9table_de_Montmorency_Chantilly.jpg
  [4569] 'Connétable Sardines' -> https://upload.wikimedia.org/wikipedia/commons/thumb/8/83/Conn%C3%A9table_sardines_%C3%A0_l%27ancienne.jpg/500px-Conn%C3%A9table_sardines_%C3%A0_l%27ancienne.jpg
  [4570] "Sardinas a la antigua con l'huile d'olive vierge extra con Tomates Séchées" -> https://upload.wikimedia.org/wikipedia/commons/thumb/5/59/Anne_conn%C3%A9table_de_Montmorency_Chantilly.jpg/500px-Anne_conn%C3%A9table_de_Montmorency_Chantilly.jpg
  [4571] 'Filets de sardinas con limón y albahaca' -> https://upload.wikimedia.org/wikipedia/commons/thumb/0/02/Carrefour_55-o.art.pub-carrefour-02.jpg/500px-Carrefour_55-o.art.pub-carrefour-02.jpg
  [4572] "Sardinas con l'huile d'olive" -> https://upload.wikimedia.org/wikipedia/commons/thumb/2/2d/Strasbourg%2C_Cin%C3%A9ma_Odyss%C3%A9e.jpg/500px-Strasbourg%2C_Cin%C3%A9ma_Odyss%C3%A9e.jpg
  [4573] "Sardinas con l'huile d'olive ecológico" -> https://upload.wikimedia.org/wikipedia/commons/thumb/5/59/Anne_conn%C3%A9table_de_Montmorency_Chantilly.jpg/500px-Anne_conn%C3%A9table_de_Montmorency_Chantilly.jpg
  [4574] "Sardinas con l'huile d'olive vierge extra y con zestes de limón" -> https://upload.wikimedia.org/wikipedia/commons/thumb/5/54/Capitaine_Cook%2C_IMO7632876%2C_in_Auckland_2008-03-28.jpg/500px-Capitaine_Cook%2C_IMO7632876%2C_in_Auckland_2008-03-28.jpg
  [4575] 'Sardinas sin Huiles chile Basque' -> https://upload.wikimedia.org/wikipedia/commons/thumb/5/59/Anne_conn%C3%A9table_de_Montmorency_Chantilly.jpg/500px-Anne_conn%C3%A9table_de_Montmorency_Chantilly.jpg
  [4576] "Sardinas con l'huile d'olive Saint-Georges" -> https://upload.wikimedia.org/wikipedia/commons/thumb/6/69/La_Belle-Iloise.JPG/500px-La_Belle-Iloise.JPG
  [4577] 'Limón infusées sardinas albahaca' -> https://upload.wikimedia.org/wikipedia/commons/thumb/5/59/Anne_conn%C3%A9table_de_Montmorency_Chantilly.jpg/500px-Anne_conn%C3%A9table_de_Montmorency_Chantilly.jpg
  [commons.wikimedia.org] 429 intento 1, esperando 40s ...
  [4578] "Filets de sardinas con l'huile d'olive vierge extra ecológico" -> https://upload.wikimedia.org/wikipedia/commons/thumb/2/25/Phare_d%27Eckm%C3%BChl%2C_Penmarc%27h%2C_France_%28panoramique%29.jpg/500px-Phare_d%27Eckm%C3%BChl%2C_Penmarc%27h%2C_France_%28panoramique%29.jpg
  [4579] 'Filets de sardinas marinés con limón ecológico' -> https://upload.wikimedia.org/wikipedia/commons/thumb/2/25/Phare_d%27Eckm%C3%BChl%2C_Penmarc%27h%2C_France_%28panoramique%29.jpg/500px-Phare_d%27Eckm%C3%BChl%2C_Penmarc%27h%2C_France_%28panoramique%29.jpg
  [4580] 'Filets de sardinas al natural' -> https://upload.wikimedia.org/wikipedia/commons/thumb/2/2c/Revista_chilena_de_historia_natural_%28IA_revistachilenade41900muse%29.pdf/page1-500px-Revista_chilena_de_historia_natural_%28IA_revistachilenade41900muse%29.pdf.jpg
  [4581] "Sardinas con l'huile de tournesol 135g (1/5)" -> https://upload.wikimedia.org/wikipedia/commons/thumb/2/2d/Strasbourg%2C_Cin%C3%A9ma_Odyss%C3%A9e.jpg/500px-Strasbourg%2C_Cin%C3%A9ma_Odyss%C3%A9e.jpg
  [4582] "Sardinas de l'île de Ré" -> https://upload.wikimedia.org/wikipedia/commons/thumb/d/d8/Giraud_-_La_Guirlande_des_dieux%2C_1910.djvu/page1-500px-Giraud_-_La_Guirlande_des_dieux%2C_1910.djvu.jpg
  [4583] "Sardinas con l'huile d'olive ecológico (Variedad 4583)" -> https://upload.wikimedia.org/wikipedia/commons/thumb/5/54/Capitaine_Cook%2C_IMO7632876%2C_in_Auckland_2008-03-28.jpg/500px-Capitaine_Cook%2C_IMO7632876%2C_in_Auckland_2008-03-28.jpg
  [4584] 'Sardinas sin arêtes y sin peau' -> https://upload.wikimedia.org/wikipedia/commons/thumb/5/59/Anne_conn%C3%A9table_de_Montmorency_Chantilly.jpg/500px-Anne_conn%C3%A9table_de_Montmorency_Chantilly.jpg
  [4585] 'Anchovy Fillets' -> https://upload.wikimedia.org/wikipedia/commons/thumb/3/3f/14-07-2017_Bottle_of_Anchovies_fillets_in_olive_oil%2C_Pit%C3%A9u.JPG/500px-14-07-2017_Bottle_of_Anchovies_fillets_in_olive_oil%2C_Pit%C3%A9u.JPG
  [4586] 'Pasta de anchoas Cantabrico' -> https://upload.wikimedia.org/wikipedia/commons/thumb/e/ec/Apple_red_delicius_cross-cut.jpg/500px-Apple_red_delicius_cross-cut.jpg
  [4587] 'Filetti de anchoas' -> https://upload.wikimedia.org/wikipedia/commons/thumb/9/9b/Contrabbasso_fatta_da_Niccol%C3%B2_Amati_a_Cremona_nel_1670.jpg/500px-Contrabbasso_fatta_da_Niccol%C3%B2_Amati_a_Cremona_nel_1670.jpg
  [4588] 'Anchoa' -> https://upload.wikimedia.org/wikipedia/commons/thumb/4/48/Dusky_anchovy_%28_Anchoa_lyolepis_%29.jpg/500px-Dusky_anchovy_%28_Anchoa_lyolepis_%29.jpg
  [commons.wikimedia.org] 429 intento 1, esperando 40s ...
  [4589] 'Filetti de anchoas en aceite de semi de girasole' -> https://upload.wikimedia.org/wikipedia/commons/thumb/4/44/Urgence_Metro%2C_Lionel-Groulx.jpg/500px-Urgence_Metro%2C_Lionel-Groulx.jpg
  [4590] 'Sardellenfilet en aceite de oliva' -> https://upload.wikimedia.org/wikipedia/commons/thumb/e/ec/Apple_red_delicius_cross-cut.jpg/500px-Apple_red_delicius_cross-cut.jpg
  [4591] 'Canale de Sicilia Filetti de anchoas en aceite d’oliva' -> https://upload.wikimedia.org/wikipedia/commons/thumb/e/ec/Apple_red_delicius_cross-cut.jpg/500px-Apple_red_delicius_cross-cut.jpg
  [4592] 'Pasta de anchoas gusto classico' -> https://upload.wikimedia.org/wikipedia/commons/thumb/e/ec/Apple_red_delicius_cross-cut.jpg/500px-Apple_red_delicius_cross-cut.jpg
  [4593] 'Acciughe salate' -> https://upload.wikimedia.org/wikipedia/commons/thumb/3/31/Acciughe_salate_in_scatola.jpg/500px-Acciughe_salate_in_scatola.jpg
  [4594] 'Filetti de anchoas (Variedad 4594)' -> https://upload.wikimedia.org/wikipedia/commons/thumb/e/ec/Apple_red_delicius_cross-cut.jpg/500px-Apple_red_delicius_cross-cut.jpg
  [4595] 'Pasta de anchoas Delicius Rizzoli Delicius Gusto Ricco Tubo' -> https://upload.wikimedia.org/wikipedia/commons/thumb/e/ec/Apple_red_delicius_cross-cut.jpg/500px-Apple_red_delicius_cross-cut.jpg
  [4596] 'Pasta de anchoas' -> https://upload.wikimedia.org/wikipedia/commons/thumb/e/ec/Apple_red_delicius_cross-cut.jpg/500px-Apple_red_delicius_cross-cut.jpg
  [4597] 'Filetti de anchoas con cappero' -> https://upload.wikimedia.org/wikipedia/commons/thumb/e/ec/Apple_red_delicius_cross-cut.jpg/500px-Apple_red_delicius_cross-cut.jpg
  [4598] 'Filetti de anchoas en aceite de oliva' -> https://upload.wikimedia.org/wikipedia/commons/thumb/e/ec/Apple_red_delicius_cross-cut.jpg/500px-Apple_red_delicius_cross-cut.jpg
  [4599] 'Cantabrico filetti de anchoas en aceite de oliva' -> https://upload.wikimedia.org/wikipedia/commons/thumb/e/ec/Apple_red_delicius_cross-cut.jpg/500px-Apple_red_delicius_cross-cut.jpg
  [4600] 'Aceite de oliva con ajo y hierbas anchoa FILLETS LA PROVENÇALE en virgen extra' -> https://upload.wikimedia.org/wikipedia/commons/5/51/M%C3%A9daille_de_la_reconnaissance_de_Croix-Rouge_mon%C3%A9gasque_%C3%A9chelon_Or.jpg
  [4601] 'Faro filetti de anchoas' -> https://upload.wikimedia.org/wikipedia/commons/thumb/b/b8/Il_Guardiano_del_Faro_2.jpg/500px-Il_Guardiano_del_Faro_2.jpg
  [commons.wikimedia.org] 429 intento 1, esperando 39s ...
  [4602] 'Anchoas (Variedad 4602)' -> https://upload.wikimedia.org/wikipedia/commons/thumb/e/ec/Apple_red_delicius_cross-cut.jpg/500px-Apple_red_delicius_cross-cut.jpg
  [4603] 'Filetti en aceite de anchoas marinate' -> https://upload.wikimedia.org/wikipedia/commons/thumb/b/b8/Il_Guardiano_del_Faro_2.jpg/500px-Il_Guardiano_del_Faro_2.jpg
  [4604] 'Filetti de anchoas MARINATE' -> https://upload.wikimedia.org/wikipedia/commons/thumb/b/b8/Il_Guardiano_del_Faro_2.jpg/500px-Il_Guardiano_del_Faro_2.jpg
  [4605] 'Alici marinate' -> https://upload.wikimedia.org/wikipedia/commons/thumb/f/f4/Alici_marinate.jpg/500px-Alici_marinate.jpg
  [4606] 'Alici salate' -> https://upload.wikimedia.org/wikipedia/commons/thumb/0/08/Giovanni_Battista_Pescetti_-_Costantino_pio_-_festa_teatrale_in_occasione_della_nascita_del_delfino_-_offerta_alle_sacre_reali_maest%C3%A0_cristianissime_del_re%2C_e_regina_di_Francia_%28IA_costantinopiofes155otto%29.pdf/page1-500px-thumbnail.pdf.jpg
  [4608] 'Filetti de anchoas con chile picante' -> https://upload.wikimedia.org/wikipedia/commons/thumb/9/9b/Contrabbasso_fatta_da_Niccol%C3%B2_Amati_a_Cremona_nel_1670.jpg/500px-Contrabbasso_fatta_da_Niccol%C3%B2_Amati_a_Cremona_nel_1670.jpg
  [4609] 'Pezzetti de anchoas' -> https://upload.wikimedia.org/wikipedia/commons/thumb/9/9b/Contrabbasso_fatta_da_Niccol%C3%B2_Amati_a_Cremona_nel_1670.jpg/500px-Contrabbasso_fatta_da_Niccol%C3%B2_Amati_a_Cremona_nel_1670.jpg
  [4610] 'Filetti de anchoas de Sicilia' -> https://upload.wikimedia.org/wikipedia/commons/thumb/c/c8/Sardina_pilchardus.jpg/500px-Sardina_pilchardus.jpg
  [4611] 'Filletti de anchoas (creado por Manaccion)' -> https://upload.wikimedia.org/wikipedia/commons/thumb/e/ec/Apple_red_delicius_cross-cut.jpg/500px-Apple_red_delicius_cross-cut.jpg
  [4612] 'Anchoas (Variedad 4612)' -> https://upload.wikimedia.org/wikipedia/commons/thumb/b/b8/Il_Guardiano_del_Faro_2.jpg/500px-Il_Guardiano_del_Faro_2.jpg
  [4613] 'Filetti de Alice marinate en aceite' -> https://upload.wikimedia.org/wikipedia/commons/thumb/b/b8/Il_Guardiano_del_Faro_2.jpg/500px-Il_Guardiano_del_Faro_2.jpg
  [4614] 'Filetti de anchoas en aceite' -> https://upload.wikimedia.org/wikipedia/commons/thumb/b/b8/Il_Guardiano_del_Faro_2.jpg/500px-Il_Guardiano_del_Faro_2.jpg
  [commons.wikimedia.org] 429 intento 1, esperando 40s ...
  [4615] 'Anchoas sott’olio Filetti' -> https://upload.wikimedia.org/wikipedia/commons/thumb/b/b8/Il_Guardiano_del_Faro_2.jpg/500px-Il_Guardiano_del_Faro_2.jpg
  [4616] 'Anchoas sott’olio Filetto do' -> https://upload.wikimedia.org/wikipedia/commons/thumb/b/b8/Il_Guardiano_del_Faro_2.jpg/500px-Il_Guardiano_del_Faro_2.jpg
  [4618] 'Seco curado prosciutto con mozzarella' -> https://upload.wikimedia.org/wikipedia/commons/thumb/f/f3/Rio_del_Duca_%28Venice%29.jpg/500px-Rio_del_Duca_%28Venice%29.jpg
  [4621] 'Viande des GRISONS' -> https://upload.wikimedia.org/wikipedia/commons/thumb/7/72/Viande_des_Grisons_01.jpg/500px-Viande_des_Grisons_01.jpg
  [4622] 'Viande des grisons - x12 tranches' -> https://upload.wikimedia.org/wikipedia/commons/thumb/4/4d/Periodic_table_large.svg/500px-Periodic_table_large.svg.png
  [4623] 'LS Viande des grisons 80G/12T' -> https://upload.wikimedia.org/wikipedia/commons/thumb/2/26/Revue_des_Deux_Mondes_-_1832_-_tome_5.djvu/page1-500px-Revue_des_Deux_Mondes_-_1832_-_tome_5.djvu.jpg
  [4624] 'Viande de Bœuf Séchée' -> https://upload.wikimedia.org/wikipedia/commons/thumb/0/02/Carrefour_55-o.art.pub-carrefour-02.jpg/500px-Carrefour_55-o.art.pub-carrefour-02.jpg
  [commons.wikimedia.org] 429 intento 1, esperando 40s ...
  [4625] 'Beef Jerky Teriyaki (Variedad 4625)' -> https://upload.wikimedia.org/wikipedia/commons/thumb/b/bd/Los_Angeles_%28California%2C_USA%29%2C_Hollywood_Boulevard%2C_Jack_Lemmon_--_2012_--_4999.jpg/500px-Los_Angeles_%28California%2C_USA%29%2C_Hollywood_Boulevard%2C_Jack_Lemmon_--_2012_--_4999.jpg
  [4626] 'Viande de bœuf séchée x 10 tranches' -> https://upload.wikimedia.org/wikipedia/commons/thumb/3/32/Azay-le-ferron-eglise.jpg/500px-Azay-le-ferron-eglise.jpg
  [4627] 'Beef JERKY dulce y picante' -> https://upload.wikimedia.org/wikipedia/commons/thumb/b/bd/Los_Angeles_%28California%2C_USA%29%2C_Hollywood_Boulevard%2C_Jack_Lemmon_--_2012_--_4999.jpg/500px-Los_Angeles_%28California%2C_USA%29%2C_Hollywood_Boulevard%2C_Jack_Lemmon_--_2012_--_4999.jpg
  [4628] 'Viande de grisons -25% de sal' -> https://upload.wikimedia.org/wikipedia/commons/thumb/2/22/Blason_ville_It_Aoste.svg/500px-Blason_ville_It_Aoste.svg.png
  [4629] 'Viande des Grisons 10 tranches' -> https://upload.wikimedia.org/wikipedia/commons/thumb/c/cc/Le_cabinet_satyrique%3B_ou%2C_Recueil_parfaict_des_vers_piquans_et_gaillards_de_ce_temps_%28IA_lecabinetsatyriq01gand%29.pdf/page1-500px-Le_cabinet_satyrique%3B_ou%2C_Recueil_parfaict_des_vers_piquans_et_gaillards_de_ce_temps_%28IA_lecabinetsatyriq01gand%29.pdf.jpg
  [4631] 'Viande de grisons -25% sal - x12 tranches' -> https://upload.wikimedia.org/wikipedia/commons/thumb/4/4d/Periodic_table_large.svg/500px-Periodic_table_large.svg.png
  [commons.wikimedia.org] 429 intento 1, esperando 37s ...
  [4633] 'Viande DES GRISONS IGP' -> https://upload.wikimedia.org/wikipedia/commons/thumb/0/02/Carrefour_55-o.art.pub-carrefour-02.jpg/500px-Carrefour_55-o.art.pub-carrefour-02.jpg
  [4634] 'Bresaola - x10 tranches (Variedad 4634)' -> https://upload.wikimedia.org/wikipedia/commons/thumb/4/4d/Periodic_table_large.svg/500px-Periodic_table_large.svg.png
  [4635] 'Viande séchée de boeuf - x12 tranches' -> https://upload.wikimedia.org/wikipedia/commons/thumb/4/4d/Periodic_table_large.svg/500px-Periodic_table_large.svg.png
  [4636] 'Aceitunas MANZANILLA españoles' -> https://upload.wikimedia.org/wikipedia/commons/thumb/5/53/Asda_and_M%26S_Simply_Food_-_geograph.org.uk_-_4227132.jpg/500px-Asda_and_M%26S_Simply_Food_-_geograph.org.uk_-_4227132.jpg
  [4637] 'Beef Jerky picante y picante (Variedad 4637)' -> https://upload.wikimedia.org/wikipedia/commons/thumb/6/6d/Mcennedy_U.S._American_specialities_at_the_Lidl%2C_Winschoten_%282018%29.jpg/500px-Mcennedy_U.S._American_specialities_at_the_Lidl%2C_Winschoten_%282018%29.jpg
  [4639] 'Viande de Grisons' -> https://upload.wikimedia.org/wikipedia/commons/thumb/7/72/Viande_des_Grisons_01.jpg/500px-Viande_des_Grisons_01.jpg
  [4640] 'Citterio Sofficette Bresaola Della Valtellina (Variedad 4640)' -> https://upload.wikimedia.org/wikipedia/commons/thumb/d/d5/MB-Gianni-Citterio-targa-1944.jpg/500px-MB-Gianni-Citterio-targa-1944.jpg
  [4641] 'Bresaola 7TR (Variedad 4641)' -> https://upload.wikimedia.org/wikipedia/commons/thumb/2/26/Revue_des_Deux_Mondes_-_1832_-_tome_5.djvu/page1-500px-Revue_des_Deux_Mondes_-_1832_-_tome_5.djvu.jpg
  [commons.wikimedia.org] 429 intento 1, esperando 40s ...
  [4642] 'Ahumado en rodajas Lachsforelle mild (Variedad 4642)' -> https://upload.wikimedia.org/wikipedia/commons/thumb/f/fd/Nautica_%28IMO_9032458%29_sailing_from_Halmstad.jpg/500px-Nautica_%28IMO_9032458%29_sailing_from_Halmstad.jpg
  [4643] 'Truite ahumada (Variedad 4643)' -> https://upload.wikimedia.org/wikipedia/commons/thumb/2/2d/Strasbourg%2C_Cin%C3%A9ma_Odyss%C3%A9e.jpg/500px-Strasbourg%2C_Cin%C3%A9ma_Odyss%C3%A9e.jpg
  [4644] 'Filets de harengs fumés -25% de sal (Variedad 4644)' -> https://upload.wikimedia.org/wikipedia/commons/thumb/3/33/Matthieu_Delpierre_Meisterfeier.jpg/500px-Matthieu_Delpierre_Meisterfeier.jpg
  [4645] 'Filets de Harengs fumés, Cebollas ecológico con zanahorias (Variedad 4645)' -> https://upload.wikimedia.org/wikipedia/commons/thumb/2/25/Phare_d%27Eckm%C3%BChl%2C_Penmarc%27h%2C_France_%28panoramique%29.jpg/500px-Phare_d%27Eckm%C3%BChl%2C_Penmarc%27h%2C_France_%28panoramique%29.jpg
  [4646] 'Truite ahumada con bois de hêtre 6 tranches (Variedad 4646)' -> https://upload.wikimedia.org/wikipedia/commons/thumb/4/4d/Periodic_table_large.svg/500px-Periodic_table_large.svg.png
  [4647] 'Filets de harengs fumés al natural Delpierre (Variedad 4647)' -> https://upload.wikimedia.org/wikipedia/commons/thumb/3/33/Matthieu_Delpierre_Meisterfeier.jpg/500px-Matthieu_Delpierre_Meisterfeier.jpg
  [4648] 'Truite ahumada ecológico 4tr (Variedad 4648)' -> https://upload.wikimedia.org/wikipedia/commons/thumb/2/2d/Strasbourg%2C_Cin%C3%A9ma_Odyss%C3%A9e.jpg/500px-Strasbourg%2C_Cin%C3%A9ma_Odyss%C3%A9e.jpg
  [4649] 'Ahumado pimienta Maquereaux (Variedad 4649)' -> https://upload.wikimedia.org/wikipedia/commons/thumb/3/33/Matthieu_Delpierre_Meisterfeier.jpg/500px-Matthieu_Delpierre_Meisterfeier.jpg
  [4651] 'Maquereaux fumés nature' -> https://upload.wikimedia.org/wikipedia/commons/thumb/b/be/Le_livre_des_conserves_%2C_ou%2C_Recettes_pour_pr%C3%A9parer_et_conserver_les_viandes_et_les_poissons_sal%C3%A9s_et_fum%C3%A9s%2C_les_terrines%2C_les_galantines%2C_les_l%C3%A9gumes%2C_les_fruits%2C_les_confitures_%28IA_b2152578x%29.pdf/page1-500px-thumbnail.pdf.jpg
  [commons.wikimedia.org] 429 intento 1, esperando 39s ...
  [4654] 'Truite ahumada élevée en agua douce (Variedad 4654)' -> https://upload.wikimedia.org/wikipedia/commons/thumb/0/02/Carrefour_55-o.art.pub-carrefour-02.jpg/500px-Carrefour_55-o.art.pub-carrefour-02.jpg
  [4655] 'Filets de maquereaux fumés con pimienta (Variedad 4655)' -> https://upload.wikimedia.org/wikipedia/commons/thumb/8/8f/Savon_Carrefour_extra_riche_%C3%A0_l%27huile_d%27avocat_-_1.jpg/500px-Savon_Carrefour_extra_riche_%C3%A0_l%27huile_d%27avocat_-_1.jpg
  [4656] 'Bio-räucherlachs, Trockengesalzen, En rodajas geschnitten' -> https://upload.wikimedia.org/wikipedia/commons/thumb/e/e1/Natica_hebraea.jpg/500px-Natica_hebraea.jpg
  [4659] 'Ahumado Haddock y salmón Chowder Lightly' -> https://upload.wikimedia.org/wikipedia/commons/thumb/2/2d/Why_and_how_to_use_salt_and_smoked_fish_%28IA_whyhowtousesalts00moor%29.pdf/page1-500px-Why_and_how_to_use_salt_and_smoked_fish_%28IA_whyhowtousesalts00moor%29.pdf.jpg
  [4660] 'Truite ahumada origine France 4tr' -> https://upload.wikimedia.org/wikipedia/commons/thumb/5/54/Capitaine_Cook%2C_IMO7632876%2C_in_Auckland_2008-03-28.jpg/500px-Capitaine_Cook%2C_IMO7632876%2C_in_Auckland_2008-03-28.jpg
  [4661] 'Truite ahumada con bois de hêtre, 4 tranches (Variedad 4661)' -> https://upload.wikimedia.org/wikipedia/commons/thumb/4/4d/Periodic_table_large.svg/500px-Periodic_table_large.svg.png
  [commons.wikimedia.org] 429 intento 1, esperando 39s ...
  [4662] 'Salmón ATLANTIQUE FUME con BOIS de HETRE -25% sal (Variedad 4662)' -> https://upload.wikimedia.org/wikipedia/commons/thumb/d/da/Nouvelle_salle_polyvalente_de_Labeyrie_%28Pyr%C3%A9n%C3%A9es-Atlantiques%29.jpg/500px-Nouvelle_salle_polyvalente_de_Labeyrie_%28Pyr%C3%A9n%C3%A9es-Atlantiques%29.jpg
  [4663] 'Truite ahumada - ahumada con bois de hêtre, Salage tradicional - élevée en agua douce (Variedad 4663)' -> https://upload.wikimedia.org/wikipedia/commons/thumb/2/22/Auchan%2C_Le_Pontet%2C_Vaucluse%2C_France.jpg/500px-Auchan%2C_Le_Pontet%2C_Vaucluse%2C_France.jpg
  [4666] 'Ahumado Atlantique con bois de hêtre con 5 baies Emincés de salmón (Variedad 4666)' -> https://upload.wikimedia.org/wikipedia/commons/thumb/4/4d/Periodic_table_large.svg/500px-Periodic_table_large.svg.png
  [4667] 'Ahumado con sésame y con pavot Emincés de salmón' -> https://upload.wikimedia.org/wikipedia/commons/thumb/f/f3/Carrefour_City_Centre_Shopping_Mall_Doha.jpg/500px-Carrefour_City_Centre_Shopping_Mall_Doha.jpg
  [4669] "Ahumado con l'aneth y con zestes de limón Émincés de salmón" -> https://upload.wikimedia.org/wikipedia/commons/thumb/f/f3/Carrefour_City_Centre_Shopping_Mall_Doha.jpg/500px-Carrefour_City_Centre_Shopping_Mall_Doha.jpg
  [4670] 'Limón salmón Traiteur tomillo' -> https://upload.wikimedia.org/wikipedia/commons/thumb/0/00/9126027_Mowi_Star.jpg/500px-9126027_Mowi_Star.jpg
  [4671] 'Ahumado fillets dulce chile salmón' -> https://upload.wikimedia.org/wikipedia/commons/thumb/3/38/Karta_Tesco_ClubCard.jpg/500px-Karta_Tesco_ClubCard.jpg
  [4672] '.Salmone islandese aff.a freddo' -> https://upload.wikimedia.org/wikipedia/commons/3/35/Icelander_montage_2.png
  [commons.wikimedia.org] 429 intento 1, esperando 39s ...
  [4674] 'Ahumado aneth-citron Emincés de salmón' -> https://upload.wikimedia.org/wikipedia/commons/thumb/8/8c/Troisieme_voyage_abr%C3%A9g%C3%A9_du_capitaine_Cook%2C_dans_l%27oc%C3%A9an_Pacifique%3B_avec_une_cart_g%C3%A9n%C3%A9rale_%26_l%27estampe_repr%C3%A9sentant_la_mort_de_ce_capitaine_%28IA_cihm_17692%29.pdf/page1-500px-thumbnail.pdf.jpg
  [4675] 'Ahumado sauvage Alaska 4tr - MSC salmón (Variedad 4675)' -> https://upload.wikimedia.org/wikipedia/commons/thumb/5/54/Capitaine_Cook%2C_IMO7632876%2C_in_Auckland_2008-03-28.jpg/500px-Capitaine_Cook%2C_IMO7632876%2C_in_Auckland_2008-03-28.jpg
  [4676] 'Olives noires confites dénoyautées bocal' -> https://upload.wikimedia.org/wikipedia/commons/thumb/f/f9/Doodsbrief_Louis_Tramier_1885_barcode_800000169445.jpg/500px-Doodsbrief_Louis_Tramier_1885_barcode_800000169445.jpg
  [4677] 'Olives vertes dénoyautées -25% sel' -> https://upload.wikimedia.org/wikipedia/commons/thumb/f/f9/Doodsbrief_Louis_Tramier_1885_barcode_800000169445.jpg/500px-Doodsbrief_Louis_Tramier_1885_barcode_800000169445.jpg
  [4678] "Dénoyautées con griega - Filet d'huile d'olive" -> https://upload.wikimedia.org/wikipedia/commons/thumb/f/f9/Doodsbrief_Louis_Tramier_1885_barcode_800000169445.jpg/500px-Doodsbrief_Louis_Tramier_1885_barcode_800000169445.jpg
  [4679] 'Olives vertes dénoyautées BIO' -> https://upload.wikimedia.org/wikipedia/commons/thumb/f/f9/Doodsbrief_Louis_Tramier_1885_barcode_800000169445.jpg/500px-Doodsbrief_Louis_Tramier_1885_barcode_800000169445.jpg
  [4680] 'Olives noires con griega' -> https://upload.wikimedia.org/wikipedia/commons/thumb/f/f9/Doodsbrief_Louis_Tramier_1885_barcode_800000169445.jpg/500px-Doodsbrief_Louis_Tramier_1885_barcode_800000169445.jpg
  [4681] 'Olives vertes' -> https://upload.wikimedia.org/wikipedia/commons/e/ed/Olives_vertes_sur_olivier.jpg
  [4682] 'Aceitunas deshuesadas Ripe' -> https://upload.wikimedia.org/wikipedia/commons/thumb/0/01/United_States_standards_for_grades_of_canned_ripe_olives_-_effective_September_1%2C_1971_%28IA_CAT10872380%29.pdf/page1-500px-United_States_standards_for_grades_of_canned_ripe_olives_-_effective_September_1%2C_1971_%28IA_CAT10872380%29.pdf.jpg
  [commons.wikimedia.org] 429 intento 1, esperando 40s ...
  [4683] 'Olives vertes dénoyautées sachet' -> https://upload.wikimedia.org/wikipedia/commons/thumb/f/f9/Doodsbrief_Louis_Tramier_1885_barcode_800000169445.jpg/500px-Doodsbrief_Louis_Tramier_1885_barcode_800000169445.jpg
  [4684] 'g' -> https://upload.wikimedia.org/wikipedia/commons/thumb/3/3a/Arriv%C3%A9e_du_grand_couloir_reliant_le_fort_du_Salbert_%C3%A0_l%27Ouvrage_%22G%22%2C_c%C3%B4t%C3%A9_Ouvrage_%22G%22.jpg/500px-Arriv%C3%A9e_du_grand_couloir_reliant_le_fort_du_Salbert_%C3%A0_l%27Ouvrage_%22G%22%2C_c%C3%B4t%C3%A9_Ouvrage_%22G%22.jpg
  [4685] 'Olives vertes dénoyautées frasco de 37cl' -> https://upload.wikimedia.org/wikipedia/commons/thumb/4/4d/Periodic_table_large.svg/500px-Periodic_table_large.svg.png
  [4686] 'Olives noires con grecques denoyautees' -> https://upload.wikimedia.org/wikipedia/commons/thumb/f/f9/Doodsbrief_Louis_Tramier_1885_barcode_800000169445.jpg/500px-Doodsbrief_Louis_Tramier_1885_barcode_800000169445.jpg
  [4687] 'Olives confites dénoyautées' -> https://upload.wikimedia.org/wikipedia/commons/thumb/f/f9/Doodsbrief_Louis_Tramier_1885_barcode_800000169445.jpg/500px-Doodsbrief_Louis_Tramier_1885_barcode_800000169445.jpg
  [4688] 'Aceitunas la grecque' -> https://upload.wikimedia.org/wikipedia/commons/thumb/6/62/Olives_noires_grecques.jpg/500px-Olives_noires_grecques.jpg
  [4689] 'olives duo aux herbes' -> https://upload.wikimedia.org/wikipedia/commons/thumb/d/da/Le_classement_des_porcs_au_croc_ou_%22en_carcasses%22._%28IA_classementporc00agri%29.pdf/page1-500px-Le_classement_des_porcs_au_croc_ou_%22en_carcasses%22._%28IA_classementporc00agri%29.pdf.jpg
  [4690] 'Olives NOIRES con griega' -> https://upload.wikimedia.org/wikipedia/commons/thumb/8/86/Bouton_d%27or_%282%29.jpg/500px-Bouton_d%27or_%282%29.jpg
  [4692] 'Olives noires denoyautées boîte 180g pne' -> https://upload.wikimedia.org/wikipedia/commons/thumb/e/ee/Hirundo_rustica_LC0073.jpg/500px-Hirundo_rustica_LC0073.jpg
  [4693] 'Olives vertes dénoyautés réduites en sal -25%' -> https://upload.wikimedia.org/wikipedia/commons/thumb/e/ee/Hirundo_rustica_LC0073.jpg/500px-Hirundo_rustica_LC0073.jpg
  [commons.wikimedia.org] 429 intento 1, esperando 39s ...
  [4694] 'Olives noires entières con griega' -> https://upload.wikimedia.org/wikipedia/commons/thumb/5/51/Baresa_station_-_2008-10-31.jpg/500px-Baresa_station_-_2008-10-31.jpg
  [4695] 'Olives Noires Entieres con a griega' -> https://upload.wikimedia.org/wikipedia/commons/thumb/5/51/Baresa_station_-_2008-10-31.jpg/500px-Baresa_station_-_2008-10-31.jpg
  [4696] 'Olives con Méditerranéenne, Dénoyautées' -> https://upload.wikimedia.org/wikipedia/commons/thumb/d/da/Le_classement_des_porcs_au_croc_ou_%22en_carcasses%22._%28IA_classementporc00agri%29.pdf/page1-500px-Le_classement_des_porcs_au_croc_ou_%22en_carcasses%22._%28IA_classementporc00agri%29.pdf.jpg
  [4697] 'Olives noires marinadas con herbes de Provence' -> https://upload.wikimedia.org/wikipedia/commons/thumb/f/f9/Doodsbrief_Louis_Tramier_1885_barcode_800000169445.jpg/500px-Doodsbrief_Louis_Tramier_1885_barcode_800000169445.jpg
  [4699] 'Olives noires confites' -> https://upload.wikimedia.org/wikipedia/commons/thumb/f/f9/Doodsbrief_Louis_Tramier_1885_barcode_800000169445.jpg/500px-Doodsbrief_Louis_Tramier_1885_barcode_800000169445.jpg
  [4700] 'Olives vertes Entières' -> https://upload.wikimedia.org/wikipedia/commons/thumb/0/02/Carrefour_55-o.art.pub-carrefour-02.jpg/500px-Carrefour_55-o.art.pub-carrefour-02.jpg
  [4701] 'Olives noires confites dénoyautées frasco de 160g' -> https://upload.wikimedia.org/wikipedia/commons/thumb/4/4d/Periodic_table_large.svg/500px-Periodic_table_large.svg.png
  [4702] 'Olives noir confites' -> https://upload.wikimedia.org/wikipedia/commons/thumb/5/51/Baresa_station_-_2008-10-31.jpg/500px-Baresa_station_-_2008-10-31.jpg
  [4703] "Olives cassées con l'ail" -> https://upload.wikimedia.org/wikipedia/commons/thumb/d/da/Le_classement_des_porcs_au_croc_ou_%22en_carcasses%22._%28IA_classementporc00agri%29.pdf/page1-500px-Le_classement_des_porcs_au_croc_ou_%22en_carcasses%22._%28IA_classementporc00agri%29.pdf.jpg
  [commons.wikimedia.org] 429 intento 1, esperando 40s ...
  [4704] "Olives Apéro con l'ail" -> https://upload.wikimedia.org/wikipedia/commons/thumb/f/f9/Doodsbrief_Louis_Tramier_1885_barcode_800000169445.jpg/500px-Doodsbrief_Louis_Tramier_1885_barcode_800000169445.jpg
  [4705] 'Olives vertes du bassin méditerranéen' -> https://upload.wikimedia.org/wikipedia/commons/thumb/c/cc/Mercure_de_France%2C_1895%2C_v._13-14.pdf/page1-500px-Mercure_de_France%2C_1895%2C_v._13-14.pdf.jpg
  [4706] 'Olives vertes dénoyautées - allégée en sal' -> https://upload.wikimedia.org/wikipedia/commons/thumb/8/86/Bouton_d%27or_%282%29.jpg/500px-Bouton_d%27or_%282%29.jpg
  [4707] 'Olives noires con griega dénoyautées' -> https://upload.wikimedia.org/wikipedia/commons/thumb/f/f9/Doodsbrief_Louis_Tramier_1885_barcode_800000169445.jpg/500px-Doodsbrief_Louis_Tramier_1885_barcode_800000169445.jpg
  [4708] 'Olives aux herbes' -> https://upload.wikimedia.org/wikipedia/commons/thumb/d/da/Le_classement_des_porcs_au_croc_ou_%22en_carcasses%22._%28IA_classementporc00agri%29.pdf/page1-500px-Le_classement_des_porcs_au_croc_ou_%22en_carcasses%22._%28IA_classementporc00agri%29.pdf.jpg
  [4710] 'Olives con farce con anchoas' -> https://upload.wikimedia.org/wikipedia/commons/thumb/0/02/Carrefour_55-o.art.pub-carrefour-02.jpg/500px-Carrefour_55-o.art.pub-carrefour-02.jpg
  [4711] 'Pasta Kalamata aceituna' -> https://upload.wikimedia.org/wikipedia/commons/thumb/d/df/Lidl_locations_.png/500px-Lidl_locations_.png
  [commons.wikimedia.org] 429 intento 1, esperando 39s ...
  [4713] 'Olives noires entières façon griega frasco de' -> https://upload.wikimedia.org/wikipedia/commons/thumb/4/4d/Periodic_table_large.svg/500px-Periodic_table_large.svg.png
  [4714] 'Aceitunas deshuesadas negros' -> https://upload.wikimedia.org/wikipedia/commons/thumb/4/40/The_Black_Cat_Magazine_%28IA_black-cat-1899-12%29.pdf/page1-330px-The_Black_Cat_Magazine_%28IA_black-cat-1899-12%29.pdf.jpg
  [4716] 'Olives noirs de Nyons' -> https://upload.wikimedia.org/wikipedia/commons/thumb/1/1b/Histoire_de_Russie%2C_depuis_les_temps_les_plus_recules_jusqu%27%C3%A0_nos_jours_%28IA_bub_gb_SipBAAAAIAAJ%29.pdf/page1-500px-Histoire_de_Russie%2C_depuis_les_temps_les_plus_recules_jusqu%27%C3%A0_nos_jours_%28IA_bub_gb_SipBAAAAIAAJ%29.pdf.jpg
  [4717] 'Olives con Méditerranéenne' -> https://upload.wikimedia.org/wikipedia/commons/thumb/d/da/Le_classement_des_porcs_au_croc_ou_%22en_carcasses%22._%28IA_classementporc00agri%29.pdf/page1-500px-Le_classement_des_porcs_au_croc_ou_%22en_carcasses%22._%28IA_classementporc00agri%29.pdf.jpg
  [4718] "Olives vertes con farce d'anchois" -> https://upload.wikimedia.org/wikipedia/commons/thumb/9/92/Ciota_Ciara%2C_ingresso_della_grotta.jpg/500px-Ciota_Ciara%2C_ingresso_della_grotta.jpg
  [commons.wikimedia.org] 429 intento 1, esperando 39s ...
  [4721] 'Marinade y albahaca herbes de Provence' -> https://upload.wikimedia.org/wikipedia/commons/thumb/f/f9/Doodsbrief_Louis_Tramier_1885_barcode_800000169445.jpg/500px-Doodsbrief_Louis_Tramier_1885_barcode_800000169445.jpg
  [4722] 'Olives noires entières' -> https://upload.wikimedia.org/wikipedia/commons/thumb/5/51/Baresa_station_-_2008-10-31.jpg/500px-Baresa_station_-_2008-10-31.jpg
  [4723] 'Aceitunas deshuesadas verdes' -> https://upload.wikimedia.org/wikipedia/commons/thumb/c/c6/The_Negro_Motorist_Green_Book_1948.pdf/page1-500px-The_Negro_Motorist_Green_Book_1948.pdf.jpg
  [4724] 'OLIVES VERTES DÉNOYAUTÉES doypack' -> https://upload.wikimedia.org/wikipedia/commons/thumb/8/86/Bouton_d%27or_%282%29.jpg/500px-Bouton_d%27or_%282%29.jpg
  [4725] 'Olives noires' -> https://upload.wikimedia.org/wikipedia/commons/thumb/6/62/Olives_noires_grecques.jpg/500px-Olives_noires_grecques.jpg
  [4726] 'Aceitunas deshuesadas griegos colossal' -> https://upload.wikimedia.org/wikipedia/commons/thumb/d/df/Lidl_locations_.png/500px-Lidl_locations_.png
  [4727] "Olives vertes con l'orientale" -> https://upload.wikimedia.org/wikipedia/commons/thumb/d/da/Le_classement_des_porcs_au_croc_ou_%22en_carcasses%22._%28IA_classementporc00agri%29.pdf/page1-500px-Le_classement_des_porcs_au_croc_ou_%22en_carcasses%22._%28IA_classementporc00agri%29.pdf.jpg
  [commons.wikimedia.org] 429 intento 1, esperando 38s ...
  [4728] 'Aceitunas Big Kalamata deshuesadas' -> https://upload.wikimedia.org/wikipedia/commons/thumb/4/47/25.8.20_1_Bezkarska_Odysea_34_%2850269549401%29.jpg/500px-25.8.20_1_Bezkarska_Odysea_34_%2850269549401%29.jpg
  [4729] 'Aceitunas verde (Variedad 4729)' -> https://upload.wikimedia.org/wikipedia/commons/thumb/4/40/Fragata_Almirante_Latorre_FFG-14.jpg/500px-Fragata_Almirante_Latorre_FFG-14.jpg
  [4731] "Olives vertes con l'ail" -> https://upload.wikimedia.org/wikipedia/commons/thumb/d/da/Le_classement_des_porcs_au_croc_ou_%22en_carcasses%22._%28IA_classementporc00agri%29.pdf/page1-500px-Le_classement_des_porcs_au_croc_ou_%22en_carcasses%22._%28IA_classementporc00agri%29.pdf.jpg
  [4732] 'Olives con limón y touche de persil' -> https://upload.wikimedia.org/wikipedia/commons/thumb/d/da/Le_classement_des_porcs_au_croc_ou_%22en_carcasses%22._%28IA_classementporc00agri%29.pdf/page1-500px-Le_classement_des_porcs_au_croc_ou_%22en_carcasses%22._%28IA_classementporc00agri%29.pdf.jpg
  [4733] 'Olives noires de Nyons AOP' -> https://upload.wikimedia.org/wikipedia/commons/thumb/c/cc/Mercure_de_France%2C_1895%2C_v._13-14.pdf/page1-500px-Mercure_de_France%2C_1895%2C_v._13-14.pdf.jpg
  [4734] 'Aceitunas en salmuera negros deshuesadas' -> https://upload.wikimedia.org/wikipedia/commons/thumb/f/fd/A_chemical_study_of_the_ripening_and_pickling_of_California_olives_%28IA_chemicalstudyofr803hilt%29.pdf/page1-500px-A_chemical_study_of_the_ripening_and_pickling_of_California_olives_%28IA_chemicalstudyofr803hilt%29.pdf.jpg
  [4735] 'Sardinas con tapenade' -> https://upload.wikimedia.org/wikipedia/commons/thumb/6/69/La_Belle-Iloise.JPG/500px-La_Belle-Iloise.JPG
  [4736] 'Aceitunas sin Stein Kalamata' -> https://upload.wikimedia.org/wikipedia/commons/thumb/b/bb/Alnatura_Schokolade.JPG/500px-Alnatura_Schokolade.JPG
  [commons.wikimedia.org] 429 intento 1, esperando 40s ...
  [4738] 'Aceitunas verdes deshuesadas (Variedad 4738)' -> https://upload.wikimedia.org/wikipedia/commons/thumb/c/c6/The_Negro_Motorist_Green_Book_1948.pdf/page1-500px-The_Negro_Motorist_Green_Book_1948.pdf.jpg
  [4740] 'Olives vertes Picholines pasteurisées' -> https://upload.wikimedia.org/wikipedia/commons/thumb/1/1b/Histoire_de_Russie%2C_depuis_les_temps_les_plus_recules_jusqu%27%C3%A0_nos_jours_%28IA_bub_gb_SipBAAAAIAAJ%29.pdf/page1-500px-Histoire_de_Russie%2C_depuis_les_temps_les_plus_recules_jusqu%27%C3%A0_nos_jours_%28IA_bub_gb_SipBAAAAIAAJ%29.pdf.jpg
  [4741] 'Aceitunas Giant verdes' -> https://upload.wikimedia.org/wikipedia/commons/thumb/5/51/Baresa_station_-_2008-10-31.jpg/500px-Baresa_station_-_2008-10-31.jpg
  [4742] 'Olives noires de Nyons aop pasteurisées frasco' -> https://upload.wikimedia.org/wikipedia/commons/thumb/3/37/Flat_-_Nos_femmes_de_lettres.djvu/page1-500px-Flat_-_Nos_femmes_de_lettres.djvu.jpg
  [4743] 'Gehackte Tomaten in Tomatensaft' -> https://upload.wikimedia.org/wikipedia/commons/thumb/5/51/Baresa_station_-_2008-10-31.jpg/500px-Baresa_station_-_2008-10-31.jpg
  [4744] 'Courgettes con Provençale 1/' -> https://upload.wikimedia.org/wikipedia/commons/thumb/1/1f/Cassegrain-Teleskop.svg/500px-Cassegrain-Teleskop.svg.png
  [commons.wikimedia.org] 429 intento 1, esperando 40s ...
  [4746] 'Tajine de verduras asados 1/' -> https://upload.wikimedia.org/wikipedia/commons/thumb/1/1f/Cassegrain-Teleskop.svg/500px-Cassegrain-Teleskop.svg.png
  [4747] "Curry de guisantes chiches con especias dulces d'aucy" -> https://upload.wikimedia.org/wikipedia/commons/thumb/a/a0/Locmin%C3%A9_Usine_d%27Aucy.jpg/500px-Locmin%C3%A9_Usine_d%27Aucy.jpg
  [4749] 'Pequeños guisantes y zanahorias 1/ (Variedad 4749)' -> https://upload.wikimedia.org/wikipedia/commons/thumb/1/1f/Cassegrain-Teleskop.svg/500px-Cassegrain-Teleskop.svg.png
  [4750] "Frijoles rouges d'aucy" -> https://upload.wikimedia.org/wikipedia/commons/thumb/a/a0/Locmin%C3%A9_Usine_d%27Aucy.jpg/500px-Locmin%C3%A9_Usine_d%27Aucy.jpg
  [4751] 'Verduras pour couscous y plats orientaux' -> https://upload.wikimedia.org/wikipedia/commons/thumb/5/50/Diccionario_dos_termos_technicos_de_historia_natural_extrahidos_das_obras_de_Linn%C3%A9o%2C_com_a_sua_explica%C3%A7a%C3%B5%2C_e_estampas_abertas_em_cobre%2C_para_facilitar_a_intelligencia_dos_mesmos._E_a_memoria_sobre_a_utilidade_dos_jardin_botanicos.djvu/page1-500px-thumbnail.djvu.jpg
  [4752] 'Pequeños guisantes y zanahorias (Variedad 4752)' -> https://upload.wikimedia.org/wikipedia/commons/thumb/1/1f/Cassegrain-Teleskop.svg/500px-Cassegrain-Teleskop.svg.png
  [4753] 'Poivrons cuisinés piment Espelette' -> https://upload.wikimedia.org/wikipedia/commons/thumb/1/1f/Cassegrain-Teleskop.svg/500px-Cassegrain-Teleskop.svg.png
  [commons.wikimedia.org] 429 intento 1, esperando 39s ...
  [4755] 'Sopa Liquide verduras de Potager Knorr' -> https://upload.wikimedia.org/wikipedia/commons/thumb/8/8a/Hn-knorr-gebaeude.JPG/500px-Hn-knorr-gebaeude.JPG
  [4756] "Ratatouille cuisinée con provençale d'aucy" -> https://upload.wikimedia.org/wikipedia/commons/thumb/a/a0/Locmin%C3%A9_Usine_d%27Aucy.jpg/500px-Locmin%C3%A9_Usine_d%27Aucy.jpg
  [4757] 'Cornichons Gurken' -> https://upload.wikimedia.org/wikipedia/commons/thumb/2/21/Gurken_Freiland_Einlegegurken-Josef_Schlaghecken.jpg/500px-Gurken_Freiland_Einlegegurken-Josef_Schlaghecken.jpg
  [4758] 'White Asparagus' -> https://upload.wikimedia.org/wikipedia/commons/c/ce/Asparagus_plants_-_geograph.org.uk_-_552470.jpg
  [4759] 'Concassé de tomate con jus' -> https://upload.wikimedia.org/wikipedia/commons/thumb/d/dd/Annales_du_Jardin_botanique_de_Buitenzorg._%28IA_mobot31753002207774%29.pdf/page1-500px-Annales_du_Jardin_botanique_de_Buitenzorg._%28IA_mobot31753002207774%29.pdf.jpg
  [4760] "Lentilles préparées Cultivés en France d'aucy" -> https://upload.wikimedia.org/wikipedia/commons/thumb/a/a0/Locmin%C3%A9_Usine_d%27Aucy.jpg/500px-Locmin%C3%A9_Usine_d%27Aucy.jpg
  [4761] "Frijoles rouges d'aucy (Variedad 4761)" -> https://upload.wikimedia.org/wikipedia/commons/thumb/a/a0/Locmin%C3%A9_Usine_d%27Aucy.jpg/500px-Locmin%C3%A9_Usine_d%27Aucy.jpg
  [4762] 'Lunch bowl Légumes & boulgour' -> https://upload.wikimedia.org/wikipedia/commons/3/34/Bonduelle-Vend%C3%A9e-Globe-2004_%282%29.jpg
  [4763] "Guisantes chiches HVE Bien cultivés d'aucy" -> https://upload.wikimedia.org/wikipedia/commons/thumb/a/a0/Locmin%C3%A9_Usine_d%27Aucy.jpg/500px-Locmin%C3%A9_Usine_d%27Aucy.jpg
  [4764] "Verduras cuisinés pour couscous d'aucy" -> https://upload.wikimedia.org/wikipedia/commons/thumb/a/a0/Locmin%C3%A9_Usine_d%27Aucy.jpg/500px-Locmin%C3%A9_Usine_d%27Aucy.jpg
  [commons.wikimedia.org] 429 intento 1, esperando 40s ...
  [4765] 'Pequeños guisantes y zanahorias 4/ (Variedad 4765)' -> https://upload.wikimedia.org/wikipedia/commons/thumb/1/1f/Cassegrain-Teleskop.svg/500px-Cassegrain-Teleskop.svg.png
  [4766] 'Frijoles blancs a tomate' -> https://upload.wikimedia.org/wikipedia/commons/thumb/9/94/Pav%C3%A9_Bio_Carrefour_-_1.jpg/500px-Pav%C3%A9_Bio_Carrefour_-_1.jpg
  [4767] 'Pois chiches - Boîte (Variedad 4767)' -> https://upload.wikimedia.org/wikipedia/commons/thumb/4/4d/Periodic_table_large.svg/500px-Periodic_table_large.svg.png
  [4768] "Lentilles préparées Cultivés en France d'aucy (Variedad 4768)" -> https://upload.wikimedia.org/wikipedia/commons/thumb/a/a0/Locmin%C3%A9_Usine_d%27Aucy.jpg/500px-Locmin%C3%A9_Usine_d%27Aucy.jpg
  [4769] 'Tomates pelées entières au jus' -> https://upload.wikimedia.org/wikipedia/commons/thumb/d/dd/Annales_du_Jardin_botanique_de_Buitenzorg._%28IA_mobot31753002207774%29.pdf/page1-500px-Annales_du_Jardin_botanique_de_Buitenzorg._%28IA_mobot31753002207774%29.pdf.jpg
  [4771] "Aubergines cuisinées con provençale d'aucy" -> https://upload.wikimedia.org/wikipedia/commons/thumb/a/a0/Locmin%C3%A9_Usine_d%27Aucy.jpg/500px-Locmin%C3%A9_Usine_d%27Aucy.jpg
  [4772] 'Puré de tomates nature' -> https://upload.wikimedia.org/wikipedia/commons/thumb/7/74/2%C3%A8me_partie_carrefour_de_l%27arbre.jpg/500px-2%C3%A8me_partie_carrefour_de_l%27arbre.jpg
  [4773] 'Légumes compotés pour Couscous 1/' -> https://upload.wikimedia.org/wikipedia/commons/thumb/1/1f/Cassegrain-Teleskop.svg/500px-Cassegrain-Teleskop.svg.png
  [4774] "Maïs croquant sin résidu de pesticides d'aucy" -> https://upload.wikimedia.org/wikipedia/commons/thumb/a/a0/Locmin%C3%A9_Usine_d%27Aucy.jpg/500px-Locmin%C3%A9_Usine_d%27Aucy.jpg
  [commons.wikimedia.org] 429 intento 1, esperando 39s ...
  [4775] 'Gourmandise de guisantes con provençale' -> https://upload.wikimedia.org/wikipedia/commons/thumb/1/1f/Cassegrain-Teleskop.svg/500px-Cassegrain-Teleskop.svg.png
  [4776] 'Cocido lentils y chickpeas (jardin Bio)' -> https://upload.wikimedia.org/wikipedia/commons/thumb/d/dd/Annales_du_Jardin_botanique_de_Buitenzorg._%28IA_mobot31753002207774%29.pdf/page1-500px-Annales_du_Jardin_botanique_de_Buitenzorg._%28IA_mobot31753002207774%29.pdf.jpg
  [4778] "Courgettes cuisinées con provençale d'aucy" -> https://upload.wikimedia.org/wikipedia/commons/thumb/a/a0/Locmin%C3%A9_Usine_d%27Aucy.jpg/500px-Locmin%C3%A9_Usine_d%27Aucy.jpg
  [4779] 'Thunfischfilets in eigenem Saft' -> https://upload.wikimedia.org/wikipedia/commons/thumb/e/e0/Bundesarchiv_Bild_146-2008-0167%2C_Segelschiff_%22SMS_Nixe%22.jpg/500px-Bundesarchiv_Bild_146-2008-0167%2C_Segelschiff_%22SMS_Nixe%22.jpg
  [4780] "Atún entero a l'huile TAM" -> https://upload.wikimedia.org/wikipedia/commons/thumb/6/6d/TAM_snorkel.JPG/500px-TAM_snorkel.JPG
  [4781] 'Aceite TAM atún' -> https://upload.wikimedia.org/wikipedia/commons/thumb/6/6d/TAM_snorkel.JPG/500px-TAM_snorkel.JPG
  [4782] 'Atún entero con nature' -> https://upload.wikimedia.org/wikipedia/commons/thumb/9/9c/Partition_Il_%C3%A9tait_un_petit_navire.png/500px-Partition_Il_%C3%A9tait_un_petit_navire.png
  [4783] 'Atún entero al natural Albacore (Variedad 4783)' -> https://upload.wikimedia.org/wikipedia/commons/thumb/9/9c/Partition_Il_%C3%A9tait_un_petit_navire.png/500px-Partition_Il_%C3%A9tait_un_petit_navire.png
  [commons.wikimedia.org] 429 intento 1, esperando 39s ...
  [4784] 'Thon a lhuile' -> https://upload.wikimedia.org/wikipedia/commons/thumb/6/6d/TAM_snorkel.JPG/500px-TAM_snorkel.JPG
  [4785] 'Atún blanco al natural (Variedad 4785)' -> https://upload.wikimedia.org/wikipedia/commons/thumb/4/40/Connetable_%28Gatchina%29.jpg/500px-Connetable_%28Gatchina%29.jpg
  [4788] 'Atún entero con l’huile d’olive' -> https://upload.wikimedia.org/wikipedia/commons/thumb/3/37/Le_Savoureux.jpg/500px-Le_Savoureux.jpg
  [4789] 'Atún entero al natural (Variedad 4789)' -> https://upload.wikimedia.org/wikipedia/commons/thumb/9/9c/Partition_Il_%C3%A9tait_un_petit_navire.png/500px-Partition_Il_%C3%A9tait_un_petit_navire.png
  [4790] "Filets de atún con l'huile d'olive vierge extra" -> https://upload.wikimedia.org/wikipedia/commons/thumb/2/2e/Publicit%C3%A9_Saupiquet_1882.JPG/500px-Publicit%C3%A9_Saupiquet_1882.JPG
  [4792] "Atún entero a l'huile végétale" -> https://upload.wikimedia.org/wikipedia/commons/2/21/Joan_Miro.png
  [4793] 'Morceaux de atún nature' -> https://upload.wikimedia.org/wikipedia/commons/thumb/9/9c/Partition_Il_%C3%A9tait_un_petit_navire.png/500px-Partition_Il_%C3%A9tait_un_petit_navire.png
  [commons.wikimedia.org] 429 intento 1, esperando 40s ...
  [4794] 'Atún a sauce tomate' -> https://upload.wikimedia.org/wikipedia/commons/d/df/Maurice_Joly_%28circa_1860%29.jpg
  [4796] 'Atún entero al natural cuisson vapeur (Variedad 4796)' -> https://upload.wikimedia.org/wikipedia/commons/thumb/9/9c/Partition_Il_%C3%A9tait_un_petit_navire.png/500px-Partition_Il_%C3%A9tait_un_petit_navire.png
  [4797] 'Atún entero Albacore al natural (Variedad 4797)' -> https://upload.wikimedia.org/wikipedia/commons/thumb/0/02/Carrefour_55-o.art.pub-carrefour-02.jpg/500px-Carrefour_55-o.art.pub-carrefour-02.jpg
  [4798] 'Atún listao al natural pêché ligne' -> https://upload.wikimedia.org/wikipedia/commons/thumb/4/4d/Periodic_table_large.svg/500px-Periodic_table_large.svg.png
  [4799] 'Tartinades de atún, Tomates séchées y tomillo (Variedad 4799)' -> https://upload.wikimedia.org/wikipedia/commons/thumb/9/9c/Partition_Il_%C3%A9tait_un_petit_navire.png/500px-Partition_Il_%C3%A9tait_un_petit_navire.png
  [4800] 'Sandwich Moelleux thon oeuf crudités sauce cocktail' -> https://upload.wikimedia.org/wikipedia/commons/thumb/d/dc/Podium_Division_4_%28Tom_Daunat%2C_Arthur_Barbault-Forget%2C_Yann_Le_Lay%29_-_Dreux_2024.jpg/500px-Podium_Division_4_%28Tom_Daunat%2C_Arthur_Barbault-Forget%2C_Yann_Le_Lay%29_-_Dreux_2024.jpg
  [4801] 'Aceite Garcia - atún' -> https://upload.wikimedia.org/wikipedia/commons/thumb/b/b7/Elias_Garcia_Martinez_-_Ecce_Homo.jpg/500px-Elias_Garcia_Martinez_-_Ecce_Homo.jpg
  [4802] 'Atún entero nature' -> https://upload.wikimedia.org/wikipedia/commons/thumb/2/2e/Publicit%C3%A9_Saupiquet_1882.JPG/500px-Publicit%C3%A9_Saupiquet_1882.JPG
  [4803] 'Émietté de atún marinado albahaca (Variedad 4803)' -> https://upload.wikimedia.org/wikipedia/commons/thumb/9/9c/Partition_Il_%C3%A9tait_un_petit_navire.png/500px-Partition_Il_%C3%A9tait_un_petit_navire.png
  [commons.wikimedia.org] 429 intento 1, esperando 39s ...
  [4804] 'Atún al natural' -> https://upload.wikimedia.org/wikipedia/commons/thumb/d/d2/The_Annals_and_magazine_of_natural_history%3B_zoology%2C_botany%2C_and_geology_%28IA_annalsmagazineof571881lond%29.pdf/page1-500px-The_Annals_and_magazine_of_natural_history%3B_zoology%2C_botany%2C_and_geology_%28IA_annalsmagazineof571881lond%29.pdf.jpg
  [4805] 'Limón y tomillo Emietté de atún marinado (Variedad 4805)' -> https://upload.wikimedia.org/wikipedia/commons/thumb/9/9c/Partition_Il_%C3%A9tait_un_petit_navire.png/500px-Partition_Il_%C3%A9tait_un_petit_navire.png
  [4807] 'Rillettes de atún con olives vertes' -> https://upload.wikimedia.org/wikipedia/commons/thumb/9/9c/Partition_Il_%C3%A9tait_un_petit_navire.png/500px-Partition_Il_%C3%A9tait_un_petit_navire.png
  [4808] "Atún entero con l'huile de tournesol" -> https://upload.wikimedia.org/wikipedia/commons/thumb/9/9c/Partition_Il_%C3%A9tait_un_petit_navire.png/500px-Partition_Il_%C3%A9tait_un_petit_navire.png
  [4809] "Atún albacore con l'huile d'olive SAVOUREUX" -> https://upload.wikimedia.org/wikipedia/commons/thumb/3/37/Le_Savoureux.jpg/500px-Le_Savoureux.jpg
  [4810] 'Filets de atún al natural (Variedad 4810)' -> https://upload.wikimedia.org/wikipedia/commons/thumb/2/2e/Publicit%C3%A9_Saupiquet_1882.JPG/500px-Publicit%C3%A9_Saupiquet_1882.JPG
  [4811] 'Atún | en salmuera Skipjack' -> https://upload.wikimedia.org/wikipedia/commons/thumb/2/25/Phare_d%27Eckm%C3%BChl%2C_Penmarc%27h%2C_France_%28panoramique%29.jpg/500px-Phare_d%27Eckm%C3%BChl%2C_Penmarc%27h%2C_France_%28panoramique%29.jpg
  [4812] "Atún entero con l'huile d'olive vierge extra" -> https://upload.wikimedia.org/wikipedia/commons/thumb/9/9c/Partition_Il_%C3%A9tait_un_petit_navire.png/500px-Partition_Il_%C3%A9tait_un_petit_navire.png
  [commons.wikimedia.org] 429 intento 1, esperando 39s ...
  [4813] 'Atún entero listao pêché con ligne boîte de (Variedad 4813)' -> https://upload.wikimedia.org/wikipedia/commons/thumb/4/4d/Periodic_table_large.svg/500px-Periodic_table_large.svg.png
  [4814] 'Limón Filet de atún (Variedad 4814)' -> https://upload.wikimedia.org/wikipedia/commons/thumb/2/2e/Publicit%C3%A9_Saupiquet_1882.JPG/500px-Publicit%C3%A9_Saupiquet_1882.JPG
  [4815] 'Aceite de tournesol Miettes de atún con l (Variedad 4815)' -> https://upload.wikimedia.org/wikipedia/commons/thumb/9/9c/Partition_Il_%C3%A9tait_un_petit_navire.png/500px-Partition_Il_%C3%A9tait_un_petit_navire.png
  [4817] 'Aceite oliva v.e. atún blanco (Variedad 4817)' -> https://upload.wikimedia.org/wikipedia/commons/thumb/5/59/Anne_conn%C3%A9table_de_Montmorency_Chantilly.jpg/500px-Anne_conn%C3%A9table_de_Montmorency_Chantilly.jpg
  [4818] 'Atún | en salmuera Albacore' -> https://upload.wikimedia.org/wikipedia/commons/thumb/5/59/Anne_conn%C3%A9table_de_Montmorency_Chantilly.jpg/500px-Anne_conn%C3%A9table_de_Montmorency_Chantilly.jpg
  [4819] 'Atún Salad maíz con peas suave, Aceitunas zanahorias y negros (Variedad 4819)' -> https://upload.wikimedia.org/wikipedia/commons/thumb/7/7d/Salads_and_salad_dressings_%28IA_saladssaladdress00murp%29.pdf/page1-500px-Salads_and_salad_dressings_%28IA_saladssaladdress00murp%29.pdf.jpg
  [4820] 'Tartinades de atún - Duo de poivrons y tomates' -> https://upload.wikimedia.org/wikipedia/commons/thumb/9/9c/Partition_Il_%C3%A9tait_un_petit_navire.png/500px-Partition_Il_%C3%A9tait_un_petit_navire.png
  [4821] 'Atún albacore al natural tranche emboité cru 200g 140g (1/4)' -> https://upload.wikimedia.org/wikipedia/commons/thumb/2/2d/Strasbourg%2C_Cin%C3%A9ma_Odyss%C3%A9e.jpg/500px-Strasbourg%2C_Cin%C3%A9ma_Odyss%C3%A9e.jpg
  [commons.wikimedia.org] 429 intento 1, esperando 40s ...
  [4822] "Atún miettes généreuse con l'huile d'olive vierge extra" -> https://upload.wikimedia.org/wikipedia/commons/thumb/3/37/Le_Savoureux.jpg/500px-Le_Savoureux.jpg
  [4825] 'Atún blanco al natural Germon (Variedad 4825)' -> https://upload.wikimedia.org/wikipedia/commons/thumb/9/9c/Partition_Il_%C3%A9tait_un_petit_navire.png/500px-Partition_Il_%C3%A9tait_un_petit_navire.png
  [4826] 'Kéfir agua' -> https://upload.wikimedia.org/wikipedia/commons/thumb/b/be/Kefir_wodny_%28Tibicos%29.jpg/500px-Kefir_wodny_%28Tibicos%29.jpg
  [4830] 'Kefir d’acqua' -> https://upload.wikimedia.org/wikipedia/commons/thumb/b/be/Kefir_wodny_%28Tibicos%29.jpg/500px-Kefir_wodny_%28Tibicos%29.jpg
  [commons.wikimedia.org] 429 intento 1, esperando 40s ...
  [4835] 'Cerveza 1664' -> https://upload.wikimedia.org/wikipedia/commons/thumb/e/ea/Kronenbourg_1664_blanc%2C_Canada_%28French_side%29%2C_2026-02-28.jpg/500px-Kronenbourg_1664_blanc%2C_Canada_%28French_side%29%2C_2026-02-28.jpg
  [4836] 'Bière Blonde sans alcool' -> https://upload.wikimedia.org/wikipedia/commons/thumb/6/69/Tromp-l%27oeil_Still-Life_1664_Hoogstraeten.jpg/500px-Tromp-l%27oeil_Still-Life_1664_Hoogstraeten.jpg
  [4837] 'Biere bud' -> https://upload.wikimedia.org/wikipedia/commons/thumb/7/75/Wild_angelica_-_bud_opening.jpg/500px-Wild_angelica_-_bud_opening.jpg
  [4838] 'Bière blanche' -> https://upload.wikimedia.org/wikipedia/commons/thumb/3/38/Blanche_de_Namur.JPG/500px-Blanche_de_Namur.JPG
  [4839] 'NON-ALCOHOLIC BEER' -> https://upload.wikimedia.org/wikipedia/commons/thumb/5/57/Four_non-alcoholic_beers.jpg/500px-Four_non-alcoholic_beers.jpg
  [4840] 'Blanco bière blanche sin alcool' -> https://upload.wikimedia.org/wikipedia/commons/thumb/e/ea/Kronenbourg_1664_blanc%2C_Canada_%28French_side%29%2C_2026-02-28.jpg/500px-Kronenbourg_1664_blanc%2C_Canada_%28French_side%29%2C_2026-02-28.jpg
  [commons.wikimedia.org] 429 intento 1, esperando 39s ...
  [4841] 'Monts' -> https://upload.wikimedia.org/wikipedia/commons/thumb/f/f7/Monts-mairie.JPG/500px-Monts-mairie.JPG
  [4842] 'Bier Tsingtao' -> https://upload.wikimedia.org/wikipedia/commons/thumb/4/4b/Tsingtao_in_Qingdao_1.JPG/500px-Tsingtao_in_Qingdao_1.JPG
  [4843] 'Bière blonde pur malt' -> https://upload.wikimedia.org/wikipedia/commons/thumb/c/c8/Among_the_branches_of_a_potted_jade_plant.jpg/500px-Among_the_branches_of_a_potted_jade_plant.jpg
  [4844] 'Biere blonde sans gluten JADE' -> https://upload.wikimedia.org/wikipedia/commons/thumb/c/c8/Among_the_branches_of_a_potted_jade_plant.jpg/500px-Among_the_branches_of_a_potted_jade_plant.jpg
  [4845] 'BTE 50CL DESPERADOS 5.90%' -> https://upload.wikimedia.org/wikipedia/commons/thumb/9/9c/Desperados.jpg/500px-Desperados.jpg
  [4846] 'BLE 75CL BIERE KARMELIET 8,4%V' -> https://upload.wikimedia.org/wikipedia/commons/thumb/8/83/Tripel_Karmeliet_glas.jpg/500px-Tripel_Karmeliet_glas.jpg
  [4847] 'Alkoholfrei' -> https://upload.wikimedia.org/wikipedia/commons/thumb/3/3d/Pressekonferenz_Alkoholfrei_Sport_genie%C3%9Fen_by_Olaf_Kosinsky-1.jpg/500px-Pressekonferenz_Alkoholfrei_Sport_genie%C3%9Fen_by_Olaf_Kosinsky-1.jpg
  [4848] 'Kronenbourg Bière blonde 4.2%vol' -> https://upload.wikimedia.org/wikipedia/commons/thumb/1/17/Rosa_%E2%80%9CFlaming_Peace%E2%80%9D%2C_%E2%80%9CKronenbourg%E2%80%9D_o_MACbo._02.jpg/500px-Rosa_%E2%80%9CFlaming_Peace%E2%80%9D%2C_%E2%80%9CKronenbourg%E2%80%9D_o_MACbo._02.jpg
  [4849] 'BTE 50CL BIERE 5% HEINEKEN' -> https://upload.wikimedia.org/wikipedia/commons/thumb/a/ad/Heineken_lager_beer_made_in_China.jpg/500px-Heineken_lager_beer_made_in_China.jpg
  [4850] 'ASAHI SUPER DRY' -> https://upload.wikimedia.org/wikipedia/commons/thumb/2/2c/Asahi_superdry_japan.JPG/500px-Asahi_superdry_japan.JPG
  [4851] 'Alus BREWDOG PUNK ipa' -> https://upload.wikimedia.org/wikipedia/commons/thumb/7/7f/Brewdog_bar%2C_Cardiff_at_night.jpg/500px-Brewdog_bar%2C_Cardiff_at_night.jpg
  [4852] 'Bière Brune Draught 4,2% GUINNESS' -> https://upload.wikimedia.org/wikipedia/commons/thumb/4/40/Guinness-bier1441.JPG/500px-Guinness-bier1441.JPG
  [4853] "BIERE BLONDE A L\\'ANCIENNE" -> https://upload.wikimedia.org/wikipedia/commons/b/b5/La_goudale.jpg
  [4854] 'Bere blondă pasteurizată' -> https://upload.wikimedia.org/wikipedia/commons/thumb/8/89/Bra%C5%9Dovo%2C_bierfarejo_Ciuca%C8%99%2C_1.jpeg/500px-Bra%C5%9Dovo%2C_bierfarejo_Ciuca%C8%99%2C_1.jpeg
  [commons.wikimedia.org] 429 intento 1, esperando 38s ...
  [4855] 'Bière sans alcool' -> https://upload.wikimedia.org/wikipedia/commons/thumb/6/69/Tromp-l%27oeil_Still-Life_1664_Hoogstraeten.jpg/500px-Tromp-l%27oeil_Still-Life_1664_Hoogstraeten.jpg
  [4856] 'Bière Blanche 1664 sans alcool' -> https://upload.wikimedia.org/wikipedia/commons/thumb/e/ea/Kronenbourg_1664_blanc%2C_Canada_%28French_side%29%2C_2026-02-28.jpg/500px-Kronenbourg_1664_blanc%2C_Canada_%28French_side%29%2C_2026-02-28.jpg
  [4857] 'BIRRA MORETTI' -> https://upload.wikimedia.org/wikipedia/commons/thumb/1/1a/Birra_Moretti%2C_33_e_66_cl.jpg/500px-Birra_Moretti%2C_33_e_66_cl.jpg
  [4858] 'CL BIERE JENLAIN AMBREE' -> https://upload.wikimedia.org/wikipedia/commons/thumb/c/c6/Jenlain_mnoel01.jpg/500px-Jenlain_mnoel01.jpg
  [4859] 'Licorne Black 0,0%' -> https://upload.wikimedia.org/wikipedia/commons/thumb/a/ab/Corre-La_Licorne_1913.JPG/500px-Corre-La_Licorne_1913.JPG
  [4860] 'Goudale 0.00% - Jus de limón' -> https://upload.wikimedia.org/wikipedia/commons/b/b5/La_goudale.jpg
  [4861] 'Bière blonde' -> https://upload.wikimedia.org/wikipedia/commons/thumb/5/5b/Grimbergen_blonde_-_verre_et_bouteille.jpg/500px-Grimbergen_blonde_-_verre_et_bouteille.jpg
  [4862] 'Desperados, Desperados Red' -> https://upload.wikimedia.org/wikipedia/commons/thumb/0/0f/Gejiu_-_Red_River_Valley_-_P1370877.JPG/500px-Gejiu_-_Red_River_Valley_-_P1370877.JPG
  [4863] 'Μπύρα' -> https://upload.wikimedia.org/wikipedia/commons/thumb/9/9c/Alpha_uc_lc.svg/500px-Alpha_uc_lc.svg.png
  [4864] 'BTE 50CL 8.6 ORIGINAL 8.6%' -> https://upload.wikimedia.org/wikipedia/commons/thumb/4/4e/Upernavik_cemetery_2007-08-06_original_stitch.jpg/500px-Upernavik_cemetery_2007-08-06_original_stitch.jpg
  [commons.wikimedia.org] 429 intento 1, esperando 40s ...
  [4865] 'CL BIERE LA GOUDALE AMBREE' -> https://upload.wikimedia.org/wikipedia/commons/thumb/4/41/Brasserie_Goudale_01.jpg/500px-Brasserie_Goudale_01.jpg
  [4866] 'BLE 75CL BIERE BLONDE LEFFE' -> https://upload.wikimedia.org/wikipedia/commons/thumb/6/6f/Leffe%2CAbbaye_%28batiment_principal%29.JPG/500px-Leffe%2CAbbaye_%28batiment_principal%29.JPG
  [4867] 'Bierre Bleue con myrtilles' -> https://upload.wikimedia.org/wikipedia/commons/thumb/d/d9/La_Rousse%2C_Brasserie_du_Mont-Blanc.jpg/500px-La_Rousse%2C_Brasserie_du_Mont-Blanc.jpg
  [4868] 'Cerveza 5%' -> https://upload.wikimedia.org/wikipedia/commons/thumb/5/5f/Stella_Artois_en_Brasil.jpg/500px-Stella_Artois_en_Brasil.jpg
  [4869] 'BLE 33CL BIER.GOUDALE BLD 7.2%' -> https://upload.wikimedia.org/wikipedia/commons/thumb/4/41/Brasserie_Goudale_01.jpg/500px-Brasserie_Goudale_01.jpg
  [4870] 'X25CL LEFFE BLONDE 6,6%' -> https://upload.wikimedia.org/wikipedia/commons/thumb/6/6f/Leffe%2CAbbaye_%28batiment_principal%29.JPG/500px-Leffe%2CAbbaye_%28batiment_principal%29.JPG
  [4871] 'Saké de cuisine' -> https://upload.wikimedia.org/wikipedia/commons/thumb/5/52/Minangkabau_cuisine_Bukittingi.jpg/500px-Minangkabau_cuisine_Bukittingi.jpg
  [4872] 'Vino MIRIN dulce COOKING arroz' -> https://upload.wikimedia.org/wikipedia/commons/thumb/d/d1/Mirin_%28Japanese_sweet_rice_wine_for_cooking%29.jpg/500px-Mirin_%28Japanese_sweet_rice_wine_for_cooking%29.jpg
  [4874] 'Saké pour cuisine' -> https://upload.wikimedia.org/wikipedia/commons/thumb/4/4d/Societe_Asiatique_Collection_D%E2%80%99Ouvrages_Orientaux_Second_Serie_Le_Mahavastu_Texte_Sancrit_publie_Pour_La_Premier_Fois%3B_%28Vol.III%29_%28IA_dli.granth.36038%29.pdf/page1-500px-Societe_Asiatique_Collection_D%E2%80%99Ouvrages_Orientaux_Second_Serie_Le_Mahavastu_Texte_Sancrit_publie_Pour_La_Premier_Fois%3B_%28Vol.III%29_%28IA_dli.granth.36038%29.pdf.jpg
  [4875] 'Assaisonnement Saké Sucré Mirin KIKKOMAN 375ML 12.5%' -> https://upload.wikimedia.org/wikipedia/commons/thumb/7/7f/KIKKOMAN_Corporation_head_office.jpg/500px-KIKKOMAN_Corporation_head_office.jpg
  [commons.wikimedia.org] 429 intento 1, esperando 39s ...
  [4879] 'Cebollas Crisp y agridulces silverskin' -> https://upload.wikimedia.org/wikipedia/commons/thumb/3/38/Karta_Tesco_ClubCard.jpg/500px-Karta_Tesco_ClubCard.jpg
  [4880] 'Oignons bo 37cl' -> https://upload.wikimedia.org/wikipedia/commons/thumb/8/86/Bouton_d%27or_%282%29.jpg/500px-Bouton_d%27or_%282%29.jpg
  [4881] 'KÜHNE Silber Zwiebeln 40804477 Silberzwiebeln' -> https://upload.wikimedia.org/wikipedia/commons/thumb/6/66/Roy_K%C3%BChne_2012.jpg/500px-Roy_K%C3%BChne_2012.jpg
  [4882] 'Cebollas encurtidas balsámico' -> https://upload.wikimedia.org/wikipedia/commons/thumb/5/5b/Marks_%26_Spencer%2C_Briggate%2C_Leeds_%284th_May_2010%29.jpg/500px-Marks_%26_Spencer%2C_Briggate%2C_Leeds_%284th_May_2010%29.jpg
  [4883] 'Cebollas agridulces' -> https://upload.wikimedia.org/wikipedia/commons/thumb/f/fe/Valley_of_Stones%2C_sarsons_-_geograph.org.uk_-_1529567.jpg/500px-Valley_of_Stones%2C_sarsons_-_geograph.org.uk_-_1529567.jpg
  [4885] 'Encurtido chalotas' -> https://upload.wikimedia.org/wikipedia/commons/thumb/6/68/-2019-11-04_Three_jars_of_pickled_shallots%2C_Trimingham.JPG/500px--2019-11-04_Three_jars_of_pickled_shallots%2C_Trimingham.JPG
  [4887] 'Cebollas tradicional' -> https://upload.wikimedia.org/wikipedia/commons/thumb/5/56/Una_pizza_casera_tradicional_de_la_mesa_argentina_cubierta_con_queso_cremoso_fundido_y_una_salsa_lenta_de_cebollas%2C_ajo_y_tomates_maduros%2C_con_aceitunas_mendocinas%2C_morrones_rojos_fritos_y_rodajas_de_huevo_hervido.jpg/500px-thumbnail.jpg
  [commons.wikimedia.org] 429 intento 1, esperando 40s ...
  [4888] 'Cebollas encurtidas Pink' -> https://upload.wikimedia.org/wikipedia/commons/thumb/a/a5/J._Sainsbury%27s_supermarket_Camden_Road%2C_London.jpg/500px-J._Sainsbury%27s_supermarket_Camden_Road%2C_London.jpg
  [4890] 'Cebollas crujientes en vinagre pequeños' -> https://upload.wikimedia.org/wikipedia/commons/thumb/0/0b/Monoprix_shop_looted_2011.jpg/500px-Monoprix_shop_looted_2011.jpg
  [4891] 'Agridulce Zilveruitjes (Variedad 4891)' -> https://upload.wikimedia.org/wikipedia/commons/f/fa/Boni.jpg
  [4892] 'Zilveruitjes agridulce' -> https://upload.wikimedia.org/wikipedia/commons/thumb/3/3e/Albert_Heijn_Headquarters_by_Niels_Kim.jpg/500px-Albert_Heijn_Headquarters_by_Niels_Kim.jpg
  [4893] 'Agridulce Zilver Uitjes (Variedad 4893)' -> https://upload.wikimedia.org/wikipedia/commons/thumb/2/22/Jumbo_and_Matthew_Scott.png/500px-Jumbo_and_Matthew_Scott.png
  [4894] 'Cebollas encurtidas Australian' -> https://upload.wikimedia.org/wikipedia/commons/thumb/5/58/How_onions_are_marketed_%28IA_howonionsaremark65pate%29.pdf/page1-500px-How_onions_are_marketed_%28IA_howonionsaremark65pate%29.pdf.jpg
  [4896] 'Cebollas encurtidos silverskin' -> https://upload.wikimedia.org/wikipedia/commons/thumb/3/38/Karta_Tesco_ClubCard.jpg/500px-Karta_Tesco_ClubCard.jpg
  [4898] 'Cebolla cebollas encurtida en balsámico vine INGREDIENTS:' -> https://upload.wikimedia.org/wikipedia/commons/thumb/0/0b/Waitrose%2C_Tarvin_Road%2C_Chester_-_geograph.org.uk_-_4340416.jpg/500px-Waitrose%2C_Tarvin_Road%2C_Chester_-_geograph.org.uk_-_4340416.jpg
  [commons.wikimedia.org] 429 intento 1, esperando 39s ...
  [4900] 'Cebollas blanco en vinagre' -> https://upload.wikimedia.org/wikipedia/commons/a/a7/Aucune_g%C3%A9olocalisation.png
  [4901] "Cipolline all'aceto balsamico de Modena IGP" -> https://upload.wikimedia.org/wikipedia/commons/thumb/f/fe/Antica_cucina_dell%27abbazia_di_Vallombrosa.jpg/500px-Antica_cucina_dell%27abbazia_di_Vallombrosa.jpg
  [4902] 'Cocktail Onions' -> https://upload.wikimedia.org/wikipedia/commons/thumb/0/04/Cocktail_onions.JPG/500px-Cocktail_onions.JPG
  [4903] 'Agridulces SILVERSKIN ONI' -> https://upload.wikimedia.org/wikipedia/commons/thumb/7/76/Interior_of_ASDA_Walmart_Supercentre_Milton_Keynes.jpg/500px-Interior_of_ASDA_Walmart_Supercentre_Milton_Keynes.jpg
  [4904] 'Cebollas balsámico' -> https://upload.wikimedia.org/wikipedia/commons/thumb/8/87/Senor_Lupo_Pizza_-_Sausage%2C_Roasted_Onions%2C_Capsicums_and_Cauliflower_-_Mr_Wolf_%28538386919%29.jpg/500px-Senor_Lupo_Pizza_-_Sausage%2C_Roasted_Onions%2C_Capsicums_and_Cauliflower_-_Mr_Wolf_%28538386919%29.jpg
  [4905] 'Cebollas con cúrcuma y mostaza semillas Silverskin (Variedad 4905)' -> https://upload.wikimedia.org/wikipedia/commons/thumb/c/c4/Sommet_des_opies-ouest.jpg/500px-Sommet_des_opies-ouest.jpg
  [4907] 'Cebollas pequeño (Variedad 4907)' -> https://upload.wikimedia.org/wikipedia/commons/5/50/Johann_Joseph_Achermann_%28manner_of_Balthasar_Denner%29_-_old_woman_%28INV_1209_Louvre%29.jpg
  [4908] 'Cebollas en vinagre' -> https://upload.wikimedia.org/wikipedia/commons/thumb/0/06/Delhaize_advertisement.JPG/500px-Delhaize_advertisement.JPG
  [4909] 'Cebollas agridulce pequeños (Variedad 4909)' -> https://upload.wikimedia.org/wikipedia/commons/f/fa/Boni.jpg
  [commons.wikimedia.org] 429 intento 1, esperando 40s ...
  [4911] 'Oignons rouges' -> https://upload.wikimedia.org/wikipedia/commons/thumb/6/61/Oignons_rouges_au_march%C3%A9.jpg/500px-Oignons_rouges_au_march%C3%A9.jpg
  [4912] 'Pickled Eggs' -> https://upload.wikimedia.org/wikipedia/commons/thumb/2/20/Pickled_beet_eggs_large.jpg/500px-Pickled_beet_eggs_large.jpg
  [4913] 'Oeufs marinés' -> https://upload.wikimedia.org/wikipedia/commons/thumb/3/38/Clowns_et_oeufs_%C3%A0_Mayotte.jpg/500px-Clowns_et_oeufs_%C3%A0_Mayotte.jpg
  [4915] 'oeufs marinés' -> https://upload.wikimedia.org/wikipedia/commons/thumb/3/38/Clowns_et_oeufs_%C3%A0_Mayotte.jpg/500px-Clowns_et_oeufs_%C3%A0_Mayotte.jpg
  [4917] 'Mustard eggs' -> https://upload.wikimedia.org/wikipedia/commons/thumb/4/46/Scotch_Eggs_w-_Mustard_Sauce_%288247871807%29.jpg/500px-Scotch_Eggs_w-_Mustard_Sauce_%288247871807%29.jpg
  [4919] 'Saucisses de Montbéliard IGP con cuire' -> https://upload.wikimedia.org/wikipedia/commons/thumb/c/cc/Mercure_de_France%2C_1895%2C_v._13-14.pdf/page1-500px-Mercure_de_France%2C_1895%2C_v._13-14.pdf.jpg
  [4920] 'Saucisses fumées' -> https://upload.wikimedia.org/wikipedia/commons/thumb/e/ed/-2020-11-11_Ledger_stone%2C_Sam_Langwade%2C_Saint_Ethelbert%27s%2C_Alby_Norfolk.JPG/500px--2020-11-11_Ledger_stone%2C_Sam_Langwade%2C_Saint_Ethelbert%27s%2C_Alby_Norfolk.JPG
  [commons.wikimedia.org] 429 intento 1, esperando 38s ...
  [4922] 'korv' -> https://upload.wikimedia.org/wikipedia/commons/thumb/2/2d/Korv_stroganoff.jpg/500px-Korv_stroganoff.jpg
  [4923] 'Hot Dog saucisses fumées' -> https://upload.wikimedia.org/wikipedia/commons/thumb/6/6d/Mcennedy_U.S._American_specialities_at_the_Lidl%2C_Winschoten_%282018%29.jpg/500px-Mcennedy_U.S._American_specialities_at_the_Lidl%2C_Winschoten_%282018%29.jpg
  [4924] 'Saucisse de Morteau IGP con cuire' -> https://upload.wikimedia.org/wikipedia/commons/thumb/c/cc/Mercure_de_France%2C_1895%2C_v._13-14.pdf/page1-500px-Mercure_de_France%2C_1895%2C_v._13-14.pdf.jpg
  [4926] 'Saucisses fumées con bois de hêtre' -> https://upload.wikimedia.org/wikipedia/commons/thumb/0/02/Carrefour_55-o.art.pub-carrefour-02.jpg/500px-Carrefour_55-o.art.pub-carrefour-02.jpg
  [commons.wikimedia.org] 429 intento 1, esperando 39s ...
  [4931] 'Saucisses fumées con cuire - 4x' -> https://upload.wikimedia.org/wikipedia/commons/thumb/4/4d/Periodic_table_large.svg/500px-Periodic_table_large.svg.png
  [4932] 'Saucisses fumées (Variedad 4932)' -> https://upload.wikimedia.org/wikipedia/commons/thumb/2/25/Alter_Simpl.jpg/500px-Alter_Simpl.jpg
  [4933] 'Saucisses fumees a cuire' -> https://upload.wikimedia.org/wikipedia/commons/thumb/2/22/Auchan%2C_Le_Pontet%2C_Vaucluse%2C_France.jpg/500px-Auchan%2C_Le_Pontet%2C_Vaucluse%2C_France.jpg
  [commons.wikimedia.org] 429 intento 1, esperando 40s ...
  [4935] 'Saucisse ahumada ss sal nitrité (2)' -> https://upload.wikimedia.org/wikipedia/commons/thumb/3/36/Saint-Girons_-_Biocoop_-_20110307_%282%29.jpg/500px-Saint-Girons_-_Biocoop_-_20110307_%282%29.jpg
  [4936] 'Saucisses fumées con bois de hêtre a la antigua' -> https://upload.wikimedia.org/wikipedia/commons/thumb/1/13/Madrange.png/500px-Madrange.png
  [4938] 'Diots de Jura cuit con morbier' -> https://upload.wikimedia.org/wikipedia/commons/thumb/6/67/AduC_052_Clavi%C3%A8re_%28E.%2C_1735-1793%29.JPG/500px-AduC_052_Clavi%C3%A8re_%28E.%2C_1735-1793%29.JPG
  [commons.wikimedia.org] 429 intento 1, esperando 39s ...
  [4940] 'Smoked Sausages' -> https://upload.wikimedia.org/wikipedia/commons/c/c5/Smoked_Chinese_sausage.jpg
  [4941] 'Cajun Style Andouille' -> https://upload.wikimedia.org/wikipedia/commons/thumb/5/58/Bro%27s_Cajun_Cuisine_Stuffed_Porkchop%2C_Nashville_TN.jpg/500px-Bro%27s_Cajun_Cuisine_Stuffed_Porkchop%2C_Nashville_TN.jpg
  [4942] 'Kabanos Classic' -> https://upload.wikimedia.org/wikipedia/commons/thumb/9/93/Frikandellenvlaai_ALDI_%2837676383744%29.jpg/500px-Frikandellenvlaai_ALDI_%2837676383744%29.jpg
  [4944] 'Saucisses fumées spécial potée' -> https://upload.wikimedia.org/wikipedia/commons/thumb/0/02/Carrefour_55-o.art.pub-carrefour-02.jpg/500px-Carrefour_55-o.art.pub-carrefour-02.jpg
  [4945] 'Wurst-Tiroler Kaminwurzerl' -> https://upload.wikimedia.org/wikipedia/commons/thumb/6/65/Handl_Tyrol_Hauptsitz%2C_Pians_03.JPG/500px-Handl_Tyrol_Hauptsitz%2C_Pians_03.JPG
  [4946] 'Extra Mature Chefdar' -> https://upload.wikimedia.org/wikipedia/commons/thumb/3/38/Karta_Tesco_ClubCard.jpg/500px-Karta_Tesco_ClubCard.jpg
  [commons.wikimedia.org] 429 intento 1, esperando 39s ...
  [4947] 'Pimiento y nuez moscada pork sausages con back' -> https://upload.wikimedia.org/wikipedia/commons/thumb/8/87/Pork_on_the_farm_-_killing_curing_and_canning_%28IA_CAT31101582%29.pdf/page1-500px-Pork_on_the_farm_-_killing_curing_and_canning_%28IA_CAT31101582%29.pdf.jpg
  [4948] 'Saucisse ahumada con bois de hêtre' -> https://upload.wikimedia.org/wikipedia/commons/c/c3/Publicit%C3%A9_H%C3%A9naff_1932.jpg
  [4949] 'Original Smoked Sausages' -> https://upload.wikimedia.org/wikipedia/commons/thumb/b/b7/Smoked_meat%2C_Vojvodina%2C_Serbia.jpg/500px-Smoked_meat%2C_Vojvodina%2C_Serbia.jpg
  [4950] 'Breslauer Wurst (polnische Brühwurst)' -> https://upload.wikimedia.org/wikipedia/commons/thumb/7/78/Dominik_Tarczy%C5%84ski_Sejm_2015.JPG/500px-Dominik_Tarczy%C5%84ski_Sejm_2015.JPG
  [4951] 'Jalapeño Cheddar Smoked Sausage' -> https://upload.wikimedia.org/wikipedia/commons/thumb/5/53/Johnsonville_Wgtn_03.jpg/500px-Johnsonville_Wgtn_03.jpg
  [commons.wikimedia.org] 429 intento 1, esperando 40s ...
  [4956] 'Premium Pork Sausage picante' -> https://upload.wikimedia.org/wikipedia/commons/thumb/5/54/Jimmy_Dean_1966.JPG/500px-Jimmy_Dean_1966.JPG
  [4957] 'Saucisses fumees Saveurs des Mauges, 3 pieces' -> https://upload.wikimedia.org/wikipedia/commons/thumb/d/dc/Lema%C3%AEtre_-_En_marge_des_vieux_livres%2C_1re_s%C3%A9rie%2C_1906.djvu/page1-500px-Lema%C3%AEtre_-_En_marge_des_vieux_livres%2C_1re_s%C3%A9rie%2C_1906.djvu.jpg
  [4958] 'Skinless Turkey Smoked Sausage' -> https://upload.wikimedia.org/wikipedia/commons/thumb/6/6b/Institutional_meat_purchase_specifications_for_sausage_products_approved_by_the_USDA._Series_800_%28IA_CAT31103327_1992%29.pdf/page1-500px-Institutional_meat_purchase_specifications_for_sausage_products_approved_by_the_USDA._Series_800_%28IA_CAT31103327_1992%29.pdf.jpg
  [4959] 'Knacks Pure Volaille Fumées con Bois de Hêtre' -> https://upload.wikimedia.org/wikipedia/commons/thumb/0/0b/Monoprix_shop_looted_2011.jpg/500px-Monoprix_shop_looted_2011.jpg
  [commons.wikimedia.org] 429 intento 1, esperando 39s ...
  [4960] 'Gelderse Rookworst' -> https://upload.wikimedia.org/wikipedia/commons/thumb/9/9b/Michel_Welling_maakt_zijn_Gelderse_Rookworst.webm/500px--Michel_Welling_maakt_zijn_Gelderse_Rookworst.webm.jpg
  [4961] 'Gelderse gekookte worsten, gerookt' -> https://upload.wikimedia.org/wikipedia/commons/thumb/e/ec/Leo_van_Zandvliet_%281974%29.jpg/500px-Leo_van_Zandvliet_%281974%29.jpg
  [4963] 'Käseknacker' -> https://upload.wikimedia.org/wikipedia/commons/thumb/5/57/Radeberger_Exportbierbrauerei_-_Darreturm.jpg/500px-Radeberger_Exportbierbrauerei_-_Darreturm.jpg
  [4964] 'Thüringer Knackwurst, Con Kümmel, Ahumado über Buchenholz' -> https://upload.wikimedia.org/wikipedia/commons/thumb/5/53/Scandinavian_grey_wolf_Canis_lupus.jpg/500px-Scandinavian_grey_wolf_Canis_lupus.jpg
  [4965] 'Saucisse ahumada' -> https://upload.wikimedia.org/wikipedia/commons/thumb/b/bf/A_selection_of_leading_cases_in_equity%2C_with_notes_%28IA_casesinequitywit01whit%29.pdf/page1-500px-A_selection_of_leading_cases_in_equity%2C_with_notes_%28IA_casesinequitywit01whit%29.pdf.jpg
  [commons.wikimedia.org] 429 intento 1, esperando 40s ...
  [4966] 'Saucisses pour Hot Dogs fumées' -> https://upload.wikimedia.org/wikipedia/commons/thumb/9/92/Trader_Joe%27s_in_Chattanooga%2C_Tennessee.jpg/500px-Trader_Joe%27s_in_Chattanooga%2C_Tennessee.jpg
  [4967] 'Saucisses cuites fumees x20' -> https://upload.wikimedia.org/wikipedia/commons/thumb/4/43/A_peat_bog_below_the_top_of_Doune_Hill%2C_Luss_Hills%2C_Scotland.jpg/500px-A_peat_bog_below_the_top_of_Doune_Hill%2C_Luss_Hills%2C_Scotland.jpg
  [4968] 'Aceite Beyond Sausage Plant-based Links picante Italian-style Made con Avocado' -> https://upload.wikimedia.org/wikipedia/commons/thumb/7/7b/Beyond_Meat_Beast_Burger_1.jpg/500px-Beyond_Meat_Beast_Burger_1.jpg
  [4969] 'Smoked pork sausage reduced fat' -> https://upload.wikimedia.org/wikipedia/commons/thumb/c/c9/Secrets_of_meat_curing_and_sausage_making%3B_how_to_cure_hams%2C_shoulders%2C_bacon%2C_corned_beef%2C_etc.%2C_and_how_to_make_all_kinds_of_sausage%2C_etc._and_comply_with_all_pure_food_laws_%28IA_secretsofmeatcur01hell%29.pdf/page1-500px-thumbnail.pdf.jpg
  [4970] 'Bavarian style ham' -> https://upload.wikimedia.org/wikipedia/commons/thumb/7/76/Interior_of_ASDA_Walmart_Supercentre_Milton_Keynes.jpg/500px-Interior_of_ASDA_Walmart_Supercentre_Milton_Keynes.jpg
  [4971] 'Smoked Gouda Chicken Sausage' -> https://upload.wikimedia.org/wikipedia/commons/thumb/1/15/Gilbert_Stuart_Selfportrait.jpg/500px-Gilbert_Stuart_Selfportrait.jpg
  [4972] 'Smoked sausage' -> https://upload.wikimedia.org/wikipedia/commons/thumb/4/45/Sausage_making-H-5-edited2.jpg/500px-Sausage_making-H-5-edited2.jpg
  [commons.wikimedia.org] 429 intento 1, esperando 40s ...
  [4974] 'Skinless Beef Smoked Sausage' -> https://upload.wikimedia.org/wikipedia/commons/thumb/6/6b/Institutional_meat_purchase_specifications_for_sausage_products_approved_by_the_USDA._Series_800_%28IA_CAT31103327_1992%29.pdf/page1-500px-Institutional_meat_purchase_specifications_for_sausage_products_approved_by_the_USDA._Series_800_%28IA_CAT31103327_1992%29.pdf.jpg
  [4975] 'Bockwurst (4)' -> https://upload.wikimedia.org/wikipedia/commons/thumb/f/f6/Kartoffelsuppe_mit_Bockwurst-8636.jpg/500px-Kartoffelsuppe_mit_Bockwurst-8636.jpg
  [4978] 'Ahumado SAUSAGE picante JALAPENO' -> https://upload.wikimedia.org/wikipedia/commons/f/f1/Simms_autograph_session.jpg
  [commons.wikimedia.org] 429 intento 1, esperando 39s ...
  [4980] 'BEEF HICKORY SMOKED SAUSAGE' -> https://upload.wikimedia.org/wikipedia/commons/thumb/b/b0/Beef_on_the_farm_-_slaughtering%2C_cutting%2C_curing_%28IA_CAT87203466%29.pdf/page1-500px-Beef_on_the_farm_-_slaughtering%2C_cutting%2C_curing_%28IA_CAT87203466%29.pdf.jpg
  [4982] 'Tiroler Kaminwurzerl Scharf' -> https://upload.wikimedia.org/wikipedia/commons/thumb/f/fb/Tann-Rh%C3%B6n.JPG/500px-Tann-Rh%C3%B6n.JPG
  [4983] 'Andouille Smoked Chicken Sausage' -> https://upload.wikimedia.org/wikipedia/commons/thumb/c/cf/The_Good_Soldier_%281915%29.pdf/page1-500px-The_Good_Soldier_%281915%29.pdf.jpg
  [10] 'Airag' -> https://upload.wikimedia.org/wikipedia/commons/thumb/a/ad/Airag_1.JPG/500px-Airag_1.JPG
  [11] 'Akpan,akassa' -> https://upload.wikimedia.org/wikipedia/commons/thumb/0/07/Hope_Akpan_%28cropped%29.png/500px-Hope_Akpan_%28cropped%29.png
  [12] 'Alheira' -> https://upload.wikimedia.org/wikipedia/commons/4/41/BCL-alheira.png
  [14] 'Vino Amarone de Valpolicella' -> https://upload.wikimedia.org/wikipedia/commons/thumb/1/1c/Amarone_BMK.jpg/500px-Amarone_BMK.jpg
  [15] 'Amasi' -> https://upload.wikimedia.org/wikipedia/commons/thumb/7/73/Amasi_%283035444146%29.jpg/500px-Amasi_%283035444146%29.jpg
  [18] 'Amazake' -> https://upload.wikimedia.org/wikipedia/commons/thumb/8/85/Amazake.jpg/500px-Amazake.jpg
  [19] 'Anari' -> https://upload.wikimedia.org/wikipedia/commons/thumb/c/c8/Zergatik_futbola%3F_Bernado_Atxaga_%26_Anari_%26_Andoni_Ega%C3%B1a_%2825546974247%29.jpg/500px-Zergatik_futbola%3F_Bernado_Atxaga_%26_Anari_%26_Andoni_Ega%C3%B1a_%2825546974247%29.jpg
  [25] 'Appam' -> https://upload.wikimedia.org/wikipedia/commons/thumb/a/aa/Appam_%28hoppers%29_from_Kerala%2C_India.jpg/500px-Appam_%28hoppers%29_from_Kerala%2C_India.jpg
  [26] 'Queso Appenzeller suizo' -> https://upload.wikimedia.org/wikipedia/commons/thumb/8/83/Appenzeller_%28cheese%29.jpg/500px-Appenzeller_%28cheese%29.jpg
  [27] 'Arjia' -> https://upload.wikimedia.org/wikipedia/commons/c/c0/8th_Arjia_Rinpoche.jpg
  [29] 'Arrak' -> https://upload.wikimedia.org/wikipedia/commons/8/8d/J%C3%BCri_Arrak.jpg
  [30] 'Asiago' -> https://upload.wikimedia.org/wikipedia/commons/thumb/8/88/Asiago_Members.JPG/500px-Asiago_Members.JPG
  [32] 'Atole agrio' -> https://upload.wikimedia.org/wikipedia/commons/thumb/3/3d/Atole_agrio.jpg/500px-Atole_agrio.jpg
  [33] 'Attieke' -> https://upload.wikimedia.org/wikipedia/commons/thumb/9/94/Attieke_and_chicken.jpg/500px-Attieke_and_chicken.jpg
  [34] 'Ayib' -> https://upload.wikimedia.org/wikipedia/commons/thumb/4/49/Kitfo%2C_Ayib_and_Injera.jpg/500px-Kitfo%2C_Ayib_and_Injera.jpg
  [35] 'Bagoong monamon' -> https://upload.wikimedia.org/wikipedia/commons/thumb/d/de/Bagoong_1.JPG/500px-Bagoong_1.JPG
  [36] 'Bagoong terong' -> https://upload.wikimedia.org/wikipedia/commons/thumb/d/de/Bagoong_1.JPG/500px-Bagoong_1.JPG
  [37] 'Baijiu' -> https://upload.wikimedia.org/wikipedia/commons/thumb/0/0f/Songhe_and_Moutai_Baijiu.jpg/500px-Songhe_and_Moutai_Baijiu.jpg
  [38] 'Bak kwa' -> https://upload.wikimedia.org/wikipedia/commons/thumb/d/da/Bak_kwa.jpg/500px-Bak_kwa.jpg
  [40] 'Balao-balao' -> https://upload.wikimedia.org/wikipedia/commons/thumb/d/d6/Parque_de_balao.jpg/500px-Parque_de_balao.jpg
  [41] 'Balché' -> https://upload.wikimedia.org/wikipedia/commons/thumb/b/b6/Balch%C3%A9_%28Temax%29%2C_Yucat%C3%A1n_%2801%29.jpg/500px-Balch%C3%A9_%28Temax%29%2C_Yucat%C3%A1n_%2801%29.jpg
  [42] 'Vinagre Balsamic' -> https://upload.wikimedia.org/wikipedia/commons/thumb/1/13/Olive_oil_with_Balsamic_Vinegar.jpg/500px-Olive_oil_with_Balsamic_Vinegar.jpg
  [43] 'Banku' -> https://upload.wikimedia.org/wikipedia/commons/thumb/8/80/Banku_with_pepper_in_Asanka.jpg/500px-Banku_with_pepper_in_Asanka.jpg
  [44] 'Banon' -> https://upload.wikimedia.org/wikipedia/commons/thumb/a/a2/Blason_ville_fr_Banon_%28Alpes_de_Haute_Provence%29.svg/500px-Blason_ville_fr_Banon_%28Alpes_de_Haute_Provence%29.svg.png
  [45] 'Cerveza Bantú' -> https://upload.wikimedia.org/wikipedia/commons/thumb/a/ab/Millet_beer_%28chapalo%29_seller.jpg/500px-Millet_beer_%28chapalo%29_seller.jpg
  [46] 'Basi' -> https://upload.wikimedia.org/wikipedia/commons/thumb/c/c7/Basi_-_panoramio.jpg/500px-Basi_-_panoramio.jpg
  [47] 'Quesos de montaña de los Pirineos Vascos' -> https://upload.wikimedia.org/wikipedia/commons/thumb/f/fd/B%C3%A9arn_and_the_Pyrenees_-_a_legendary_tour_of_the_country_of_Henry_Quatre_%28IA_b29330828_0002%29.pdf/page1-500px-B%C3%A9arn_and_the_Pyrenees_-_a_legendary_tour_of_the_country_of_Henry_Quatre_%28IA_b29330828_0002%29.pdf.jpg
  [49] 'Beaufort' -> https://upload.wikimedia.org/wikipedia/commons/thumb/5/57/Downtown_Beaufort.JPG/500px-Downtown_Beaufort.JPG
  [50] 'Bekang' -> https://upload.wikimedia.org/wikipedia/commons/thumb/f/f0/Asrama_Bekang_Cirebon.jpg/500px-Asrama_Bekang_Cirebon.jpg
  [51] 'Belacan' -> https://upload.wikimedia.org/wikipedia/commons/thumb/c/cf/Shrimp.paste-Belacan-02.jpg/500px-Shrimp.paste-Belacan-02.jpg
  [53] 'Cerveza Berliner Weisse de trigo' -> https://upload.wikimedia.org/wikipedia/commons/thumb/0/03/Berliner_Weisse_mit_Strohhalm.jpg/500px-Berliner_Weisse_mit_Strohhalm.jpg
  [54] 'Beyaz peynir' -> https://upload.wikimedia.org/wikipedia/commons/thumb/9/9a/Beyaz_peynir.jpg/500px-Beyaz_peynir.jpg
  [59] 'Biltong' -> https://upload.wikimedia.org/wikipedia/commons/thumb/1/17/Reh_Biltong.jpg/500px-Reh_Biltong.jpg
  [61] "Queso azul Bleu d'Auvergne" -> https://upload.wikimedia.org/wikipedia/commons/3/39/Bleu_auvergne.jpg
  [62] 'Bleu de Termignon' -> https://upload.wikimedia.org/wikipedia/commons/thumb/d/d9/Bleu_de_Termignon_2.jpg/500px-Bleu_de_Termignon_2.jpg
  [65] 'Bordia' -> https://upload.wikimedia.org/wikipedia/commons/thumb/e/e3/Chateau_du_Bordia_Jodoigne.jpg/500px-Chateau_du_Bordia_Jodoigne.jpg
  [66] 'Bors' -> https://upload.wikimedia.org/wikipedia/commons/thumb/2/25/Bors_16_Chapelle_de_la_vierge_2013.jpg/500px-Bors_16_Chapelle_de_la_vierge_2013.jpg
  [67] 'Bouza' -> https://upload.wikimedia.org/wikipedia/commons/thumb/d/da/Pablo_Bouza_%28AELG%29-2.jpg/500px-Pablo_Bouza_%28AELG%29-2.jpg
  [68] 'Boza' -> https://upload.wikimedia.org/wikipedia/commons/thumb/8/8c/Boza_bg.jpg/500px-Boza_bg.jpg
  [69] 'Braga' -> https://upload.wikimedia.org/wikipedia/commons/thumb/7/7e/Braga_Montage.png/500px-Braga_Montage.png
  [72] 'Brem' -> https://upload.wikimedia.org/wikipedia/commons/thumb/c/c4/Brem_Madiun.JPG/500px-Brem_Madiun.JPG
  [73] 'Brie' -> https://upload.wikimedia.org/wikipedia/commons/thumb/a/a4/Brie_truff%C3%A9.jpg/500px-Brie_truff%C3%A9.jpg
  [75] 'Bryndza' -> https://upload.wikimedia.org/wikipedia/commons/thumb/4/45/Termizovana_bryndza.jpg/500px-Termizovana_bryndza.jpg
  [76] 'Brânză de burduf' -> https://upload.wikimedia.org/wikipedia/commons/thumb/a/a5/Br%C3%A2nz%C4%83_de_burduf.jpg/500px-Br%C3%A2nz%C4%83_de_burduf.jpg
  [77] 'Budu' -> https://upload.wikimedia.org/wikipedia/commons/thumb/e/ef/Budu_Tempoyak.jpg/500px-Budu_Tempoyak.jpg
  [80] 'Burong isda' -> https://upload.wikimedia.org/wikipedia/commons/thumb/c/ca/Food_Art_with_a_Heart_Burong_Isda_with_Green_Garden_Ingredients.jpg/500px-Food_Art_with_a_Heart_Burong_Isda_with_Green_Garden_Ingredients.jpg
  [84] 'Burrata' -> https://upload.wikimedia.org/wikipedia/commons/thumb/c/cc/Burrata_-_Nanninella.jpg/500px-Burrata_-_Nanninella.jpg
  [85] 'Burukutu' -> https://upload.wikimedia.org/wikipedia/commons/3/39/Burukutu.png
  [87] 'Bushera' -> https://upload.wikimedia.org/wikipedia/commons/thumb/f/f8/Kinyankore_bushera.jpg/500px-Kinyankore_bushera.jpg
  [89] 'Caboc' -> https://upload.wikimedia.org/wikipedia/commons/thumb/1/11/CABOC_2014_%2813891378273%29.jpg/500px-CABOC_2014_%2813891378273%29.jpg
  [90] 'Caciocavallo' -> https://upload.wikimedia.org/wikipedia/commons/thumb/3/38/Natura_morta_autunnale_con_caciocavallo.jpg/500px-Natura_morta_autunnale_con_caciocavallo.jpg
  [91] 'Caerphilly' -> https://upload.wikimedia.org/wikipedia/commons/thumb/c/ce/Caerphilly_Castle_south.jpg/500px-Caerphilly_Castle_south.jpg
  [92] 'Camembert' -> https://upload.wikimedia.org/wikipedia/commons/thumb/d/dd/Camembert.jpg/500px-Camembert.jpg
  [93] 'Cantal' -> https://upload.wikimedia.org/wikipedia/commons/thumb/e/e4/Cantal_06.jpg/500px-Cantal_06.jpg
  [94] 'Capocollo,Capicola,Coppa' -> https://upload.wikimedia.org/wikipedia/commons/thumb/e/e0/Coppa_2.jpg/500px-Coppa_2.jpg
  [95] 'Queso Caprino fresco de cabra' -> https://upload.wikimedia.org/wikipedia/commons/thumb/b/b3/Caprino.jpg/500px-Caprino.jpg
  [96] 'Queso Caprino curado de cabra' -> https://upload.wikimedia.org/wikipedia/commons/thumb/b/b3/Caprino.jpg/500px-Caprino.jpg
  [97] "Queso Carré de l'est" -> https://upload.wikimedia.org/wikipedia/commons/thumb/7/73/Carr%C3%A9_de_l%27Est_%28complet%29.jpg/500px-Carr%C3%A9_de_l%27Est_%28complet%29.jpg
  [98] 'Queso azul Cashel' -> https://upload.wikimedia.org/wikipedia/commons/thumb/5/5d/Cashel_Blue_Cheese.jpg/500px-Cashel_Blue_Cheese.jpg
  [99] 'Queso Casu Martzu tradicional' -> https://upload.wikimedia.org/wikipedia/commons/thumb/3/36/Casu_Marzu_cheese.jpg/500px-Casu_Marzu_cheese.jpg
  [101] 'Chaas' -> https://upload.wikimedia.org/wikipedia/commons/thumb/c/c8/Triangle_chaas.jpg/500px-Triangle_chaas.jpg
  [102] 'Chakuli pitha' -> https://upload.wikimedia.org/wikipedia/commons/thumb/a/ae/Odia_Chakuli_Pitha.jpg/500px-Odia_Chakuli_Pitha.jpg
  [106] 'Cheddar' -> https://upload.wikimedia.org/wikipedia/commons/thumb/e/ed/Cathay_Lane%2C_Cheddar%2C_Somerset_-_geograph.org.uk_-_275209.jpg/500px-Cathay_Lane%2C_Cheddar%2C_Somerset_-_geograph.org.uk_-_275209.jpg
  [107] 'Chee-fan' -> https://upload.wikimedia.org/wikipedia/commons/thumb/8/83/Vincent_Tan_Chee_Yioun.jpg/500px-Vincent_Tan_Chee_Yioun.jpg
  [108] 'Cheonggukjang' -> https://upload.wikimedia.org/wikipedia/commons/thumb/1/10/Cheonggukjang_Jjigae.JPG/500px-Cheonggukjang_Jjigae.JPG
  [112] 'Chhurpi' -> https://upload.wikimedia.org/wikipedia/commons/thumb/4/49/Chhurpi.jpg/500px-Chhurpi.jpg
  [114] 'Chicha' -> https://upload.wikimedia.org/wikipedia/commons/1/17/Chicha_with_Pipe%C3%B1o.jpg
  [116] 'Chikwangue' -> https://upload.wikimedia.org/wikipedia/commons/thumb/0/07/Cassava_Bread_-_cassava_cooked_in_leaf_wrap_%28Kwanga%2C_Chikwangue%29.jpg/500px-Cassava_Bread_-_cassava_cooked_in_leaf_wrap_%28Kwanga%2C_Chikwangue%29.jpg
  [117] 'Chilu' -> https://upload.wikimedia.org/wikipedia/commons/thumb/8/87/Chilu_Lemba.jpg/500px-Chilu_Lemba.jpg
  [118] 'Encurtidos chinos tradicional (pao cai)' -> https://upload.wikimedia.org/wikipedia/commons/thumb/3/36/Ginkgo_porridge_with_assortment_of_preserved_pickles_%285227173918%29.jpg/500px-Ginkgo_porridge_with_assortment_of_preserved_pickles_%285227173918%29.jpg
  [119] 'Chongju' -> https://upload.wikimedia.org/wikipedia/commons/thumb/3/3b/Chongju_station.jpg/500px-Chongju_station.jpg
  [120] 'Chorizo' -> https://upload.wikimedia.org/wikipedia/commons/thumb/f/ff/Chorizo_sausage.JPG/500px-Chorizo_sausage.JPG
  [122] 'Christstollen' -> https://upload.wikimedia.org/wikipedia/commons/thumb/4/44/Stollen-Dresdner_Christstollen.jpg/500px-Stollen-Dresdner_Christstollen.jpg
  [124] 'sidra' -> https://upload.wikimedia.org/wikipedia/commons/thumb/6/64/Sidra_widok_rynku.JPG/500px-Sidra_widok_rynku.JPG
  [127] 'Colatura di Anchoas (Salsa de anchoas fermentadas)' -> https://upload.wikimedia.org/wikipedia/commons/thumb/e/e9/Spaghetti_di_Gragnano_e_colatura_di_alici.jpg/500px-Spaghetti_di_Gragnano_e_colatura_di_alici.jpg
  [128] 'Champús colombiano' -> https://upload.wikimedia.org/wikipedia/commons/4/43/Champ%C3%BAs_Titular.jpg
  [131] 'Crema fresca (Crème fraîche)' -> https://upload.wikimedia.org/wikipedia/commons/thumb/2/2f/Cucumber%2C_beets%2C_cr%C3%A8me_fra%C3%AEche_and_horseradish.jpg/500px-Cucumber%2C_beets%2C_cr%C3%A8me_fra%C3%AEche_and_horseradish.jpg
  [132] 'Crowdie' -> https://upload.wikimedia.org/wikipedia/commons/thumb/0/03/Crowdie_Law_from_above_Low_Carrieth_Burn_-_geograph.org.uk_-_590369.jpg/500px-Crowdie_Law_from_above_Low_Carrieth_Burn_-_geograph.org.uk_-_590369.jpg
  [133] 'Curtido' -> https://upload.wikimedia.org/wikipedia/commons/thumb/a/a4/Curtido_%286292106013%29.jpg/500px-Curtido_%286292106013%29.jpg
  [134] 'Dadih' -> https://upload.wikimedia.org/wikipedia/commons/thumb/5/50/Es_Ampiang_Dadiah%2C_Pasar_Ateh%2C_Bukittinggi%2C_2017-02-15.jpg/500px-Es_Ampiang_Dadiah%2C_Pasar_Ateh%2C_Bukittinggi%2C_2017-02-15.jpg
  [135] 'Dahi' -> https://upload.wikimedia.org/wikipedia/commons/thumb/4/44/Dahi_%28curd%29.jpg/500px-Dahi_%28curd%29.jpg
  [137] 'Daru' -> https://upload.wikimedia.org/wikipedia/commons/2/21/Daru_Island_%28Landsat%29.jpg
  [138] 'Dawadawa' -> https://upload.wikimedia.org/wikipedia/commons/thumb/f/f2/Dawadawa_spices.jpg/500px-Dawadawa_spices.jpg
  [139] 'Dayok' -> https://upload.wikimedia.org/wikipedia/commons/thumb/5/52/Dayok_Ayana%27s_Baganga_Davao_Oriental_closeupC.jpg/500px-Dayok_Ayana%27s_Baganga_Davao_Oriental_closeupC.jpg
  [142] 'Dhokla' -> https://upload.wikimedia.org/wikipedia/commons/thumb/2/21/Besan_Dhokla_-_Howrah_2015-04-26_8478.JPG/500px-Besan_Dhokla_-_Howrah_2015-04-26_8478.JPG
  [144] 'Doenjang' -> https://upload.wikimedia.org/wikipedia/commons/thumb/9/93/Doenjang_in_Jangdok_Gangjin_South_Korea.jpg/500px-Doenjang_in_Jangdok_Gangjin_South_Korea.jpg
  [147] 'Dosa' -> https://upload.wikimedia.org/wikipedia/commons/thumb/b/b1/Dosa-chutney-sambhar.jpg/500px-Dosa-chutney-sambhar.jpg
  [148] 'Doubanjiang' -> https://upload.wikimedia.org/wikipedia/commons/thumb/e/e9/Doubanjiang.jpg/500px-Doubanjiang.jpg
  [149] 'Douzhi' -> https://upload.wikimedia.org/wikipedia/commons/thumb/b/b3/Douzhi.JPG/500px-Douzhi.JPG
  [152] 'Durrus' -> https://upload.wikimedia.org/wikipedia/commons/thumb/3/3c/Durrus_Post_Office_-_geograph.org.uk_-_3574963.jpg/500px-Durrus_Post_Office_-_geograph.org.uk_-_3574963.jpg
  [154] 'Edam' -> https://upload.wikimedia.org/wikipedia/commons/thumb/4/4c/Edam_044.JPG/500px-Edam_044.JPG
  [159] 'Queso Emmental' -> https://upload.wikimedia.org/wikipedia/commons/thumb/8/81/Emmental_015.jpg/500px-Emmental_015.jpg
  [160] 'Enduri Pitha' -> https://upload.wikimedia.org/wikipedia/commons/thumb/e/e7/Enduri_Pitha.JPG/500px-Enduri_Pitha.JPG
  [161] 'Ennog' -> https://upload.wikimedia.org/wikipedia/commons/thumb/6/6e/Ennog%2C_Liverpool_15_-_geograph.org.uk_-_762149.jpg/500px-Ennog%2C_Liverpool_15_-_geograph.org.uk_-_762149.jpg
  [163] 'Epoisses de Bourgogne' -> https://upload.wikimedia.org/wikipedia/commons/thumb/0/09/Epoisses.jpg/500px-Epoisses.jpg
  [164] 'Ergo' -> https://upload.wikimedia.org/wikipedia/commons/thumb/1/1b/Ergo_FotMM.JPG/500px-Ergo_FotMM.JPG
  [169] 'Faisselle' -> https://upload.wikimedia.org/wikipedia/commons/thumb/c/c3/Faisselle_%26_confiture_de_lait.jpg/500px-Faisselle_%26_confiture_de_lait.jpg
  [170] 'Feni' -> https://upload.wikimedia.org/wikipedia/commons/thumb/8/80/Feni_River_Closure_Dam.jpg/500px-Feni_River_Closure_Dam.jpg
  [171] 'Té fermentado, Té negro' -> https://upload.wikimedia.org/wikipedia/commons/thumb/4/45/Anhua_Fuzhuan_Fermented_Tea.jpg/500px-Anhua_Fuzhuan_Fermented_Tea.jpg
  [172] 'Fesikh' -> https://upload.wikimedia.org/wikipedia/commons/thumb/e/e3/Fesikh-Desouk.JPG/500px-Fesikh-Desouk.JPG
  [173] 'Feta' -> https://upload.wikimedia.org/wikipedia/commons/thumb/c/c9/Feta_Greece_2.jpg/500px-Feta_Greece_2.jpg
  [174] 'Filmjölk,fil,kulturmjölk' -> https://upload.wikimedia.org/wikipedia/commons/thumb/2/2a/Gr%C3%A4ddfil_-_Mejerif%C3%B6reningens_nya_filmj%C3%B6lk._11_juni_1958_-_OLM-2013-1-2621.jpg/500px-Gr%C3%A4ddfil_-_Mejerif%C3%B6reningens_nya_filmj%C3%B6lk._11_juni_1958_-_OLM-2013-1-2621.jpg
  [177] 'Floc de Gascogne' -> https://upload.wikimedia.org/wikipedia/commons/thumb/3/34/Floc_de_Gascogne.JPG/500px-Floc_de_Gascogne.JPG
  [179] "Queso azul Fourme d'Ambert" -> https://upload.wikimedia.org/wikipedia/commons/thumb/d/d8/Fourme_d%27Ambert_entam%C3%A9e.jpg/500px-Fourme_d%27Ambert_entam%C3%A9e.jpg
  [180] 'Fourme de Montbrison' -> https://upload.wikimedia.org/wikipedia/commons/thumb/4/4b/Fourme_montbrison.jpg/500px-Fourme_montbrison.jpg
  [181] 'Ftira' -> https://upload.wikimedia.org/wikipedia/commons/7/71/Malta_ftira.JPG
  [182] 'Fu-tsai' -> https://upload.wikimedia.org/wikipedia/commons/thumb/3/3b/Wu_Fu_Tsai_Shen_Ye_Miau_02.jpg/500px-Wu_Fu_Tsai_Shen_Ye_Miau_02.jpg
  [183] 'Fuet' -> https://upload.wikimedia.org/wikipedia/commons/thumb/b/b0/Spanish_sausage-Fuet-01.jpg/500px-Spanish_sausage-Fuet-01.jpg
  [184] 'Fufu' -> https://upload.wikimedia.org/wikipedia/commons/thumb/2/26/Fufu_with_tilapia%2C_meat_and_light_soup.jpg/500px-Fufu_with_tilapia%2C_meat_and_light_soup.jpg
  [185] 'Funazushi' -> https://upload.wikimedia.org/wikipedia/commons/thumb/a/a6/Funazushi_of_Uoju.jpg/500px-Funazushi_of_Uoju.jpg
  [186] 'Fura' -> https://upload.wikimedia.org/wikipedia/commons/thumb/c/cf/Fura_da_nono.jpg/500px-Fura_da_nono.jpg
  [187] 'Furu' -> https://upload.wikimedia.org/wikipedia/commons/thumb/a/ae/Furu-ayase_gawa_Soka-shi_Saitama-ken.jpg/500px-Furu-ayase_gawa_Soka-shi_Saitama-ken.jpg
  [189] 'Gamalost' -> https://upload.wikimedia.org/wikipedia/commons/thumb/f/f2/Gamalost.jpg/500px-Gamalost.jpg
  [190] 'Gari,Garri,Galli,Gali' -> https://upload.wikimedia.org/wikipedia/commons/thumb/b/b0/A_woman_frying_Garri.jpg/500px-A_woman_frying_Garri.jpg
  [191] 'Gatot' -> https://upload.wikimedia.org/wikipedia/commons/thumb/3/37/Gatot_Nurmantyo.jpg/500px-Gatot_Nurmantyo.jpg
  [193] 'Queso Glundner' -> https://upload.wikimedia.org/wikipedia/commons/thumb/c/c3/2021-08-09-Glundner_K%C3%A4se-1446.jpg/500px-2021-08-09-Glundner_K%C3%A4se-1446.jpg
  [195] 'Gochujang' -> https://upload.wikimedia.org/wikipedia/commons/thumb/0/0c/Gochujang_by_ayustety_in_Seoul.jpg/500px-Gochujang_by_ayustety_in_Seoul.jpg
  [196] 'Gorgonzola' -> https://upload.wikimedia.org/wikipedia/commons/thumb/d/de/Gorgonzola_1.jpg/500px-Gorgonzola_1.jpg
  [197] 'Gotlandsdricka' -> https://upload.wikimedia.org/wikipedia/commons/thumb/3/3f/Gotlandsdricka.jpg/500px-Gotlandsdricka.jpg
  [198] 'Gouda' -> https://upload.wikimedia.org/wikipedia/commons/thumb/f/fb/Chesses_gouda_affinage.JPG/500px-Chesses_gouda_affinage.JPG
  [199] 'Gowe' -> https://upload.wikimedia.org/wikipedia/commons/thumb/4/4b/William_Gowe_Ferguson_001.jpg/500px-William_Gowe_Ferguson_001.jpg
  [200] 'Goyang' -> https://upload.wikimedia.org/wikipedia/commons/thumb/e/e1/Goyang_sta_1.JPG/500px-Goyang_sta_1.JPG
  [201] 'Grana Padano' -> https://upload.wikimedia.org/wikipedia/commons/thumb/5/5d/Grana_Padano-Carved-2.jpg/500px-Grana_Padano-Carved-2.jpg
  [203] 'Graviera Kritis' -> https://upload.wikimedia.org/wikipedia/commons/thumb/4/41/Graviera_Kritis_Kraounaki_Rethymnou.jpg/500px-Graviera_Kritis_Kraounaki_Rethymnou.jpg
  [206] 'Gruyère' -> https://upload.wikimedia.org/wikipedia/commons/thumb/f/fa/Gruy%C3%A8re.jpg/500px-Gruy%C3%A8re.jpg
  [207] 'Gubbeen' -> https://upload.wikimedia.org/wikipedia/commons/thumb/9/99/Cattle%2C_Gubbeen_-_geograph.org.uk_-_257238.jpg/500px-Cattle%2C_Gubbeen_-_geograph.org.uk_-_257238.jpg
  [208] 'Guedj' -> https://upload.wikimedia.org/wikipedia/commons/thumb/2/27/J%C3%A9r%C3%B4me_Guedj_2010.jpg/500px-J%C3%A9r%C3%B4me_Guedj_2010.jpg
  [210] 'Gundruk' -> https://upload.wikimedia.org/wikipedia/commons/thumb/5/5f/Gundruk_NP.jpg/500px-Gundruk_NP.jpg
  [212] 'Hakarl' -> https://upload.wikimedia.org/wikipedia/commons/thumb/4/42/Hakarl_near_Bjarnah%C3%B6fn_in_Iceland.JPG/500px-Hakarl_near_Bjarnah%C3%B6fn_in_Iceland.JPG
  [213] 'Halloumi' -> https://upload.wikimedia.org/wikipedia/commons/thumb/d/de/Halloumi-1.jpg/500px-Halloumi-1.jpg
  [217] 'Hentak' -> https://upload.wikimedia.org/wikipedia/commons/thumb/4/40/WikiNgigel_%E2%80%93_Ragam_Gerak_Hentak_Kukut_%28Tari_Muli_Siger%29_%E2%80%93_Bandar_Lampung_%282026%29.webm/500px--WikiNgigel_%E2%80%93_Ragam_Gerak_Hentak_Kukut_%28Tari_Muli_Siger%29_%E2%80%93_Bandar_Lampung_%282026%29.webm.jpg
  [218] 'Herve' -> https://upload.wikimedia.org/wikipedia/commons/thumb/d/da/Herve_JPG03a.jpg/500px-Herve_JPG03a.jpg
  [219] 'Hirring' -> https://upload.wikimedia.org/wikipedia/commons/thumb/5/51/Herring_COA_Element.svg/500px-Herring_COA_Element.svg.png
  [220] 'Hongeo' -> https://upload.wikimedia.org/wikipedia/commons/thumb/5/5b/Hongeo.jpg/500px-Hongeo.jpg
  [224] 'Icewine' -> https://upload.wikimedia.org/wikipedia/commons/thumb/7/7b/Icewine.jpg/500px-Icewine.jpg
  [225] 'Idiazabal' -> https://upload.wikimedia.org/wikipedia/commons/1/1c/Sarmiento_Idiazabal.png
  [226] 'Idli' -> https://upload.wikimedia.org/wikipedia/commons/thumb/8/89/Idli.jpg/500px-Idli.jpg
  [228] 'Ika no shiokara' -> https://upload.wikimedia.org/wikipedia/commons/thumb/9/9d/Ika_no_shiokara.jpg/500px-Ika_no_shiokara.jpg
  [229] 'Ikan Peda' -> https://upload.wikimedia.org/wikipedia/commons/thumb/2/2a/Sop_Ikan_Asam_Pedas_Batam.jpg/500px-Sop_Ikan_Asam_Pedas_Batam.jpg
  [233] 'Impeke' -> https://upload.wikimedia.org/wikipedia/commons/thumb/d/da/Impeke.jpg/500px-Impeke.jpg
  [234] 'Injera' -> https://upload.wikimedia.org/wikipedia/commons/thumb/e/e1/Ethiopie-Injera_grill%C3%A9.jpg/500px-Ethiopie-Injera_grill%C3%A9.jpg
  [235] 'Inyange' -> https://upload.wikimedia.org/wikipedia/commons/thumb/b/b1/Inyange_carton_of_water.jpg/500px-Inyange_carton_of_water.jpg
  [237] 'Iru' -> https://upload.wikimedia.org/wikipedia/commons/thumb/c/ce/Iru_EJ%2C_13.jpg/500px-Iru_EJ%2C_13.jpg
  [238] 'Isongo' -> https://upload.wikimedia.org/wikipedia/commons/thumb/7/71/Capilla_de_Santo_Medero_%28Isongo%29_-_04.jpg/500px-Capilla_de_Santo_Medero_%28Isongo%29_-_04.jpg
  [239] 'Jalebi' -> https://upload.wikimedia.org/wikipedia/commons/thumb/e/e8/Jalebi_2.jpg/500px-Jalebi_2.jpg
  [243] 'Jeotgal' -> https://upload.wikimedia.org/wikipedia/commons/thumb/7/77/Korean.food-Jeotgal-Banchan-01.jpg/500px-Korean.food-Jeotgal-Banchan-01.jpg
  [244] 'Jeruk' -> https://upload.wikimedia.org/wikipedia/commons/thumb/f/f6/Kebon_Jeruk_halte.jpg/500px-Kebon_Jeruk_halte.jpg
  [246] 'Jiang-sun' -> https://upload.wikimedia.org/wikipedia/commons/thumb/6/66/The_Sun_Also_Rises.Joe_Hisaishin%28%E4%B9%85%E7%9F%B3_%E8%AD%B2%29.Zhou_Yun_%28%E5%91%A8%E9%9F%B5%29.Jiang_Wen_%28%E5%A7%9C%E6%96%87%29.jpg/500px-The_Sun_Also_Rises.Joe_Hisaishin%28%E4%B9%85%E7%9F%B3_%E8%AD%B2%29.Zhou_Yun_%28%E5%91%A8%E9%9F%B5%29.Jiang_Wen_%28%E5%A7%9C%E6%96%87%29.jpg
  [247] 'Jou' -> https://upload.wikimedia.org/wikipedia/commons/4/41/Jou_respecte_de_la_Guingueta_d%27%C3%80neu.png
  [254] 'Kanji' -> https://upload.wikimedia.org/wikipedia/commons/1/11/Kanji_symbols.png
  [256] 'Kapi' -> https://upload.wikimedia.org/wikipedia/commons/thumb/d/d3/KApi_B%C3%A9la_1916-51.JPG/500px-KApi_B%C3%A9la_1916-51.JPG
  [258] 'Kashkaval' -> https://upload.wikimedia.org/wikipedia/commons/thumb/4/4f/Kashkaval-Galichki-Republik_of_Macedonia.jpg/500px-Kashkaval-Galichki-Republik_of_Macedonia.jpg
  [259] 'Kasseri' -> https://upload.wikimedia.org/wikipedia/commons/thumb/b/bf/Kasseri_Leveti_AB.jpg/500px-Kasseri_Leveti_AB.jpg
  [260] 'Katsuobushi' -> https://upload.wikimedia.org/wikipedia/commons/thumb/5/53/Katsuobushi_kezuriki.jpg/500px-Katsuobushi_kezuriki.jpg
  [261] 'Kawal' -> https://upload.wikimedia.org/wikipedia/commons/thumb/0/02/Short-Toed_Snake_Eagle_%28Circaetus_gallicus%29_in_Kawal_WS%2C_AP_W_IMG_2266.jpg/500px-Short-Toed_Snake_Eagle_%28Circaetus_gallicus%29_in_Kawal_WS%2C_AP_W_IMG_2266.jpg
  [263] 'Kecap' -> https://upload.wikimedia.org/wikipedia/commons/thumb/b/ba/Kecap_manis_%26_kecap_asin.jpg/500px-Kecap_manis_%26_kecap_asin.jpg
  [264] 'Kefalotyri' -> https://upload.wikimedia.org/wikipedia/commons/thumb/b/b4/Kefalotyri.jpg/500px-Kefalotyri.jpg
  [265] 'Kéfir (Variedad 265)' -> https://upload.wikimedia.org/wikipedia/commons/thumb/2/25/Kefir-insieme.jpg/500px-Kefir-insieme.jpg
  [266] 'Kenkey' -> https://upload.wikimedia.org/wikipedia/commons/thumb/d/d5/Fante_kenkey.jpg/500px-Fante_kenkey.jpg
  [268] 'Khaman' -> https://upload.wikimedia.org/wikipedia/commons/thumb/0/08/Khaman_dhokla.jpg/500px-Khaman_dhokla.jpg
  [269] 'Khanom jeen,Khanom chin' -> https://upload.wikimedia.org/wikipedia/commons/thumb/e/e6/Khanom_Jeen_Nam_Yaa.jpg/500px-Khanom_Jeen_Nam_Yaa.jpg
  [273] 'Kilishi' -> https://upload.wikimedia.org/wikipedia/commons/thumb/9/91/%22Kilishi%22.JPG/500px-%22Kilishi%22.JPG
  [275] 'Kina' -> https://upload.wikimedia.org/wikipedia/commons/thumb/1/1a/20120304_Tuin_van_Kina_%280017%29.jpg/500px-20120304_Tuin_van_Kina_%280017%29.jpg
  [276] 'Kinema' -> https://upload.wikimedia.org/wikipedia/commons/thumb/5/57/Kinema_food-nepal.jpg/500px-Kinema_food-nepal.jpg
  [277] 'Kishk' -> https://upload.wikimedia.org/wikipedia/commons/thumb/e/e7/Abdelhamid-kishk-4.jpg/500px-Abdelhamid-kishk-4.jpg
  [278] 'Leche agria' -> https://upload.wikimedia.org/wikipedia/commons/4/4f/Leche_agria_02.jpg
  [279] 'Kisra,Kissra' -> https://upload.wikimedia.org/wikipedia/commons/thumb/7/77/Kisra_maker.jpeg/500px-Kisra_maker.jpeg
  [283] 'Koko' -> https://upload.wikimedia.org/wikipedia/commons/thumb/8/8a/Koko-dog.jpg/500px-Koko-dog.jpg
  [286] 'Koumiss' -> https://upload.wikimedia.org/wikipedia/commons/thumb/0/08/On_the_farm_producing_koumiss_01.jpg/500px-On_the_farm_producing_koumiss_01.jpg
  [287] 'Krachae' -> https://upload.wikimedia.org/wikipedia/commons/thumb/0/02/Wang_Krachae%2C_Sai_Yok_District%2C_Kanchanaburi_71150%2C_Thailand_-_panoramio.jpg/500px-Wang_Krachae%2C_Sai_Yok_District%2C_Kanchanaburi_71150%2C_Thailand_-_panoramio.jpg
  [290] 'Kumis' -> https://upload.wikimedia.org/wikipedia/commons/thumb/8/8a/Shubat_vs_Kumis.jpg/500px-Shubat_vs_Kumis.jpg
  [291] 'Kumkum' -> https://upload.wikimedia.org/wikipedia/commons/thumb/b/b8/A_depiction_of_Kumkum_in_a_bowl.JPG/500px-A_depiction_of_Kumkum_in_a_bowl.JPG
  [292] 'Kunun-zaki' -> https://upload.wikimedia.org/wikipedia/commons/thumb/8/83/Kunun_Zaki_a_leda.jpg/500px-Kunun_Zaki_a_leda.jpg
  [293] 'Kurdi' -> https://upload.wikimedia.org/wikipedia/commons/thumb/5/53/Alan_Kurdi_Graffiti.jpg/500px-Alan_Kurdi_Graffiti.jpg
  [294] 'Kusaya' -> https://upload.wikimedia.org/wikipedia/commons/thumb/1/19/Niijima_kusaya.JPG/500px-Niijima_kusaya.JPG
  [295] 'Kvass' -> https://upload.wikimedia.org/wikipedia/commons/thumb/8/8c/Kvass-ochakovskiy.jpg/500px-Kvass-ochakovskiy.jpg
  [297] 'Laban rayeb' -> https://upload.wikimedia.org/wikipedia/commons/thumb/0/0d/A_cup_of_laban_rayeb.jpg/500px-A_cup_of_laban_rayeb.jpg
  [298] 'Lacto' -> https://upload.wikimedia.org/wikipedia/commons/thumb/9/94/Aegean_Air_lacto-ovo_vegetarian_in-flight_meal_%2843785335100%29.jpg/500px-Aegean_Air_lacto-ovo_vegetarian_in-flight_meal_%2843785335100%29.jpg
  [300] 'Laguiole' -> https://upload.wikimedia.org/wikipedia/commons/thumb/8/85/Laguiole_%28cheese%29.jpg/500px-Laguiole_%28cheese%29.jpg
  [301] 'Lahpet' -> https://upload.wikimedia.org/wikipedia/commons/thumb/9/90/Lahpet_Stall.JPG/500px-Lahpet_Stall.JPG
  [302] 'Lambanog' -> https://upload.wikimedia.org/wikipedia/commons/thumb/9/9b/Lambanog_Farm.jpg/500px-Lambanog_Farm.jpg
  [303] 'Lambic beer' -> https://upload.wikimedia.org/wikipedia/commons/thumb/4/44/Lambic_Lemon_-_De_Troch.jpg/500px-Lambic_Lemon_-_De_Troch.jpg
  [304] 'Landang' -> https://upload.wikimedia.org/wikipedia/commons/thumb/3/31/COLLECTIE_TROPENMUSEUM_Kleurenlitho_getiteld_Soelau_Landang_Tring-Dajaksche_vrouw_in_feestgewaad_TMnr_5795-17.jpg/500px-COLLECTIE_TROPENMUSEUM_Kleurenlitho_getiteld_Soelau_Landang_Tring-Dajaksche_vrouw_in_feestgewaad_TMnr_5795-17.jpg
  [306] 'Langres' -> https://upload.wikimedia.org/wikipedia/commons/thumb/2/21/Langres_121008_2.jpg/500px-Langres_121008_2.jpg
  [310] 'Lassi' -> https://upload.wikimedia.org/wikipedia/commons/thumb/1/1d/Lassi_and_Bomaby_Biscuits.JPG/500px-Lassi_and_Bomaby_Biscuits.JPG
  [312] 'Lebkuchen' -> https://upload.wikimedia.org/wikipedia/commons/thumb/d/d2/Nuernberger_Lebkuchen_3183857869_0f3f7bcbe3.jpg/500px-Nuernberger_Lebkuchen_3183857869_0f3f7bcbe3.jpg
  [313] 'Liliputas' -> https://upload.wikimedia.org/wikipedia/commons/thumb/f/fb/S%C5%ABris_Liliputas.JPG/500px-S%C5%ABris_Liliputas.JPG
  [315] 'Lomo embuchado' -> https://upload.wikimedia.org/wikipedia/commons/thumb/6/65/Lomo_ib%C3%A9rico_bellota.jpg/500px-Lomo_ib%C3%A9rico_bellota.jpg
  [316] 'Lor' -> https://upload.wikimedia.org/wikipedia/commons/thumb/0/00/Lor_Peyniri.jpg/500px-Lor_Peyniri.jpg
  [318] 'Vino lichi' -> https://upload.wikimedia.org/wikipedia/commons/thumb/1/1c/Bottle_of_Lychee_Wine.jpg/500px-Bottle_of_Lychee_Wine.jpg
  [319] 'Maari' -> https://upload.wikimedia.org/wikipedia/commons/thumb/0/06/Lee_Te_Maari_2008.jpg/500px-Lee_Te_Maari_2008.jpg
  [321] 'Madeira' -> https://upload.wikimedia.org/wikipedia/commons/thumb/e/e2/Madeira_71.jpg/500px-Madeira_71.jpg
  [323] 'Mahewu,Mageu' -> https://upload.wikimedia.org/wikipedia/commons/b/b8/Mageu_%28carton_and_glass%29.JPG
  [324] 'Mahon' -> https://upload.wikimedia.org/wikipedia/commons/thumb/8/88/PORT_MAHON_LIGHTHOUSE%2C_KENT_COUNTY%2C_DELAWARE.jpg/500px-PORT_MAHON_LIGHTHOUSE%2C_KENT_COUNTY%2C_DELAWARE.jpg
  [326] 'Makgeolli,Takju,Nongju' -> https://upload.wikimedia.org/wikipedia/commons/thumb/e/ef/Makgeolli_2.jpg/500px-Makgeolli_2.jpg
  [327] 'Manchego' -> https://upload.wikimedia.org/wikipedia/commons/thumb/9/93/Making_manchego_cheese.jpg/500px-Making_manchego_cheese.jpg
  [328] 'Mandai' -> https://upload.wikimedia.org/wikipedia/commons/thumb/9/9e/Mandai_Park_Connector_2011.jpg/500px-Mandai_Park_Connector_2011.jpg
  [331] 'Mantou' -> https://upload.wikimedia.org/wikipedia/commons/thumb/e/ea/Queue_of_Buying_Mantou_in_Ziqiang_Community_Center%2C_Songshan_District%2C_Taipei_20160307b.JPG/500px-Queue_of_Buying_Mantou_in_Ziqiang_Community_Center%2C_Songshan_District%2C_Taipei_20160307b.JPG
  [332] 'Marsala' -> https://upload.wikimedia.org/wikipedia/commons/thumb/6/6c/Marsala-8092.jpg/500px-Marsala-8092.jpg
  [333] 'Mascarpone' -> https://upload.wikimedia.org/wikipedia/commons/a/ab/Coffee_Mascarpone_Cr%C3%A8me.jpg
  [334] 'Maseura,Masyaura' -> https://upload.wikimedia.org/wikipedia/commons/a/af/Masyaura.png
  [335] 'Maury' -> https://upload.wikimedia.org/wikipedia/commons/thumb/9/9b/USA_Maury_County%2C_Tennessee.csv_age_pyramid.svg/500px-USA_Maury_County%2C_Tennessee.csv_age_pyramid.svg.png
  [336] 'Mawè' -> https://upload.wikimedia.org/wikipedia/commons/thumb/5/5b/Crian%C3%A7a_ind%C3%ADgena_com_seu_animal_de_estima%C3%A7%C3%A3o_-_povo_Sater%C3%A9-Maw%C3%A9.jpg/500px-Crian%C3%A7a_ind%C3%ADgena_com_seu_animal_de_estima%C3%A7%C3%A3o_-_povo_Sater%C3%A9-Maw%C3%A9.jpg
  [338] 'Mbege' -> https://upload.wikimedia.org/wikipedia/commons/thumb/f/f1/Kinywaji_cha_mbege.jpg/500px-Kinywaji_cha_mbege.jpg
  [339] 'Meigan cai' -> https://upload.wikimedia.org/wikipedia/commons/thumb/f/f4/HK_SKD_%E5%B0%87%E8%BB%8D%E6%BE%B3_TKO_%E5%B0%87%E8%BB%8D%E6%BE%B3%E5%BB%A3%E5%A0%B4_Tseung_Kwan_O_Plaza_K-mart_%E8%8F%9C%E5%B8%82%E5%A0%B4_indoor_wet_market_food_%E7%94%9C%E6%A2%85%E8%8F%9C_Meigan_cai_June_2022_Px3.jpg/500px-HK_SKD_%E5%B0%87%E8%BB%8D%E6%BE%B3_TKO_%E5%B0%87%E8%BB%8D%E6%BE%B3%E5%BB%A3%E5%A0%B4_Tseung_Kwan_O_Plaza_K-mart_%E8%8F%9C%E5%B8%82%E5%A0%B4_indoor_wet_market_food_%E7%94%9C%E6%A2%85%E8%8F%9C_Meigan_cai_June_2022_Px3.jpg
  [341] 'Meju' -> https://upload.wikimedia.org/wikipedia/commons/thumb/c/cd/Korean_soybean_malt-Meju-01.jpg/500px-Korean_soybean_malt-Meju-01.jpg
  [343] 'Mesu' -> https://upload.wikimedia.org/wikipedia/commons/thumb/e/ea/Ossi%2C_necropoli_ipogeica_Mesu_%27e_Montes_1.jpg/500px-Ossi%2C_necropoli_ipogeica_Mesu_%27e_Montes_1.jpg
  [344] 'Mettwurst' -> https://upload.wikimedia.org/wikipedia/commons/thumb/8/84/Mettwurst_with_sauerkraut_and_potatoes.jpg/500px-Mettwurst_with_sauerkraut_and_potatoes.jpg
  [345] 'Miang' -> https://upload.wikimedia.org/wikipedia/commons/thumb/b/bd/Miang_kham-bags.JPG/500px-Miang_kham-bags.JPG
  [348] 'Milleens' -> https://upload.wikimedia.org/wikipedia/commons/thumb/a/a9/Milleens_Dote.jpg/500px-Milleens_Dote.jpg
  [349] 'Mimolette (Boule de Lille)' -> https://upload.wikimedia.org/wikipedia/commons/thumb/f/fc/Mimolette_vieille_etuvee.jpg/500px-Mimolette_vieille_etuvee.jpg
  [350] 'Minchin' -> https://upload.wikimedia.org/wikipedia/commons/d/df/Edward-Alfred-Minchin.jpg
  [352] 'Mirin' -> https://upload.wikimedia.org/wikipedia/commons/thumb/a/a1/Japanese_Mirin.JPG/500px-Japanese_Mirin.JPG
  [356] 'Monbazillac' -> https://upload.wikimedia.org/wikipedia/commons/thumb/7/7a/Monbazillac_Malfourat_sud_vignes_%281%29.jpg/500px-Monbazillac_Malfourat_sud_vignes_%281%29.jpg
  [358] 'Montasio' -> https://upload.wikimedia.org/wikipedia/commons/thumb/1/1c/Montasio_kaasbrokkels.JPG/500px-Montasio_kaasbrokkels.JPG
  [359] 'Monterey Jack' -> https://upload.wikimedia.org/wikipedia/commons/thumb/9/9a/Sonoma_Dry_Jack.jpg/500px-Sonoma_Dry_Jack.jpg
  [361] 'Mozzarella de Bufala' -> https://upload.wikimedia.org/wikipedia/commons/thumb/6/69/Mozzarella.jpg/500px-Mozzarella.jpg
  [362] 'Munkoyo' -> https://upload.wikimedia.org/wikipedia/commons/thumb/7/7a/Munkoyo_Roots.jpg/500px-Munkoyo_Roots.jpg
  [363] 'Munster' -> https://upload.wikimedia.org/wikipedia/commons/thumb/2/23/Munster_01.jpg/500px-Munster_01.jpg
  [364] 'Murazzano' -> https://upload.wikimedia.org/wikipedia/commons/thumb/7/7d/Murazzano_torre.jpg/500px-Murazzano_torre.jpg
  [365] 'Mursik' -> https://upload.wikimedia.org/wikipedia/commons/thumb/7/7c/QR_Code_for_Mursik.png/500px-QR_Code_for_Mursik.png
  [368] 'Myeolchi-jeot' -> https://upload.wikimedia.org/wikipedia/commons/thumb/c/c0/Korean_salted_anchovy-Myeolchijeot-01.jpg/500px-Korean_salted_anchovy-Myeolchijeot-01.jpg
  [369] 'Naan,Nan,Noon' -> https://upload.wikimedia.org/wikipedia/commons/thumb/9/9d/Nan%2C_Noon%2C_Paan%2C_Faan-_kolkata.jpg/500px-Nan%2C_Noon%2C_Paan%2C_Faan-_kolkata.jpg
  [370] 'Nagelkaas' -> https://upload.wikimedia.org/wikipedia/commons/thumb/e/e2/Belegen_nagelkaas_en_belegen_boerenkaas.jpg/500px-Belegen_nagelkaas_en_belegen_boerenkaas.jpg
  [372] 'Nam-pla' -> https://upload.wikimedia.org/wikipedia/commons/thumb/3/35/Phrik_nam_pla.jpg/500px-Phrik_nam_pla.jpg
  [373] 'Nareli' -> https://upload.wikimedia.org/wikipedia/commons/thumb/c/c3/Nareli_Ajmer.JPG/500px-Nareli_Ajmer.JPG
  [375] 'Nasha' -> https://upload.wikimedia.org/wikipedia/commons/thumb/1/19/Kokhav-Yair-Hurvat-Nasha-204.jpg/500px-Kokhav-Yair-Hurvat-Nasha-204.jpg
  [376] 'Nata de coco' -> https://upload.wikimedia.org/wikipedia/commons/thumb/2/2e/Nata_de_coco.JPG/500px-Nata_de_coco.JPG
  [381] 'Nem chua' -> https://upload.wikimedia.org/wikipedia/commons/thumb/3/3c/Nem_Chua.jpg/500px-Nem_Chua.jpg
  [382] 'Ngapi' -> https://upload.wikimedia.org/wikipedia/commons/thumb/e/ea/Ngapi_kyaw.JPG/500px-Ngapi_kyaw.JPG
  [383] 'Ngari' -> https://upload.wikimedia.org/wikipedia/commons/thumb/4/4a/Ngari_Counties.png/500px-Ngari_Counties.png
  [385] 'Nono' -> https://upload.wikimedia.org/wikipedia/commons/thumb/e/e0/Home_of_Luigi_Nono%2C_Zattere_al_ponte_Longo%2C_Dorsoduro%2C_Venice%2C_Italy_-_20080614.jpg/500px-Home_of_Luigi_Nono%2C_Zattere_al_ponte_Longo%2C_Dorsoduro%2C_Venice%2C_Italy_-_20080614.jpg
  [386] 'Northern Hesse Ahle Wurscht' -> https://upload.wikimedia.org/wikipedia/commons/thumb/e/ea/Ahle_Wurst.jpg/500px-Ahle_Wurst.jpg
  [387] 'Nunu' -> https://upload.wikimedia.org/wikipedia/commons/thumb/5/5c/Nunu_%28singer%29.jpg/500px-Nunu_%28singer%29.jpg
  [388] 'Nuoc mam' -> https://upload.wikimedia.org/wikipedia/commons/thumb/e/eb/Phu_quoc_fabication_de_nuoc_mam.jpg/500px-Phu_quoc_fabication_de_nuoc_mam.jpg
  [391] 'Ogi' -> https://upload.wikimedia.org/wikipedia/commons/thumb/e/e6/Ogi_Shirakawa-g%C5%8D%2C_Gifu%2C_Japan.jpg/500px-Ogi_Shirakawa-g%C5%8D%2C_Gifu%2C_Japan.jpg
  [392] 'Ogiri,Ogili' -> https://upload.wikimedia.org/wikipedia/commons/thumb/5/5c/Ogiri_Igbo_in_a_container.jpg/500px-Ogiri_Igbo_in_a_container.jpg
  [393] 'Ogogoro' -> https://upload.wikimedia.org/wikipedia/commons/thumb/b/b3/Akpeteshie_local_distillation_process.jpg/500px-Akpeteshie_local_distillation_process.jpg
  [394] 'Oiji' -> https://upload.wikimedia.org/wikipedia/commons/thumb/1/15/Oiji_Mi_NYC.jpg/500px-Oiji_Mi_NYC.jpg
  [396] 'Aceitunas' -> https://upload.wikimedia.org/wikipedia/commons/thumb/4/47/Aceitunas_coloradas.jpg/500px-Aceitunas_coloradas.jpg
  [397] 'Queso Olomouc' -> https://upload.wikimedia.org/wikipedia/commons/thumb/b/b1/Olomouck%C3%A9_tvar%C5%AF%C5%BEky_%281%29.jpg/500px-Olomouck%C3%A9_tvar%C5%AF%C5%BEky_%281%29.jpg
  [398] 'Oncom' -> https://upload.wikimedia.org/wikipedia/commons/thumb/f/f1/Oncom_merah.JPG/500px-Oncom_merah.JPG
  [401] 'Ou' -> https://upload.wikimedia.org/wikipedia/commons/thumb/c/c3/University_of_Oklahoma_July_2019_29_%28David_Burr_Park%29.jpg/500px-University_of_Oklahoma_July_2019_29_%28David_Burr_Park%29.jpg
  [402] 'Queso Pag Island' -> https://upload.wikimedia.org/wikipedia/commons/thumb/b/b4/20140507_Pa%C5%A1ki_sir_cheese_from_Pag.jpg/500px-20140507_Pa%C5%A1ki_sir_cheese_from_Pag.jpg
  [406] 'Pan de Laterza' -> https://upload.wikimedia.org/wikipedia/commons/thumb/b/bd/Leopardi_-_Paralipomeni_della_Batracomiomachia%2C_Laterza%2C_1921.djvu/page1-500px-Leopardi_-_Paralipomeni_della_Batracomiomachia%2C_Laterza%2C_1921.djvu.jpg
  [407] 'Pan de Matera' -> https://upload.wikimedia.org/wikipedia/commons/thumb/1/17/Pane_di_Matera.jpg/500px-Pane_di_Matera.jpg
  [408] 'Paneer' -> https://upload.wikimedia.org/wikipedia/commons/thumb/3/36/Panir_Paneer_Indian_cheese_fresh.jpg/500px-Panir_Paneer_Indian_cheese_fresh.jpg
  [409] 'Pangasi' -> https://upload.wikimedia.org/wikipedia/commons/thumb/d/d4/Pangasi_Rice-wine_Drinking.jpg/500px-Pangasi_Rice-wine_Drinking.jpg
  [410] 'Pao cai' -> https://upload.wikimedia.org/wikipedia/commons/thumb/2/23/Sichuan_Pao_Cai.jpg/500px-Sichuan_Pao_Cai.jpg
  [411] 'Papadam,Papadum,Papad' -> https://upload.wikimedia.org/wikipedia/commons/thumb/1/1f/Papad_%28roasted%29.jpg/500px-Papad_%28roasted%29.jpg
  [413] 'Pastirma' -> https://upload.wikimedia.org/wikipedia/commons/thumb/0/0f/Turkish_pastirma.jpg/500px-Turkish_pastirma.jpg
  [414] 'Patis' -> https://upload.wikimedia.org/wikipedia/commons/thumb/e/ef/MinasGerais_Municip_Patis.svg/500px-MinasGerais_Municip_Patis.svg.png
  [415] 'Pecorino Romano' -> https://upload.wikimedia.org/wikipedia/commons/thumb/8/81/Pecorino_Romano_on_board.jpg/500px-Pecorino_Romano_on_board.jpg
  [416] 'Pecorino Sardo' -> https://upload.wikimedia.org/wikipedia/commons/thumb/2/2b/Pecorino_Sardo_Cheese.jpg/500px-Pecorino_Sardo_Cheese.jpg
  [417] 'Pecorino Siciliano' -> https://upload.wikimedia.org/wikipedia/commons/thumb/e/ef/Pecorino_siciliano_DOP.jpg/500px-Pecorino_siciliano_DOP.jpg
  [418] 'Pecorino Toscano' -> https://upload.wikimedia.org/wikipedia/commons/thumb/3/3c/Pecorino_Rosso_Volterrano_one_Quarter_on_whole_TOTAL.jpg/500px-Pecorino_Rosso_Volterrano_one_Quarter_on_whole_TOTAL.jpg
  [421] 'Pepperoni' -> https://upload.wikimedia.org/wikipedia/commons/thumb/a/a5/Salami_pepperoni_ZIMBO.jpg/500px-Salami_pepperoni_ZIMBO.jpg
  [425] 'Phrung' -> https://upload.wikimedia.org/wikipedia/commons/thumb/d/df/Phrung_Ni_Ko_Cha_Pai_Sia_Laeo_1963_cover.jpg/500px-Phrung_Ni_Ko_Cha_Pai_Sia_Laeo_1963_cover.jpg
  [426] 'Picodon' -> https://upload.wikimedia.org/wikipedia/commons/thumb/9/92/Wikicheese_-_Picodon_-_20150417_-_001.jpg/500px-Wikicheese_-_Picodon_-_20150417_-_001.jpg
  [428] 'Pikliz' -> https://upload.wikimedia.org/wikipedia/commons/thumb/9/90/Fried_chicken%2C_greens%2C_potato_salad%2C_pikliz_%2814408506532%29.jpg/500px-Fried_chicken%2C_greens%2C_potato_salad%2C_pikliz_%2814408506532%29.jpg
  [429] 'Pito' -> https://upload.wikimedia.org/wikipedia/commons/thumb/b/b0/Pito_de_Pikasso_%28grupo%29._Correlingua_na_Estrada._2016.jpg/500px-Pito_de_Pikasso_%28grupo%29._Correlingua_na_Estrada._2016.jpg
  [431] 'Pla-ra' -> https://upload.wikimedia.org/wikipedia/commons/thumb/e/eb/Pla_ra96.jpg/500px-Pla_ra96.jpg
  [433] 'Placali' -> https://upload.wikimedia.org/wikipedia/commons/thumb/f/f2/Placali_-_Sauce_C%C3%B4p%C3%AA.jpg/500px-Placali_-_Sauce_C%C3%B4p%C3%AA.jpg
  [434] 'Poi' -> https://upload.wikimedia.org/wikipedia/commons/thumb/d/d0/Poi_circles.jpg/500px-Poi_circles.jpg
  [435] 'Poko' -> https://upload.wikimedia.org/wikipedia/commons/thumb/f/f6/Andr%C3%A9_Biyogo_Poko%2C_2015.jpg/500px-Andr%C3%A9_Biyogo_Poko%2C_2015.jpg
  [436] 'Poligny Saint Pierre' -> https://upload.wikimedia.org/wikipedia/commons/thumb/c/ce/Poligny.jpg/500px-Poligny.jpg
  [438] 'Pona' -> https://upload.wikimedia.org/wikipedia/commons/thumb/2/20/Toki_Pona_poem_kasi.jpg/500px-Toki_Pona_poem_kasi.jpg
  [439] "Queso Pont-l'Évêque" -> https://upload.wikimedia.org/wikipedia/commons/thumb/5/5a/Petit_pont-l%27%C3%A9v%C3%AAque.jpg/500px-Petit_pont-l%27%C3%A9v%C3%AAque.jpg
  [440] 'Poro Apong' -> https://upload.wikimedia.org/wikipedia/commons/thumb/0/0c/Poro_Apong_%28Chai_Mod%29.jpg/500px-Poro_Apong_%28Chai_Mod%29.jpg
  [441] 'Port Salut' -> https://upload.wikimedia.org/wikipedia/commons/thumb/2/20/Port_Salut_cheese.jpg/500px-Port_Salut_cheese.jpg
  [442] 'Poto poto' -> https://upload.wikimedia.org/wikipedia/commons/thumb/3/30/Poto_Williams_2017.jpg/500px-Poto_Williams_2017.jpg
  [443] 'Pozol' -> https://upload.wikimedia.org/wikipedia/commons/thumb/e/e5/Ilustraci%C3%B3n_sobre_pozol_tabasque%C3%B1o.jpg/500px-Ilustraci%C3%B3n_sobre_pozol_tabasque%C3%B1o.jpg
  [444] 'Prahok' -> https://upload.wikimedia.org/wikipedia/commons/thumb/e/e4/Fried_Prahok_meal.jpg/500px-Fried_Prahok_meal.jpg
  [445] 'Prosciutto di Faeto' -> https://upload.wikimedia.org/wikipedia/commons/9/99/Prosciutto_di_Faeto.jpeg
  [446] 'Provolone Valpadana' -> https://upload.wikimedia.org/wikipedia/commons/thumb/3/34/Provolone_Dolce.jpg/500px-Provolone_Dolce.jpg
  [447] 'Provolone del Monaco' -> https://upload.wikimedia.org/wikipedia/commons/thumb/0/08/Provolone_del_monaco.jpg/500px-Provolone_del_monaco.jpg
  [448] 'Pulque' -> https://upload.wikimedia.org/wikipedia/commons/thumb/c/c7/Pulque_en_j%C3%ADcara%2C_en_la_Mixteca_Alta%2C_Oaxaca.jpg/500px-Pulque_en_j%C3%ADcara%2C_en_la_Mixteca_Alta%2C_Oaxaca.jpg
  [449] 'Puto' -> https://upload.wikimedia.org/wikipedia/commons/thumb/4/44/Puto_lanson_%28cassava_puto%29_with_bukayo_%28sweetened_coconut%29_-_Philippines.jpg/500px-Puto_lanson_%28cassava_puto%29_with_bukayo_%28sweetened_coconut%29_-_Philippines.jpg
  [450] 'queso Serra da Estrela' -> https://upload.wikimedia.org/wikipedia/commons/thumb/2/2f/As_estrelas_da_serra%21_-queijoserradaestrela_-serradaestrela_-queijo_-food_-travel_-trip_-cheese_-serradaestrela_-portugal_%2834090625920%29.jpg/500px-As_estrelas_da_serra%21_-queijoserradaestrela_-serradaestrela_-queijo_-food_-travel_-trip_-cheese_-serradaestrela_-portugal_%2834090625920%29.jpg
  [451] 'queso minas' -> https://upload.wikimedia.org/wikipedia/commons/thumb/3/32/Queijo_Minas_Frescal.JPG/500px-Queijo_Minas_Frescal.JPG
  [452] 'Queso Tetilla' -> https://upload.wikimedia.org/wikipedia/commons/thumb/d/d2/Queso_tetilla_entre_otros.jpg/500px-Queso_tetilla_entre_otros.jpg
  [454] 'Rakfisk' -> https://upload.wikimedia.org/wikipedia/commons/thumb/7/79/Rakfisk.jpg/500px-Rakfisk.jpg
  [455] 'Raksi' -> https://upload.wikimedia.org/wikipedia/commons/thumb/7/7c/Local_Raksi.jpg/500px-Local_Raksi.jpg
  [456] 'Reblochon' -> https://upload.wikimedia.org/wikipedia/commons/thumb/6/6b/Reblochon_AOC.jpg/500px-Reblochon_AOC.jpg
  [458] 'Ricotta' -> https://upload.wikimedia.org/wikipedia/commons/thumb/4/40/Ricotta_salata_e_zucchina.jpg/500px-Ricotta_salata_e_zucchina.jpg
  [459] 'Roquefort' -> https://upload.wikimedia.org/wikipedia/commons/thumb/9/92/Roquefort_cheese.jpg/500px-Roquefort_cheese.jpg
  [460] 'Ruhi' -> https://upload.wikimedia.org/wikipedia/commons/thumb/7/7f/Ruhi_Singh_at_the_Global_Peace_Initiative_2015.jpg/500px-Ruhi_Singh_at_the_Global_Peace_Initiative_2015.jpg
  [463] 'Ruou nep than' -> https://upload.wikimedia.org/wikipedia/commons/b/bf/R%C6%B0%E1%BB%A3u_n%E1%BA%BFp_than.jpg
  [464] 'Ryazhenka' -> https://upload.wikimedia.org/wikipedia/commons/thumb/b/b9/Ryazhenka-avrs01-15-24-hdrtm.jpg/500px-Ryazhenka-avrs01-15-24-hdrtm.jpg
  [465] 'Saeu-jeot,Saewoojeot' -> https://upload.wikimedia.org/wikipedia/commons/thumb/1/1b/Korean.cuisine-Jeotgal-Saewoojeot-01.jpg/500px-Korean.cuisine-Jeotgal-Saewoojeot-01.jpg
  [467] 'Sahti' -> https://upload.wikimedia.org/wikipedia/commons/e/e8/Finlandia_sahti.jpg
  [469] 'Saint-Nectaire' -> https://upload.wikimedia.org/wikipedia/commons/thumb/b/ba/Saint_Nectaire_de_600_grammes.JPG/500px-Saint_Nectaire_de_600_grammes.JPG
  [470] 'Saint-Paulin' -> https://upload.wikimedia.org/wikipedia/commons/thumb/7/7e/Trier_Sankt_Paulin_BW_5.jpg/500px-Trier_Sankt_Paulin_BW_5.jpg
  [471] 'Sainte-Maure de Touraine' -> https://upload.wikimedia.org/wikipedia/commons/thumb/c/c5/Sainte-maure-de-touraine_cheese.jpg/500px-Sainte-maure-de-touraine_cheese.jpg
  [472] 'Sake,Seishu' -> https://upload.wikimedia.org/wikipedia/commons/thumb/c/c8/Sake_set.jpg/500px-Sake_set.jpg
  [473] 'Salame Felino' -> https://upload.wikimedia.org/wikipedia/commons/thumb/2/24/Salame_di_Felino.jpg/500px-Salame_di_Felino.jpg
  [474] 'Salchichón' -> https://upload.wikimedia.org/wikipedia/commons/thumb/5/5e/Salchich%C3%B3n_de_jabal%C3%AD.jpg/500px-Salchich%C3%B3n_de_jabal%C3%AD.jpg
  [476] 'Chucrut tradicional' -> https://upload.wikimedia.org/wikipedia/commons/thumb/b/b5/Kiszona_kapusta.JPG/500px-Kiszona_kapusta.JPG
  [477] 'Sauternes' -> https://upload.wikimedia.org/wikipedia/commons/thumb/5/5f/Sauternes_01.jpg/500px-Sauternes_01.jpg
  [478] 'Sayur asin' -> https://upload.wikimedia.org/wikipedia/commons/thumb/a/a1/Sayur_asin_pickles.JPG/500px-Sayur_asin_pickles.JPG
  [479] 'Schabziger' -> https://upload.wikimedia.org/wikipedia/commons/thumb/6/62/Z%C3%BCrich_und_Schabziger_004.jpg/500px-Z%C3%BCrich_und_Schabziger_004.jpg
  [481] 'Sekete' -> https://upload.wikimedia.org/wikipedia/commons/thumb/4/45/Sekete_sa_kgaka.jpg/500px-Sekete_sa_kgaka.jpg
  [482] 'Selles-sur-Cher' -> https://upload.wikimedia.org/wikipedia/commons/thumb/3/3f/Selles-sur-cher_1.jpg/500px-Selles-sur-cher_1.jpg
  [483] 'Selroti' -> https://upload.wikimedia.org/wikipedia/commons/thumb/6/65/Selroti.jpg/500px-Selroti.jpg
  [484] 'Serpa' -> https://upload.wikimedia.org/wikipedia/commons/thumb/4/43/Castle_walls_Serpa.JPG/500px-Castle_walls_Serpa.JPG
  [485] 'Shalgam,Turnip agua' -> https://upload.wikimedia.org/wikipedia/commons/thumb/d/da/%C5%9Ealgam_%286418904397%29.jpg/500px-%C5%9Ealgam_%286418904397%29.jpg
  [486] 'Shaoxing-jiu' -> https://upload.wikimedia.org/wikipedia/commons/thumb/f/f7/Shaoxing-jiu_bottles_by_udono.jpg/500px-Shaoxing-jiu_bottles_by_udono.jpg
  [487] 'Sherry' -> https://upload.wikimedia.org/wikipedia/commons/thumb/e/e9/Venenciadora_serving_Sherry.jpg/500px-Venenciadora_serving_Sherry.jpg
  [489] 'Shottsuru' -> https://upload.wikimedia.org/wikipedia/commons/thumb/3/34/Oga_Shottsuru_Yakisoba_01.jpg/500px-Oga_Shottsuru_Yakisoba_01.jpg
  [490] 'Shrikhand' -> https://upload.wikimedia.org/wikipedia/commons/thumb/5/5c/Shrikhand_london_kastoori.jpg/500px-Shrikhand_london_kastoori.jpg
  [491] 'Shōchū' -> https://upload.wikimedia.org/wikipedia/commons/thumb/3/32/Hedgerow_shochu.JPG/500px-Hedgerow_shochu.JPG
  [492] 'Sierra arroz' -> https://upload.wikimedia.org/wikipedia/commons/thumb/d/da/Arroz_con_gurumelos_.jpg/500px-Arroz_con_gurumelos_.jpg
  [494] 'Sima' -> https://upload.wikimedia.org/wikipedia/commons/thumb/3/38/Sima_przekroj.svg/500px-Sima_przekroj.svg.png
  [496] 'Sing sing' -> https://upload.wikimedia.org/wikipedia/commons/thumb/0/0c/Sing_Sing.jpg/500px-Sing_Sing.jpg
  [497] 'Sinki' -> https://upload.wikimedia.org/wikipedia/commons/b/b1/Pyramide-sinki-rampes.jpg
  [499] 'Sirene' -> https://upload.wikimedia.org/wikipedia/commons/thumb/4/46/Henri_Puvrez%2C_Sirene%2C_1934.jpg/500px-Henri_Puvrez%2C_Sirene%2C_1934.jpg
  [500] 'Skyr' -> https://upload.wikimedia.org/wikipedia/commons/thumb/2/2c/Skyr.is_me%C3%B0_vanillu.jpg/500px-Skyr.is_me%C3%B0_vanillu.jpg
  [501] 'Smetana' -> https://upload.wikimedia.org/wikipedia/commons/thumb/c/c1/Bed%C5%99ich_Smetana%2C_matrika_N.jpg/500px-Bed%C5%99ich_Smetana%2C_matrika_N.jpg
  [503] 'Soju' -> https://upload.wikimedia.org/wikipedia/commons/thumb/9/9c/Soju_assortiment_in_fridge_door.jpg/500px-Soju_assortiment_in_fridge_door.jpg
  [504] 'Somar' -> https://upload.wikimedia.org/wikipedia/commons/thumb/0/09/Ranc_Somar%2C_Dolenci.JPG/500px-Ranc_Somar%2C_Dolenci.JPG
  [505] 'Soumbala' -> https://upload.wikimedia.org/wikipedia/commons/thumb/4/40/Parkia_biglobosa_Soumbala.JPG/500px-Parkia_biglobosa_Soumbala.JPG
  [508] 'Spaetlese' -> https://upload.wikimedia.org/wikipedia/commons/6/64/Uttwiler_Spaetlese_-_Baum.jpg
  [509] 'Speck' -> https://upload.wikimedia.org/wikipedia/commons/thumb/0/01/CES_2012_-_Speck_%286937705171%29.jpg/500px-CES_2012_-_Speck_%286937705171%29.jpg
  [510] 'St. Tola' -> https://upload.wikimedia.org/wikipedia/commons/thumb/6/6f/St._Tola_Log.JPG/500px-St._Tola_Log.JPG
  [511] 'Stichelton' -> https://upload.wikimedia.org/wikipedia/commons/thumb/1/18/Stichelton.jpg/500px-Stichelton.jpg
  [512] 'Stilton' -> https://upload.wikimedia.org/wikipedia/commons/thumb/d/d7/Farmland_west_of_Stilton_-_geograph.org.uk_-_3636772.jpg/500px-Farmland_west_of_Stilton_-_geograph.org.uk_-_3636772.jpg
  [513] 'Stinking Bishop' -> https://upload.wikimedia.org/wikipedia/commons/thumb/f/f5/Stinking_Bishop_cheese.jpg/500px-Stinking_Bishop_cheese.jpg
  [514] 'Stinky tofu' -> https://upload.wikimedia.org/wikipedia/commons/thumb/7/78/Stinky_Tofu_Fried.jpg/500px-Stinky_Tofu_Fried.jpg
  [515] 'Suan-cai' -> https://upload.wikimedia.org/wikipedia/commons/thumb/7/76/Suan_cai_pork_stew.jpg/500px-Suan_cai_pork_stew.jpg
  [517] 'Sucuk' -> https://upload.wikimedia.org/wikipedia/commons/thumb/0/0b/Sucuk-1.jpg/500px-Sucuk-1.jpg
  [521] 'Sukuti' -> https://upload.wikimedia.org/wikipedia/commons/thumb/c/ce/Mustang_Apples_%26_Sukuti.jpg/500px-Mustang_Apples_%26_Sukuti.jpg
  [522] 'Sulguni' -> https://upload.wikimedia.org/wikipedia/commons/thumb/d/d1/Sulguni.jpg/500px-Sulguni.jpg
  [523] 'Sumbala,Soumbala' -> https://upload.wikimedia.org/wikipedia/commons/thumb/4/40/Parkia_biglobosa_Soumbala.JPG/500px-Parkia_biglobosa_Soumbala.JPG
  [524] 'Sunki' -> https://upload.wikimedia.org/wikipedia/commons/thumb/f/f2/Sunki_Topper_70_20140301.jpg/500px-Sunki_Topper_70_20140301.jpg
  [525] 'Sura' -> https://upload.wikimedia.org/wikipedia/commons/thumb/7/74/Sura_near_Alatyr.jpg/500px-Sura_near_Alatyr.jpg
  [526] 'Surströmming' -> https://upload.wikimedia.org/wikipedia/commons/thumb/0/07/Serving_Surstr%C3%B6mming.jpg/500px-Serving_Surstr%C3%B6mming.jpg
  [527] 'Svecia' -> https://upload.wikimedia.org/wikipedia/commons/thumb/e/e6/Svecia%2C_cheese.jpg/500px-Svecia%2C_cheese.jpg
  [529] 'Taleggio' -> https://upload.wikimedia.org/wikipedia/commons/thumb/b/b1/Taleggio_Cheese.jpg/500px-Taleggio_Cheese.jpg
  [530] 'Tandir Ekmegi' -> https://upload.wikimedia.org/wikipedia/commons/thumb/7/7c/Tand%C4%B1r_Ekme%C4%9Fi.jpg/500px-Tand%C4%B1r_Ekme%C4%9Fi.jpg
  [532] 'Tapai' -> https://upload.wikimedia.org/wikipedia/commons/thumb/b/ba/Tapai_peuyeum_Pasar_Baru.JPG/500px-Tapai_peuyeum_Pasar_Baru.JPG
  [533] 'Tapuy' -> https://upload.wikimedia.org/wikipedia/commons/thumb/6/6e/Merienda_with_tapuy_and_biko.jpg/500px-Merienda_with_tapuy_and_biko.jpg
  [534] 'Tarag' -> https://upload.wikimedia.org/wikipedia/commons/thumb/7/7e/Ward_No._46%2C_Kolkata_Municipal_Corporation_-_Manohar_Das_Tarag_-_20191203104909.jpg/500px-Ward_No._46%2C_Kolkata_Municipal_Corporation_-_Manohar_Das_Tarag_-_20191203104909.jpg
  [536] 'Tari' -> https://upload.wikimedia.org/wikipedia/commons/thumb/5/57/Tari_Piring_Bergelut_Kaca.jpg/500px-Tari_Piring_Bergelut_Kaca.jpg
  [537] 'Tauco' -> https://upload.wikimedia.org/wikipedia/commons/4/41/Fuerte_Tauco_%28Chile%29.jpg
  [538] 'Tchoukoutou' -> https://upload.wikimedia.org/wikipedia/commons/thumb/6/68/Western-Tchoukoutou.F.Couao-Zotti.Galimard.jpg/500px-Western-Tchoukoutou.F.Couao-Zotti.Galimard.jpg
  [539] 'Teewurst' -> https://upload.wikimedia.org/wikipedia/commons/thumb/8/87/Teewurst.jpg/500px-Teewurst.jpg
  [540] 'Tej' -> https://upload.wikimedia.org/wikipedia/commons/thumb/d/d9/Addis-Abeba-Tej.jpg/500px-Addis-Abeba-Tej.jpg
  [541] 'Tejate' -> https://upload.wikimedia.org/wikipedia/commons/4/41/Tejate_drink.JPG
  [542] 'Telemea' -> https://upload.wikimedia.org/wikipedia/commons/2/29/Telemea.jpg
  [543] 'Tella' -> https://upload.wikimedia.org/wikipedia/commons/thumb/d/d0/Lalibella-Tella.jpg/500px-Lalibella-Tella.jpg
  [545] 'Tempoyak' -> https://upload.wikimedia.org/wikipedia/commons/thumb/d/d0/Tempoyak.jpg/500px-Tempoyak.jpg
  [546] 'Tepa' -> https://upload.wikimedia.org/wikipedia/commons/thumb/4/47/Tepa_dans_une_interview_en_2015.png/500px-Tepa_dans_une_interview_en_2015.png
  [547] 'Terasi' -> https://upload.wikimedia.org/wikipedia/commons/thumb/8/8c/Terasi-dari-lombok.jpg/500px-Terasi-dari-lombok.jpg
  [550] 'Thorramatur' -> https://upload.wikimedia.org/wikipedia/commons/thumb/4/4b/Thorramatur.jpg/500px-Thorramatur.jpg
  [551] 'Thua nao' -> https://upload.wikimedia.org/wikipedia/commons/thumb/4/45/2017_0419_Thanin_market_tua_nao.jpg/500px-2017_0419_Thanin_market_tua_nao.jpg
  [552] 'Thumba' -> https://upload.wikimedia.org/wikipedia/commons/thumb/3/36/M%C3%B6lter_Thumba_1.JPG/500px-M%C3%B6lter_Thumba_1.JPG
  [554] 'Tilsiter' -> https://upload.wikimedia.org/wikipedia/commons/thumb/1/11/Tilsiter.jpg/500px-Tilsiter.jpg
  [556] 'Ting' -> https://upload.wikimedia.org/wikipedia/commons/thumb/0/02/A_Ting_and_a_Pink_Ting.jpg/500px-A_Ting_and_a_Pink_Ting.jpg
  [558] 'Tiroler Graukase' -> https://upload.wikimedia.org/wikipedia/commons/thumb/5/55/Tiroler_Mittelland_2013-07_Mattes_%28237%29.JPG/500px-Tiroler_Mittelland_2013-07_Mattes_%28237%29.JPG
  [559] 'Titi' -> https://upload.wikimedia.org/wikipedia/commons/thumb/e/e1/Brown_Titi_Monkey_%28Callicebus_brunneus%29.jpg/500px-Brown_Titi_Monkey_%28Callicebus_brunneus%29.jpg
  [561] 'Tocosh' -> https://upload.wikimedia.org/wikipedia/commons/thumb/b/b1/Tocosh.jpg/500px-Tocosh.jpg
  [563] 'Tokaji,Tokaj' -> https://upload.wikimedia.org/wikipedia/commons/thumb/8/8b/Tokaji_Aszu.jpg/500px-Tokaji_Aszu.jpg
  [564] 'Tomme de Savoie' -> https://upload.wikimedia.org/wikipedia/commons/thumb/4/47/Tomme_de_Savoie.jpg/500px-Tomme_de_Savoie.jpg
  [565] 'Torani' -> https://upload.wikimedia.org/wikipedia/commons/thumb/a/a0/RI_Torani_%28317%29%2C_Jalesveva_Jayamahe%2C_p64.jpg/500px-RI_Torani_%28317%29%2C_Jalesveva_Jayamahe%2C_p64.jpg
  [566] 'Torta del Cesar' -> https://upload.wikimedia.org/wikipedia/commons/thumb/0/0c/Oudin_Cesar_-_Proverbes_-_1605.djvu/page1-500px-Oudin_Cesar_-_Proverbes_-_1605.djvu.jpg
  [567] 'Trahana' -> https://upload.wikimedia.org/wikipedia/commons/thumb/0/0b/Trahana.jpg/500px-Trahana.jpg
  [569] 'Tsukemono' -> https://upload.wikimedia.org/wikipedia/commons/8/8a/Eggplant_tsukemono_by_irrational_cat.jpg
  [571] 'Tuba' -> https://upload.wikimedia.org/wikipedia/commons/6/69/Tuba.png
  [576] 'Ugba' -> https://upload.wikimedia.org/wikipedia/commons/thumb/b/b8/Abacha_and_Ugba_with_Ponmo_and_Croaker_Fish.jpg/500px-Abacha_and_Ugba_with_Ponmo_and_Croaker_Fish.jpg
  [577] 'Uji' -> https://upload.wikimedia.org/wikipedia/commons/thumb/0/08/Uji-Utoro_district3.JPG/500px-Uji-Utoro_district3.JPG
  [578] 'Ulanzi' -> https://upload.wikimedia.org/wikipedia/commons/9/94/Ulanzi.jpg
  [580] 'Urubu' -> https://upload.wikimedia.org/wikipedia/commons/thumb/d/db/Urubu-de-cabeca-vermelha.jpg/500px-Urubu-de-cabeca-vermelha.jpg
  [582] 'Urwarwa' -> https://upload.wikimedia.org/wikipedia/commons/thumb/f/fa/Brasser_le_boisson_%28_urwarwa%29des_bananes_m%C3%BBrs.jpg/500px-Brasser_le_boisson_%28_urwarwa%29des_bananes_m%C3%BBrs.jpg
  [583] 'Vacherin Fribourgeois' -> https://upload.wikimedia.org/wikipedia/commons/thumb/2/21/Rolf_Beeler_Vacherin_Fribourgeois.png/500px-Rolf_Beeler_Vacherin_Fribourgeois.png
  [584] "Queso Vacherin Mont-d'o" -> https://upload.wikimedia.org/wikipedia/commons/thumb/4/44/Vacherin_du_haut_Doubs.jpg/500px-Vacherin_du_haut_Doubs.jpg
  [585] 'Vada' -> https://upload.wikimedia.org/wikipedia/commons/thumb/1/10/Vada_2.jpg/500px-Vada_2.jpg
  [586] 'Valencay' -> https://upload.wikimedia.org/wikipedia/commons/thumb/2/2e/Exterior_of_the_Castle_of_Valencay_26.jpg/500px-Exterior_of_the_Castle_of_Valencay_26.jpg
  [587] 'Queso Fromadzo de Valle de Aosta' -> https://upload.wikimedia.org/wikipedia/commons/thumb/d/df/Fromadzo_DOP_-_Foire_de_Saint-Ours_2026.png/500px-Fromadzo_DOP_-_Foire_de_Saint-Ours_2026.png
  [588] 'Viili' -> https://upload.wikimedia.org/wikipedia/commons/thumb/d/d3/Viili.jpg/500px-Viili.jpg
  [589] 'Vin Santo' -> https://upload.wikimedia.org/wikipedia/commons/thumb/8/8d/Tuscany_Vin_Santo_%28holy_wine%29_home_made.jpg/500px-Tuscany_Vin_Santo_%28holy_wine%29_home_made.jpg
  [590] 'Västerbotten' -> https://upload.wikimedia.org/wikipedia/commons/thumb/2/2e/16001000431364-V%C3%A4sterbotten-Riksantikvarie%C3%A4mbetet.jpg/500px-16001000431364-V%C3%A4sterbotten-Riksantikvarie%C3%A4mbetet.jpg
  [591] 'Wara' -> https://upload.wikimedia.org/wikipedia/commons/thumb/d/dc/Wara%2C_kostel.jpg/500px-Wara%2C_kostel.jpg
  [592] 'Winter salami' -> https://upload.wikimedia.org/wikipedia/commons/thumb/1/18/Salami_aka.jpg/500px-Salami_aka.jpg
  [595] 'Yam flour' -> https://upload.wikimedia.org/wikipedia/commons/thumb/4/4d/Elubo_%28Amala_flour%29.jpg/500px-Elubo_%28Amala_flour%29.jpg
  [596] 'Yandou' -> https://upload.wikimedia.org/wikipedia/commons/thumb/9/95/Leclercera_yandou_%2810.3897-zookeys.913.48650%29_Figure_6.jpg/500px-Leclercera_yandou_%2810.3897-zookeys.913.48650%29_Figure_6.jpg
  [597] 'Queso Yarg Cornish' -> https://upload.wikimedia.org/wikipedia/commons/thumb/c/c5/Lynher_Dairy_the_home_of_Cornish_Yarg_-_geograph.org.uk_-_38651.jpg/500px-Lynher_Dairy_the_home_of_Cornish_Yarg_-_geograph.org.uk_-_38651.jpg
  [599] 'Yu' -> https://upload.wikimedia.org/wikipedia/commons/thumb/8/87/Physicists_Chang-Hong_Yu_ORNL_2006_%2811996935606%29.jpg/500px-Physicists_Chang-Hong_Yu_ORNL_2006_%2811996935606%29.jpg
  [600] 'Zha cai' -> https://upload.wikimedia.org/wikipedia/commons/thumb/b/bb/Brassica_juncea_subsp._tatsai_-_Zha_cai_-_pickled_%28zh%C3%A0_c%C3%A0i_%E6%A6%A8%E8%8F%9C%29.jpg/500px-Brassica_juncea_subsp._tatsai_-_Zha_cai_-_pickled_%28zh%C3%A0_c%C3%A0i_%E6%A6%A8%E8%8F%9C%29.jpg
  [602] 'Zu' -> https://upload.wikimedia.org/wikipedia/commons/thumb/9/91/Egypt_Zagazig_Stadium_Nov-2006.jpg/500px-Egypt_Zagazig_Stadium_Nov-2006.jpg
  [604] 'Kocho' -> https://upload.wikimedia.org/wikipedia/commons/2/2d/Kocho_conkata.JPG
  [605] 'Masa' -> https://upload.wikimedia.org/wikipedia/commons/thumb/3/3b/Masa_de_tortillas.jpg/500px-Masa_de_tortillas.jpg
  [606] 'Cocoa' -> https://upload.wikimedia.org/wikipedia/commons/thumb/4/4d/Cocoa_powder.jpg/500px-Cocoa_powder.jpg
  [607] 'Douchi' -> https://upload.wikimedia.org/wikipedia/commons/thumb/8/89/2015_1012_Preserved_black_beans_douchi_close-up.jpg/500px-2015_1012_Preserved_black_beans_douchi_close-up.jpg
  [608] 'Tofu fermentado (Furu)' -> https://upload.wikimedia.org/wikipedia/commons/thumb/a/ae/Furu-ayase_gawa_Soka-shi_Saitama-ken.jpg/500px-Furu-ayase_gawa_Soka-shi_Saitama-ken.jpg
  [609] 'Pasta de soja fermentada' -> https://upload.wikimedia.org/wikipedia/commons/thumb/9/94/Fermented_bean_paste.jpg/500px-Fermented_bean_paste.jpg
  [610] 'Lulu Jardin' -> https://upload.wikimedia.org/wikipedia/commons/thumb/4/4d/Glyphaea_brevis-Jardin_botanique_Meise.jpg/500px-Glyphaea_brevis-Jardin_botanique_Meise.jpg
  [612] 'Pon ye gyi' -> https://upload.wikimedia.org/wikipedia/commons/thumb/4/4e/Pon_ye_gyi.jpg/500px-Pon_ye_gyi.jpg
  [613] 'Ssamjang' -> https://upload.wikimedia.org/wikipedia/commons/f/f5/Korean_condiment-Ssamjang-01.jpg
  [614] 'Stinky tofu (chòu dòufu)' -> https://upload.wikimedia.org/wikipedia/commons/thumb/7/78/Stinky_Tofu_Fried.jpg/500px-Stinky_Tofu_Fried.jpg
  [615] 'Tương' -> https://upload.wikimedia.org/wikipedia/commons/thumb/3/36/R%E1%BB%ABng_S%C4%83ng_L%E1%BA%BB%E2%91%A1%3BHuy%E1%BB%87n_T%C6%B0%C6%A1ng_D%C6%B0%C6%A1ng%2CNgh%E1%BB%87_An.jpg/500px-R%E1%BB%ABng_S%C4%83ng_L%E1%BA%BB%E2%91%A1%3BHuy%E1%BB%87n_T%C6%B0%C6%A1ng_D%C6%B0%C6%A1ng%2CNgh%E1%BB%87_An.jpg
  [618] 'Queso azul' -> https://upload.wikimedia.org/wikipedia/commons/thumb/3/3b/Queso_Azul-Asturias.jpg/500px-Queso_Azul-Asturias.jpg
  [619] 'Queso Limburger' -> https://upload.wikimedia.org/wikipedia/commons/thumb/3/31/Cheese_limburger_edit.jpg/500px-Cheese_limburger_edit.jpg
  [620] 'Shanklish' -> https://upload.wikimedia.org/wikipedia/commons/thumb/2/2a/Shanklish.jpg/500px-Shanklish.jpg
  [621] 'Tvorog' -> https://upload.wikimedia.org/wikipedia/commons/thumb/a/a3/Tvorog_02.jpg/500px-Tvorog_02.jpg
  [622] 'Bagoong' -> https://upload.wikimedia.org/wikipedia/commons/thumb/d/de/Bagoong_1.JPG/500px-Bagoong_1.JPG
  [623] 'Bosou' -> https://upload.wikimedia.org/wikipedia/commons/thumb/d/d9/Bosou_Kinotuan%2C_Meqqal.jpg/500px-Bosou_Kinotuan%2C_Meqqal.jpg
  [626] 'Garum' -> https://upload.wikimedia.org/wikipedia/commons/thumb/8/8e/Garum_Mosaik_Pompeji.JPG/500px-Garum_Mosaik_Pompeji.JPG
  [627] 'Murri (condimento)' -> https://upload.wikimedia.org/wikipedia/commons/8/84/Romolo_Murri_%28thumb%29.jpeg
  [628] 'Salsa Soy' -> https://upload.wikimedia.org/wikipedia/commons/thumb/6/63/Soy_sauce_2.jpg/500px-Soy_sauce_2.jpg
  [630] 'Vinagre (vinagre)' -> https://upload.wikimedia.org/wikipedia/commons/thumb/5/50/Boquerones_en_vinagre-Madrid.jpg/500px-Boquerones_en_vinagre-Madrid.jpg
  [631] 'Salsa Worcestershire' -> https://upload.wikimedia.org/wikipedia/commons/thumb/6/65/Dimitri_Torterat_-_Bottle_of_Worcestershire_sauce.jpg/500px-Dimitri_Torterat_-_Bottle_of_Worcestershire_sauce.jpg
  [632] 'Fermento de leche products' -> https://upload.wikimedia.org/wikipedia/commons/thumb/9/96/Analysis_of_milk_and_milk_products_%28IA_analysisofmilkmi00leff%29.pdf/page1-500px-Analysis_of_milk_and_milk_products_%28IA_analysisofmilkmi00leff%29.pdf.jpg
  [633] 'Filmjölk' -> https://upload.wikimedia.org/wikipedia/commons/thumb/2/2a/Gr%C3%A4ddfil_-_Mejerif%C3%B6reningens_nya_filmj%C3%B6lk._11_juni_1958_-_OLM-2013-1-2621.jpg/500px-Gr%C3%A4ddfil_-_Mejerif%C3%B6reningens_nya_filmj%C3%B6lk._11_juni_1958_-_OLM-2013-1-2621.jpg
  [634] 'Kaymak' -> https://upload.wikimedia.org/wikipedia/commons/thumb/e/e9/Kaymak_in_Turkey.jpg/500px-Kaymak_in_Turkey.jpg
  [636] 'Smetana, Smântână' -> https://upload.wikimedia.org/wikipedia/commons/thumb/3/30/Auchan_private-label_smetana%2C_made_in_Uglich%2C_face.jpg/500px-Auchan_private-label_smetana%2C_made_in_Uglich%2C_face.jpg
  [637] 'Crema agria' -> https://upload.wikimedia.org/wikipedia/commons/thumb/0/00/Potato_with_sour_cream_and_chili_sauce.jpg/500px-Potato_with_sour_cream_and_chili_sauce.jpg
  [638] 'Soured leche' -> https://upload.wikimedia.org/wikipedia/commons/4/4f/Leche_agria_02.jpg
  [639] 'Strained yogur' -> https://upload.wikimedia.org/wikipedia/commons/thumb/e/ea/Turkish_strained_yogurt.jpg/500px-Turkish_strained_yogurt.jpg
  [640] 'yogur' -> https://upload.wikimedia.org/wikipedia/commons/thumb/0/01/Yogur_mi_primer_danone.jpg/500px-Yogur_mi_primer_danone.jpg
  [642] 'Jiuniang' -> https://upload.wikimedia.org/wikipedia/commons/thumb/5/5d/Jiuniang_2_2010.jpg/500px-Jiuniang_2_2010.jpg
  [643] 'Koko (millet porridge)' -> https://upload.wikimedia.org/wikipedia/commons/thumb/8/8a/Hausa_Koko_%28Porridge%29.jpg/500px-Hausa_Koko_%28Porridge%29.jpg
  [644] 'Kisra' -> https://upload.wikimedia.org/wikipedia/commons/thumb/7/77/Kisra_maker.jpeg/500px-Kisra_maker.jpeg
  [645] 'Sourdough' -> https://upload.wikimedia.org/wikipedia/commons/thumb/0/0a/Sourdough.jpg/500px-Sourdough.jpg
  [646] 'Atchara' -> https://upload.wikimedia.org/wikipedia/commons/thumb/2/21/Atchara_%28pickled_green_papaya%29_-_Philippines.jpg/500px-Atchara_%28pickled_green_papaya%29_-_Philippines.jpg
  [650] 'Garri' -> https://upload.wikimedia.org/wikipedia/commons/thumb/2/28/Luca_Garri_-_Aquila_Basket_Trento_2012.JPG/500px-Luca_Garri_-_Aquila_Basket_Trento_2012.JPG
  [653] 'Pickles (Pickles)' -> https://upload.wikimedia.org/wikipedia/commons/thumb/3/30/Mixed_Pickles_%289370-72%29.jpg/500px-Mixed_Pickles_%289370-72%29.jpg
  [656] 'Cincalok' -> https://upload.wikimedia.org/wikipedia/commons/thumb/1/18/Cincalok%2C_shallots%2C_chilli.jpg/500px-Cincalok%2C_shallots%2C_chilli.jpg
  [658] 'Fermento de fish' -> https://upload.wikimedia.org/wikipedia/commons/thumb/e/e8/Ngari_aka_fermented_fish..JPG/500px-Ngari_aka_fermented_fish..JPG
  [659] 'Gejang' -> https://upload.wikimedia.org/wikipedia/commons/thumb/9/9e/Korean.cuisine-Ganjang_gejang-01.jpg/500px-Korean.cuisine-Ganjang_gejang-01.jpg
  [660] 'Hongeohoe' -> https://upload.wikimedia.org/wikipedia/commons/thumb/6/67/Korean_cucumber_salad-Hongeohoe_chomuchim.jpg/500px-Korean_cucumber_salad-Hongeohoe_chomuchim.jpg
  [663] "Ni'owuru" -> https://upload.wikimedia.org/wikipedia/commons/thumb/c/cc/Ni%27owuru_sasoso_sino_mube_undre.jpg/500px-Ni%27owuru_sasoso_sino_mube_undre.jpg
  [664] 'Saeujeot' -> https://upload.wikimedia.org/wikipedia/commons/thumb/6/69/Korean_cuisine-Saeujeot-01.jpg/500px-Korean_cuisine-Saeujeot-01.jpg
  [665] 'Salami' -> https://upload.wikimedia.org/wikipedia/commons/thumb/1/18/Salami_aka.jpg/500px-Salami_aka.jpg
  [666] 'Shark meat' -> https://upload.wikimedia.org/wikipedia/commons/thumb/2/2d/Shark_meat_in_supermarket.jpg/500px-Shark_meat_in_supermarket.jpg
  [667] 'Shiokara' -> https://upload.wikimedia.org/wikipedia/commons/thumb/9/9d/Ika_no_shiokara.jpg/500px-Ika_no_shiokara.jpg
  [668] 'Shrimp pasta (Belacan)' -> https://upload.wikimedia.org/wikipedia/commons/thumb/f/f0/Fried_rice_with_shrimp_paste.jpg/500px-Fried_rice_with_shrimp_paste.jpg
  [670] 'Som moo' -> https://upload.wikimedia.org/wikipedia/commons/thumb/0/05/Lao_Som_moo_%28combined-17.jpg%29.jpg/500px-Lao_Som_moo_%28combined-17.jpg%29.jpg
  [671] 'Taba ng Talangka, aligi' -> https://upload.wikimedia.org/wikipedia/commons/thumb/8/88/Artgate_Fondazione_Cariplo_-_Sassu_Aligi%2C_Laura.jpg/500px-Artgate_Fondazione_Cariplo_-_Sassu_Aligi%2C_Laura.jpg
  [672] 'Ayran' -> https://upload.wikimedia.org/wikipedia/commons/8/8e/Fresh_ayran.jpg
  [673] 'Cerveza (Variedad 673)' -> https://upload.wikimedia.org/wikipedia/commons/thumb/e/e4/Beer_wuerzburger_hofbraue_v.jpg/500px-Beer_wuerzburger_hofbraue_v.jpg
  [674] 'Borș (bran)' -> https://upload.wikimedia.org/wikipedia/commons/thumb/a/a7/Bor%C5%9F_de_putin%C4%83.jpg/500px-Bor%C5%9F_de_putin%C4%83.jpg
  [675] 'Buttermilk' -> https://upload.wikimedia.org/wikipedia/commons/thumb/4/42/Buttermilk_in_Winter.jpg/500px-Buttermilk_in_Winter.jpg
  [676] 'Calpis' -> https://upload.wikimedia.org/wikipedia/commons/thumb/7/7e/Calpis_bottle.jpg/500px-Calpis_bottle.jpg
  [677] 'Chass' -> https://upload.wikimedia.org/wikipedia/commons/thumb/7/77/Glen_Chass%2C_Isle_of_Man_2017-05-19.jpg/500px-Glen_Chass%2C_Isle_of_Man_2017-05-19.jpg
  [678] 'Kanji (drink)' -> https://upload.wikimedia.org/wikipedia/commons/thumb/d/d2/Kanji_%28drink%29.jpg/500px-Kanji_%28drink%29.jpg
  [679] 'Kombucha' -> https://upload.wikimedia.org/wikipedia/commons/thumb/4/48/Kombucha_Mature.jpg/500px-Kombucha_Mature.jpg
  [680] 'Leben' -> https://upload.wikimedia.org/wikipedia/commons/thumb/8/80/Skulptur_Leben_%28Traube%29_Michael_Schoenholtz_Claire-Waldoff-Promenade_16_Berlin-Moabit_03.jpg/500px-Skulptur_Leben_%28Traube%29_Michael_Schoenholtz_Claire-Waldoff-Promenade_16_Berlin-Moabit_03.jpg
  [681] 'Mageu' -> https://upload.wikimedia.org/wikipedia/commons/b/b8/Mageu_%28carton_and_glass%29.JPG
  [682] 'Nai lao' -> https://upload.wikimedia.org/wikipedia/commons/thumb/9/9d/M%E1%BB%99t_nh%C3%A1nh_s%C3%B4ng_%C4%90%E1%BB%93ng_Nai_ch%E1%BA%A3y_qua_c%C3%B9_lao_Ph%E1%BB%91.jpg/500px-M%E1%BB%99t_nh%C3%A1nh_s%C3%B4ng_%C4%90%E1%BB%93ng_Nai_ch%E1%BA%A3y_qua_c%C3%B9_lao_Ph%E1%BB%91.jpg
  [683] 'Podpiwek' -> https://upload.wikimedia.org/wikipedia/commons/thumb/5/58/Podpiwek_Warminski.jpg/500px-Podpiwek_Warminski.jpg
  [684] 'Rejuvelac' -> https://upload.wikimedia.org/wikipedia/commons/thumb/7/79/Rejuvelac.jpg/500px-Rejuvelac.jpg
  [685] 'Rượu nếp' -> https://upload.wikimedia.org/wikipedia/commons/thumb/e/e5/R%C6%B0%E1%BB%A3u_n%E1%BA%BFp_c%E1%BA%A9m1.JPG/500px-R%C6%B0%E1%BB%A3u_n%E1%BA%BFp_c%E1%BA%A9m1.JPG
  [686] 'Şalgam' -> https://upload.wikimedia.org/wikipedia/commons/thumb/d/da/%C5%9Ealgam_%286418904397%29.jpg/500px-%C5%9Ealgam_%286418904397%29.jpg
  [687] 'Tejuino' -> https://upload.wikimedia.org/wikipedia/commons/thumb/1/12/Tejuino.JPG/500px-Tejuino.JPG
  [688] 'Tepache' -> https://upload.wikimedia.org/wikipedia/commons/thumb/6/66/Puesto_de_tepache_1.JPG/500px-Puesto_de_tepache_1.JPG
  [689] 'Tibicos (agua kefir)' -> https://upload.wikimedia.org/wikipedia/commons/thumb/c/c5/Gr%C3%A3os_de_kefir_de_%C3%A1gua.jpg/500px-Gr%C3%A3os_de_kefir_de_%C3%A1gua.jpg
  [690] 'Vino' -> https://upload.wikimedia.org/wikipedia/commons/thumb/b/b3/Vino_Grosuplje_Slovenia_1.jpg/500px-Vino_Grosuplje_Slovenia_1.jpg
  [693] 'Allium chinense' -> https://upload.wikimedia.org/wikipedia/commons/thumb/9/99/Allium_chinense1.jpg/500px-Allium_chinense1.jpg
  [694] 'Amba' -> https://upload.wikimedia.org/wikipedia/commons/9/99/Amba.jpg
  [695] 'Manzana' -> https://upload.wikimedia.org/wikipedia/commons/thumb/e/e3/Manzana_-_Centro_abitato_col_campanile_-_Foto_di_Paolo_Steffan.jpg/500px-Manzana_-_Centro_abitato_col_campanile_-_Foto_di_Paolo_Steffan.jpg
  [696] 'Alcachofa' -> https://upload.wikimedia.org/wikipedia/commons/thumb/3/35/Artichoke_public_house%2C_24_07_2010.JPG/500px-Artichoke_public_house%2C_24_07_2010.JPG
  [698] 'Asinan' -> https://upload.wikimedia.org/wikipedia/commons/thumb/7/71/Asinan_Bogor.JPG/500px-Asinan_Bogor.JPG
  [699] 'Beet eggs' -> https://upload.wikimedia.org/wikipedia/commons/thumb/0/00/Sandwich_%28ham%2C_eggs%2C_pickles%2C_beets%2C_cheese%2C_red_onions%29.jpg/500px-Sandwich_%28ham%2C_eggs%2C_pickles%2C_beets%2C_cheese%2C_red_onions%29.jpg
  [700] 'Remolacha' -> https://upload.wikimedia.org/wikipedia/commons/thumb/8/8b/Uncommon_beetroot_colours.jpg/500px-Uncommon_beetroot_colours.jpg
  [701] 'Beni shōga' -> https://upload.wikimedia.org/wikipedia/commons/thumb/8/87/Beni_shoga.JPG/500px-Beni_shoga.JPG
  [702] 'Bettarazuke' -> https://upload.wikimedia.org/wikipedia/commons/thumb/3/3e/Bettarazuke.jpg/500px-Bettarazuke.jpg
  [704] 'Bostongurka' -> https://upload.wikimedia.org/wikipedia/commons/thumb/e/ec/Bostongurka.JPG/500px-Bostongurka.JPG
  [705] 'Branston pickle' -> https://upload.wikimedia.org/wikipedia/commons/thumb/9/92/Branston_Pickle_jar_1.jpg/500px-Branston_Pickle_jar_1.jpg
  [706] 'Queso Brined' -> https://upload.wikimedia.org/wikipedia/commons/thumb/e/e1/White_Brine_cheese_cubes.jpg/500px-White_Brine_cheese_cubes.jpg
  [707] 'Brinjal' -> https://upload.wikimedia.org/wikipedia/commons/thumb/7/79/An_aubergine-eggplant-brinjal_plant_with_a_hanging_fruit..jpg/500px-An_aubergine-eggplant-brinjal_plant_with_a_hanging_fruit..jpg
  [710] 'Chamoy' -> https://upload.wikimedia.org/wikipedia/commons/thumb/e/ed/Manzana_Cubierta_de_Chamoy.jpg/500px-Manzana_Cubierta_de_Chamoy.jpg
  [711] 'Chanh muối' -> https://upload.wikimedia.org/wikipedia/commons/thumb/6/6f/Chanh_Mu%E1%BB%91i.jpg/500px-Chanh_Mu%E1%BB%91i.jpg
  [712] 'Chhundo' -> https://upload.wikimedia.org/wikipedia/commons/thumb/c/ca/Chhundo.jpg/500px-Chhundo.jpg
  [713] 'Chow-chow' -> https://upload.wikimedia.org/wikipedia/commons/thumb/0/04/Chow_chow_g%C5%82owa_LM.jpg/500px-Chow_chow_g%C5%82owa_LM.jpg
  [714] 'Cockles' -> https://upload.wikimedia.org/wikipedia/commons/thumb/c/c7/Unloading_Cockles_at_Leigh_Creek_-_geograph.org.uk_-_928311.jpg/500px-Unloading_Cockles_at_Leigh_Creek_-_geograph.org.uk_-_928311.jpg
  [715] 'Coleslaw' -> https://upload.wikimedia.org/wikipedia/commons/thumb/d/de/Bowl%27o%27Coleslaw_modified.jpg/500px-Bowl%27o%27Coleslaw_modified.jpg
  [716] 'Corned beef' -> https://upload.wikimedia.org/wikipedia/commons/thumb/7/7b/Cooked_corned_beef.JPG/500px-Cooked_corned_beef.JPG
  [717] 'Crab meat' -> https://upload.wikimedia.org/wikipedia/commons/thumb/c/c0/Peeled_crab_meat.JPG/500px-Peeled_crab_meat.JPG
  [718] 'Crack seed' -> https://upload.wikimedia.org/wikipedia/commons/thumb/a/a8/Crack_International_Art_Camp_the_camp_space.jpg/500px-Crack_International_Art_Camp_the_camp_space.jpg
  [719] 'Sopa de pepino' -> https://upload.wikimedia.org/wikipedia/commons/thumb/4/40/Cucumber_soup.jpg/500px-Cucumber_soup.jpg
  [720] 'Cueritos' -> https://upload.wikimedia.org/wikipedia/commons/thumb/a/a5/Tostilocos_con_cueritos.jpg/500px-Tostilocos_con_cueritos.jpg
  [721] 'Encurtido de carrot' -> https://upload.wikimedia.org/wikipedia/commons/thumb/f/f9/2013.08-408-167_Carrot%2Cjarred%28HAK_B.V.%2CGiessen%2CNetherlands%29_23aug2013.jpg/500px-2013.08-408-167_Carrot%2Cjarred%28HAK_B.V.%2CGiessen%2CNetherlands%29_23aug2013.jpg
  [722] 'Encurtido de cucumber' -> https://upload.wikimedia.org/wikipedia/commons/thumb/3/39/Pickled_Cucumber_Slices_-_Flickr_-_scubadive67.jpg/500px-Pickled_Cucumber_Slices_-_Flickr_-_scubadive67.jpg
  [723] 'Daikon' -> https://upload.wikimedia.org/wikipedia/commons/thumb/c/cb/Daikon.Japan.jpg/500px-Daikon.Japan.jpg
  [726] 'Eggs' -> https://upload.wikimedia.org/wikipedia/commons/thumb/b/bd/Acanthodoris_lutea_laying_eggs_1.jpg/500px-Acanthodoris_lutea_laying_eggs_1.jpg
  [727] 'Eisbein' -> https://upload.wikimedia.org/wikipedia/commons/thumb/7/7a/Eisbein-1.jpg/500px-Eisbein-1.jpg
  [728] 'Pepinillo frito' -> https://upload.wikimedia.org/wikipedia/commons/thumb/0/00/Fried_pickles.jpg/500px-Fried_pickles.jpg
  [730] 'Fukujinzuke' -> https://upload.wikimedia.org/wikipedia/commons/thumb/8/8e/Fukujinzuke.jpg/500px-Fukujinzuke.jpg
  [731] 'Gari' -> https://upload.wikimedia.org/wikipedia/commons/thumb/7/7b/Gari_ginger.jpg/500px-Gari_ginger.jpg
  [732] 'ajo' -> https://upload.wikimedia.org/wikipedia/commons/thumb/8/8b/Ajo_Plaza.jpg/500px-Ajo_Plaza.jpg
  [734] 'Giardiniera' -> https://upload.wikimedia.org/wikipedia/commons/thumb/b/bd/Fiat500_giardiniera_heilbronner_str_10_2020-05-08.png/500px-Fiat500_giardiniera_heilbronner_str_10_2020-05-08.png
  [735] 'Pepinillo jengibre' -> https://upload.wikimedia.org/wikipedia/commons/thumb/1/17/Ginger-pickles-fig18.jpg/500px-Ginger-pickles-fig18.jpg
  [737] 'Ham hock' -> https://upload.wikimedia.org/wikipedia/commons/thumb/1/15/Ham_hock_and_bok_choy.jpg/500px-Ham_hock_and_bok_choy.jpg
  [741] 'Kasuzuke' -> https://upload.wikimedia.org/wikipedia/commons/thumb/e/ef/Kasuzuke.JPG/500px-Kasuzuke.JPG
  [743] 'Knieperkohl' -> https://upload.wikimedia.org/wikipedia/commons/thumb/6/60/Knieperkohl_Kasselerbraten_Kohlwurst_Petersilienkartoffeln_Marktst%C3%BCbchen_Wittstock_Dosse.jpg/500px-Knieperkohl_Kasselerbraten_Kohlwurst_Petersilienkartoffeln_Marktst%C3%BCbchen_Wittstock_Dosse.jpg
  [745] 'Li hing mui' -> https://upload.wikimedia.org/wikipedia/commons/thumb/8/83/Li_hing_powder.jpg/500px-Li_hing_powder.jpg
  [746] 'Limes' -> https://upload.wikimedia.org/wikipedia/commons/thumb/7/7c/Backyard_limes.jpg/500px-Backyard_limes.jpg
  [747] 'Pepinillo mango' -> https://upload.wikimedia.org/wikipedia/commons/thumb/6/6e/Mango_pickle_prep.jpg/500px-Mango_pickle_prep.jpg
  [748] 'Matsumaezuke' -> https://upload.wikimedia.org/wikipedia/commons/thumb/6/62/Matsumaezuke.jpg/500px-Matsumaezuke.jpg
  [749] 'Mixed pickle' -> https://upload.wikimedia.org/wikipedia/commons/thumb/3/30/Mixed_Pickles_%289370-72%29.jpg/500px-Mixed_Pickles_%289370-72%29.jpg
  [751] 'Murabba' -> https://upload.wikimedia.org/wikipedia/commons/thumb/3/3e/Mango_Murabba_Homemade.jpg/500px-Mango_Murabba_Homemade.jpg
  [752] 'Murături' -> https://upload.wikimedia.org/wikipedia/commons/thumb/9/9f/Mur%C4%83turi_tradi%C8%9Bionale_rom%C3%A2ne%C8%99ti.jpg/500px-Mur%C4%83turi_tradi%C8%9Bionale_rom%C3%A2ne%C8%99ti.jpg
  [753] 'Mejillones' -> https://upload.wikimedia.org/wikipedia/commons/thumb/f/f0/Montaje_de_imagenes_con_postales_de_Mejillones.jpg/500px-Montaje_de_imagenes_con_postales_de_Mejillones.jpg
  [754] 'mostaza' -> https://upload.wikimedia.org/wikipedia/commons/thumb/f/fc/Mostaza-2022.jpg/500px-Mostaza-2022.jpg
  [755] 'Nozawana' -> https://upload.wikimedia.org/wikipedia/commons/thumb/8/85/Jiyuken_curry_rice_by_nozawana_in_Osaka.jpg/500px-Jiyuken_curry_rice_by_nozawana_in_Osaka.jpg
  [756] 'Nukazuke' -> https://upload.wikimedia.org/wikipedia/commons/thumb/e/e9/Nukazuke.jpg/500px-Nukazuke.jpg
  [759] 'Peppadew' -> https://upload.wikimedia.org/wikipedia/commons/thumb/0/06/Peppadew.jpg/500px-Peppadew.jpg
  [760] 'Piccalilli' -> https://upload.wikimedia.org/wikipedia/commons/thumb/6/69/Piccalilli.jpg/500px-Piccalilli.jpg
  [761] 'Pickle meat' -> https://upload.wikimedia.org/wikipedia/commons/thumb/b/bc/Pickling_and_curing_of_meat_in_hot_weather_%28IA_CAT31355497%29.pdf/page1-500px-Pickling_and_curing_of_meat_in_hot_weather_%28IA_CAT31355497%29.pdf.jpg
  [763] 'Encurtido de pepper' -> https://upload.wikimedia.org/wikipedia/commons/thumb/c/c8/Bacchanal-sauce-Caribbean-hot-sauce-pepper.jpg/500px-Bacchanal-sauce-Caribbean-hot-sauce-pepper.jpg
  [764] 'Encurtido de patas de cerdo' -> https://upload.wikimedia.org/wikipedia/commons/thumb/2/21/Pickled_pigs_feet.JPG/500px-Pickled_pigs_feet.JPG
  [765] 'Encurtido de rábano' -> https://upload.wikimedia.org/wikipedia/commons/thumb/2/2c/Ssammu_%28pickled_radish_paper%29.jpg/500px-Ssammu_%28pickled_radish_paper%29.jpg
  [767] 'Gamba' -> https://upload.wikimedia.org/wikipedia/commons/thumb/6/6d/Viola_da_gamba_%28AM_1998.60.11.1-34%29.jpg/500px-Viola_da_gamba_%28AM_1998.60.11.1-34%29.jpg
  [768] 'Limón en conserva' -> https://upload.wikimedia.org/wikipedia/commons/thumb/2/29/Lemon_Pickle.jpg/500px-Lemon_Pickle.jpg
  [769] 'Prune' -> https://upload.wikimedia.org/wikipedia/commons/thumb/e/e5/Prune_juice_bottles.jpg/500px-Prune_juice_bottles.jpg
  [770] 'rábano' -> https://upload.wikimedia.org/wikipedia/commons/thumb/9/96/Iglesia_de_R%C3%A1bano.jpg/500px-Iglesia_de_R%C3%A1bano.jpg
  [771] 'encurtido' -> https://upload.wikimedia.org/wikipedia/commons/thumb/d/db/Fermentedchilibeancurd.jpg/500px-Fermentedchilibeancurd.jpg
  [772] 'Rollmops' -> https://upload.wikimedia.org/wikipedia/commons/thumb/4/4e/Rollmops_01.jpg/500px-Rollmops_01.jpg
  [773] 'Salmón' -> https://upload.wikimedia.org/wikipedia/commons/thumb/1/1e/Pink_salmon_FWS.jpg/500px-Pink_salmon_FWS.jpg
  [774] 'sal pork' -> https://upload.wikimedia.org/wikipedia/commons/3/34/SAL_testo_25_percent.png
  [776] 'Sausage' -> https://upload.wikimedia.org/wikipedia/commons/thumb/8/8e/Russian_Sausage_Making.jpg/500px-Russian_Sausage_Making.jpg
  [777] 'Seaweed' -> https://upload.wikimedia.org/wikipedia/commons/thumb/8/85/Harvesting_seaweed_in_Jambiani.jpg/500px-Harvesting_seaweed_in_Jambiani.jpg
  [778] 'Gambas' -> https://upload.wikimedia.org/wikipedia/commons/thumb/6/6c/Gambas-ubuntu.png/500px-Gambas-ubuntu.png
  [779] 'Pepinillo español' -> https://upload.wikimedia.org/wikipedia/commons/thumb/0/04/Tapa_de_bar%2C_pepinillos_en_vinagre_%28Espa%C3%B1a%29.jpg/500px-Tapa_de_bar%2C_pepinillos_en_vinagre_%28Espa%C3%B1a%29.jpg
  [780] 'Spreewald gherkins' -> https://upload.wikimedia.org/wikipedia/commons/thumb/9/9a/Spreewald_Cucumb..jpg/500px-Spreewald_Cucumb..jpg
  [781] 'Takuan' -> https://upload.wikimedia.org/wikipedia/commons/thumb/3/35/Takuan.jpg/500px-Takuan.jpg
  [785] 'Nabo' -> https://upload.wikimedia.org/wikipedia/commons/thumb/e/e4/Solarmembran-Nabo_Ga%C3%9F.jpg/500px-Solarmembran-Nabo_Ga%C3%9F.jpg
  [786] 'Umeboshi' -> https://upload.wikimedia.org/wikipedia/commons/thumb/b/b3/Umeboshi.jpg/500px-Umeboshi.jpg
  [787] 'Walnuts' -> https://upload.wikimedia.org/wikipedia/commons/thumb/b/b2/Walnuts_-_whole_and_open_with_halved_kernel.jpg/500px-Walnuts_-_whole_and_open_with_halved_kernel.jpg
  [788] 'Watermelon rind' -> https://upload.wikimedia.org/wikipedia/commons/thumb/b/b9/Watermelon.jpg/500px-Watermelon.jpg
  [789] 'Whelks' -> https://upload.wikimedia.org/wikipedia/commons/thumb/4/49/Whelks_at_a_fish_market_in_Japan.jpg/500px-Whelks_at_a_fish_market_in_Japan.jpg
  [797] 'Çılbır' -> https://upload.wikimedia.org/wikipedia/commons/thumb/1/13/%C3%87%C4%B1lb%C4%B1r_with_duck-fat_saut%C3%A9ed_Ramps_%2814826584557%29.jpg/500px-%C3%87%C4%B1lb%C4%B1r_with_duck-fat_saut%C3%A9ed_Ramps_%2814826584557%29.jpg
  [798] 'Haydari' -> https://upload.wikimedia.org/wikipedia/commons/thumb/0/00/Hamla-i_Haydari_Bazil_%281808%29_BNF_Gallica.jpg/500px-Hamla-i_Haydari_Bazil_%281808%29_BNF_Gallica.jpg
  [799] 'Jameed' -> https://upload.wikimedia.org/wikipedia/commons/thumb/1/11/Jameed.JPG/500px-Jameed.JPG
  [800] 'Mansaf' -> https://upload.wikimedia.org/wikipedia/commons/thumb/b/b8/Pr%C3%A9paration_du_mansaf-Jordanie_%288%29.jpg/500px-Pr%C3%A9paration_du_mansaf-Jordanie_%288%29.jpg
  [801] 'Spas' -> https://upload.wikimedia.org/wikipedia/commons/thumb/d/d0/CRISTA-SPAS-1.jpg/500px-CRISTA-SPAS-1.jpg
  [802] 'Dovga' -> https://upload.wikimedia.org/wikipedia/commons/thumb/f/f8/Dovga_e-citizen.JPG/500px-Dovga_e-citizen.JPG
  [804] 'Toyga soup' -> https://upload.wikimedia.org/wikipedia/commons/thumb/3/39/Toyga.jpg/500px-Toyga.jpg
  [806] 'Yayla çorbası' -> https://upload.wikimedia.org/wikipedia/commons/thumb/e/e6/Yayla_soup_%28Turkish_cuisine%29.jpg/500px-Yayla_soup_%28Turkish_cuisine%29.jpg
  [807] 'Okroshka' -> https://upload.wikimedia.org/wikipedia/commons/thumb/c/c3/Kvass-okroshka.jpg/500px-Kvass-okroshka.jpg
  [808] 'Tarhana soup' -> https://upload.wikimedia.org/wikipedia/commons/thumb/9/9a/Tarhana_soup.jpg/500px-Tarhana_soup.jpg
  [809] 'Dahi chutney' -> https://upload.wikimedia.org/wikipedia/commons/thumb/7/78/Mirchi_ka_salan_and_Dahi_chutney.jpg/500px-Mirchi_ka_salan_and_Dahi_chutney.jpg
  [812] 'Raita' -> https://upload.wikimedia.org/wikipedia/commons/9/90/Raita_with_cucumber_and_mint.jpg
  [813] 'Tzatziki' -> https://upload.wikimedia.org/wikipedia/commons/thumb/c/cf/Tzatziki_meze_or_appetizer%2C_also_used_as_a_sauce.jpg/500px-Tzatziki_meze_or_appetizer%2C_also_used_as_a_sauce.jpg
  [814] 'Tan' -> https://upload.wikimedia.org/wikipedia/commons/thumb/1/13/Tian_Tan_Buddha_by_Beria.jpg/500px-Tian_Tan_Buddha_by_Beria.jpg
  [817] 'Leche acidófila fermentada' -> https://upload.wikimedia.org/wikipedia/commons/thumb/2/25/Summaries_of_the_various_milk_marketing_orders%2C_effective_.._%28IA_CAT11085278052%29.pdf/page1-500px-Summaries_of_the_various_milk_marketing_orders%2C_effective_.._%28IA_CAT11085278052%29.pdf.jpg
  [818] 'Queso' -> https://upload.wikimedia.org/wikipedia/commons/thumb/f/fd/Flickr_etee_3648986444--Felix-style_chile_con_queso.jpg/500px-Flickr_etee_3648986444--Felix-style_chile_con_queso.jpg
  [819] 'Rayeb' -> https://upload.wikimedia.org/wikipedia/commons/thumb/0/0d/A_cup_of_laban_rayeb.jpg/500px-A_cup_of_laban_rayeb.jpg
  [820] 'Chal/Shubat' -> https://upload.wikimedia.org/wikipedia/commons/thumb/b/ba/El_Chal_5.jpg/500px-El_Chal_5.jpg
  [821] 'Chalap' -> https://upload.wikimedia.org/wikipedia/commons/thumb/9/9f/Chalap_-_dsmm04167.jpg/500px-Chalap_-_dsmm04167.jpg
  [823] 'Qurt' -> https://upload.wikimedia.org/wikipedia/commons/thumb/5/56/Qurt_Darreh_2019-10-09_04.jpg/500px-Qurt_Darreh_2019-10-09_04.jpg
  [833] 'y Ymer' -> https://upload.wikimedia.org/wikipedia/commons/thumb/6/6a/Ymer_%28statsisbrytare%29_vapen.svg/500px-Ymer_%28statsisbrytare%29_vapen.svg.png
  [838] 'Quark' -> https://upload.wikimedia.org/wikipedia/commons/thumb/8/81/Quark_structure_neutron.svg/500px-Quark_structure_neutron.svg.png
  [839] 'Matsoni' -> https://upload.wikimedia.org/wikipedia/commons/thumb/d/d2/Matsoni.jpg/500px-Matsoni.jpg
  [844] 'Joghurt' -> https://upload.wikimedia.org/wikipedia/commons/thumb/b/b8/Joghurt.jpg/500px-Joghurt.jpg
  [848] 'Mattha' -> https://upload.wikimedia.org/wikipedia/commons/thumb/a/ae/Mattha.jpg/500px-Mattha.jpg
  [851] 'de Buffalo leche' -> https://upload.wikimedia.org/wikipedia/commons/thumb/4/43/Water_buffalo_butter.jpg/500px-Water_buffalo_butter.jpg
  [852] 'Kashk' -> https://upload.wikimedia.org/wikipedia/commons/8/8b/Kashk_O_Bademjan.jpg
  [853] 'Ghara' -> https://upload.wikimedia.org/wikipedia/commons/thumb/d/dc/Terraces%2C_south_of_Ghara_%284525876548%29.jpg/500px-Terraces%2C_south_of_Ghara_%284525876548%29.jpg
  [855] 'Yakult' -> https://upload.wikimedia.org/wikipedia/commons/thumb/0/0e/Yakult_drink.jpg/500px-Yakult_drink.jpg
  [863] 'Jocoque' -> https://upload.wikimedia.org/wikipedia/commons/thumb/9/96/Jocoque_para_acompa%C3%B1ar_tacos_%C3%A1rabes%2C_Puebla.jpg/500px-Jocoque_para_acompa%C3%B1ar_tacos_%C3%A1rabes%2C_Puebla.jpg
  [866] 'Karnemelk (Buttermilk)' -> https://upload.wikimedia.org/wikipedia/commons/thumb/2/23/Buttermilk-%28right%29-and-Milk-%28left%29.jpg/500px-Buttermilk-%28right%29-and-Milk-%28left%29.jpg
  [868] 'Leche Agria (Soured leche)' -> https://upload.wikimedia.org/wikipedia/commons/4/4f/Leche_agria_02.jpg
  [885] 'Qatiq' -> https://upload.wikimedia.org/wikipedia/commons/thumb/0/0d/Qatiq_from_Azerbaijan.jpg/500px-Qatiq_from_Azerbaijan.jpg
  [886] 'Kımız' -> https://upload.wikimedia.org/wikipedia/commons/thumb/6/68/Kumis.jpg/500px-Kumis.jpg
  [887] 'Clabber' -> https://upload.wikimedia.org/wikipedia/commons/thumb/1/16/%22Clabber_Brae%22%2C_Omagh_-_geograph.org.uk_-_658415.jpg/500px-%22Clabber_Brae%22%2C_Omagh_-_geograph.org.uk_-_658415.jpg
  [890] 'Rob' -> https://upload.wikimedia.org/wikipedia/commons/thumb/5/56/Rob_Reiner_at_the_1988_Emmy_Awards.jpg/500px-Rob_Reiner_at_the_1988_Emmy_Awards.jpg
  [893] 'Omaere' -> https://upload.wikimedia.org/wikipedia/commons/thumb/8/8f/S_Omaere_%28Puyo%29_0503_001_%2817123172438%29.jpg/500px-S_Omaere_%28Puyo%29_0503_001_%2817123172438%29.jpg
  [898] 'Sýrður Rjómi' -> https://upload.wikimedia.org/wikipedia/commons/thumb/5/5d/Chocolate_Sour-Cream_Icing_on_cake.JPG/500px-Chocolate_Sour-Cream_Icing_on_cake.JPG
  [901] 'Crema/Cream Espesa' -> https://upload.wikimedia.org/wikipedia/commons/thumb/8/80/Cream_Drop.jpg/500px-Cream_Drop.jpg
  [904] 'Smântână' -> https://upload.wikimedia.org/wikipedia/commons/thumb/8/80/Cream_Drop.jpg/500px-Cream_Drop.jpg
  [907] 'Gräddfil' -> https://upload.wikimedia.org/wikipedia/commons/thumb/2/2a/Gr%C3%A4ddfil_-_Mejerif%C3%B6reningens_nya_filmj%C3%B6lk._11_juni_1958_-_OLM-2013-1-2621.jpg/500px-Gr%C3%A4ddfil_-_Mejerif%C3%B6reningens_nya_filmj%C3%B6lk._11_juni_1958_-_OLM-2013-1-2621.jpg
  [908] 'Samli' -> https://upload.wikimedia.org/wikipedia/commons/b/b9/Chao_Chom_Manda_Samli.jpg
  [909] 'Cultured Crema agria' -> https://upload.wikimedia.org/wikipedia/commons/thumb/4/4d/Devin_Nunes_and_Dairy_Specialist_Ed_Galvan_sample_freshly_made_cottage_cheese_and_sour_cream.gif/500px-Devin_Nunes_and_Dairy_Specialist_Ed_Galvan_sample_freshly_made_cottage_cheese_and_sour_cream.gif
  [910] 'Cultured buttermilk' -> https://upload.wikimedia.org/wikipedia/commons/thumb/2/23/Buttermilk-%28right%29-and-Milk-%28left%29.jpg/500px-Buttermilk-%28right%29-and-Milk-%28left%29.jpg
  [913] 'Wagasi' -> https://upload.wikimedia.org/wikipedia/commons/thumb/2/27/Wagasi.jpg/500px-Wagasi.jpg
  [915] 'Domiati' -> https://upload.wikimedia.org/wikipedia/commons/thumb/b/b0/Domiati_cheese.jpg/500px-Domiati_cheese.jpg
  [918] 'Mish' -> https://upload.wikimedia.org/wikipedia/commons/thumb/3/39/Castlegregory_and_the_Slieve_Mish_-_geograph.org.uk_-_1397185.jpg/500px-Castlegregory_and_the_Slieve_Mish_-_geograph.org.uk_-_1397185.jpg
  [919] 'Rumi' -> https://upload.wikimedia.org/wikipedia/commons/8/81/Mevlana-celaleddin-i-rumi-1.jpg
  [921] 'Queso Caravane' -> https://upload.wikimedia.org/wikipedia/commons/thumb/5/58/Caravane_du_Tour_de_France_2017_38_-_Police_Nationale.jpg/500px-Caravane_du_Tour_de_France_2017_38_-_Police_Nationale.jpg
  [923] 'Kwaito' -> https://upload.wikimedia.org/wikipedia/commons/2/2d/Exit_%28Kwaito_artist%29.jpg
  [925] 'Chanakh' -> https://upload.wikimedia.org/wikipedia/commons/thumb/9/9f/Chanakh_cheese_pieces.jpg/500px-Chanakh_cheese_pieces.jpg
  [927] 'Kanach panir' -> https://upload.wikimedia.org/wikipedia/commons/c/ce/Shushi-kanach-jam.jpg
  [928] 'Lori' -> https://upload.wikimedia.org/wikipedia/commons/thumb/5/53/Dr._Lori_Verderame_headshot.jpg/500px-Dr._Lori_Verderame_headshot.jpg
  [931] 'Yeghegnadzor' -> https://upload.wikimedia.org/wikipedia/commons/thumb/c/c9/Yeghegnadzor_landscape3.jpg/500px-Yeghegnadzor_landscape3.jpg
  [934] 'Kurut' -> https://upload.wikimedia.org/wikipedia/commons/thumb/6/60/Kurut_fromages_kirghize.jpg/500px-Kurut_fromages_kirghize.jpg
  [936] 'Rubing' -> https://upload.wikimedia.org/wikipedia/commons/thumb/0/0c/Rubing_Goats_Cheese_of_Yunnan_China.jpg/500px-Rubing_Goats_Cheese_of_Yunnan_China.jpg
  [937] 'Rushan' -> https://upload.wikimedia.org/wikipedia/commons/thumb/f/f4/Rushan_Abbas_%282022%29.jpg/500px-Rushan_Abbas_%282022%29.jpg
  [938] 'Imeruli' -> https://upload.wikimedia.org/wikipedia/commons/thumb/9/9c/Didi-jixaishi-saxli-sadac-gadarebuli-kino-imeruli-eskizebi.jpg/500px-Didi-jixaishi-saxli-sadac-gadarebuli-kino-imeruli-eskizebi.jpg
  [939] 'Tenili' -> https://upload.wikimedia.org/wikipedia/commons/thumb/c/c5/Tenili_cheese.jpg/500px-Tenili_cheese.jpg
  [940] 'Bandel' -> https://upload.wikimedia.org/wikipedia/commons/thumb/6/62/Bandel_Basilica.jpg/500px-Bandel_Basilica.jpg
  [942] 'Chhana' -> https://upload.wikimedia.org/wikipedia/commons/thumb/9/9a/Chhana_Jalebi_-_Bainan_-_Howrah_2015-04-14_7902.JPG/500px-Chhana_Jalebi_-_Bainan_-_Howrah_2015-04-14_7902.JPG
  [944] 'Kalari' -> https://upload.wikimedia.org/wikipedia/commons/thumb/7/71/Kalari_demonstration_Thekkady.jpg/500px-Kalari_demonstration_Thekkady.jpg
  [947] 'Dangke' -> https://upload.wikimedia.org/wikipedia/commons/thumb/b/bc/Dangke_%28dairy_product%29.jpg/500px-Dangke_%28dairy_product%29.jpg
  [948] 'Queso Sakura' -> https://upload.wikimedia.org/wikipedia/commons/thumb/5/52/Yoshino_Sakura_Tidal_Basin_DC.jpg/500px-Yoshino_Sakura_Tidal_Basin_DC.jpg
  [953] 'Kesong puti' -> https://upload.wikimedia.org/wikipedia/commons/thumb/a/a4/Kesong_puti.jpg/500px-Kesong_puti.jpg
  [960] 'Bergkäse' -> https://upload.wikimedia.org/wikipedia/commons/thumb/2/25/Bergk%C3%A4se2.jpg/500px-Bergk%C3%A4se2.jpg
  [962] 'Gelundener Käse' -> https://upload.wikimedia.org/wikipedia/commons/thumb/9/96/Gelundener_K%C3%A4se.jpg/500px-Gelundener_K%C3%A4se.jpg
  [965] 'Mondseer' -> https://upload.wikimedia.org/wikipedia/commons/thumb/a/ad/Mondseer_Flyschberge.jpg/500px-Mondseer_Flyschberge.jpg
  [966] 'Moosbacher' -> https://upload.wikimedia.org/wikipedia/commons/thumb/b/be/Moosbacher_Pfahl_02.jpg/500px-Moosbacher_Pfahl_02.jpg
  [967] 'Staazer' -> https://upload.wikimedia.org/wikipedia/commons/thumb/6/66/Staazer_Heublumenk%C3%A4se_05_WikiCheese_Lokal_K.jpg/500px-Staazer_Heublumenk%C3%A4se_05_WikiCheese_Lokal_K.jpg
  [969] 'Tyrolean grey (Tiroler Graukäse)' -> https://upload.wikimedia.org/wikipedia/commons/thumb/5/53/Grauk%C3%A4se.JPG/500px-Grauk%C3%A4se.JPG
  [970] 'Queso Brussels' -> https://upload.wikimedia.org/wikipedia/commons/thumb/0/07/Queso_y_mostaza_%28Caf%C3%A9_Kafka%29.001_-_Brussel.JPG/500px-Queso_y_mostaza_%28Caf%C3%A9_Kafka%29.001_-_Brussel.JPG
  [971] 'Chimay cheeses' -> https://upload.wikimedia.org/wikipedia/commons/thumb/c/cc/Chimay_grand_cru.jpg/500px-Chimay_grand_cru.jpg
  [972] 'Queso Herve' -> https://upload.wikimedia.org/wikipedia/commons/thumb/6/63/Cheese_27_bg_051806.jpg/500px-Cheese_27_bg_051806.jpg
  [975] 'Queso Passendale' -> https://upload.wikimedia.org/wikipedia/commons/thumb/3/38/Passendale_%28Zonnebeke%29_-_Oude_Kaasmakerij.jpg/500px-Passendale_%28Zonnebeke%29_-_Oude_Kaasmakerij.jpg
  [976] 'Remoudou' -> https://upload.wikimedia.org/wikipedia/commons/thumb/a/a5/Remoudou_%28cheese%29.jpg/500px-Remoudou_%28cheese%29.jpg
  [978] 'Nazareth' -> https://upload.wikimedia.org/wikipedia/commons/thumb/d/de/Nazareth_Texas_City_Hall_2009.jpg/500px-Nazareth_Texas_City_Hall_2009.jpg
  [979] 'Queso Livno' -> https://upload.wikimedia.org/wikipedia/commons/thumb/6/6f/Livanjski_Cheese_with_label.JPG/500px-Livanjski_Cheese_with_label.JPG
  [981] 'Queso Trappista' -> https://upload.wikimedia.org/wikipedia/commons/thumb/6/61/Trappista_cheese_original.jpg/500px-Trappista_cheese_original.jpg
  [982] 'Vlašić / Queso Travnički' -> https://upload.wikimedia.org/wikipedia/commons/thumb/5/5c/Vlasicki-Travnicki-cheese-from-Bosnia_2019-May-07.png/500px-Vlasicki-Travnicki-cheese-from-Bosnia_2019-May-07.png
  [983] 'Queso Bosnian smoked' -> https://upload.wikimedia.org/wikipedia/commons/thumb/1/12/Bosnian_Smoked_Cheese_%28Suhi_Sir%29.jpg/500px-Bosnian_Smoked_Cheese_%28Suhi_Sir%29.jpg
  [984] 'Cherni Vit' -> https://upload.wikimedia.org/wikipedia/commons/thumb/2/26/Cherni_vit_river_-_panoramio.jpg/500px-Cherni_vit_river_-_panoramio.jpg
  [986] 'Paški sir' -> https://upload.wikimedia.org/wikipedia/commons/thumb/b/b4/20140507_Pa%C5%A1ki_sir_cheese_from_Pag.jpg/500px-20140507_Pa%C5%A1ki_sir_cheese_from_Pag.jpg
  [989] 'Basa' -> https://upload.wikimedia.org/wikipedia/commons/thumb/9/97/2022-07-11_Basa_Air_Base_Road_Network.jpg/500px-2022-07-11_Basa_Air_Base_Road_Network.jpg
  [1004] 'Capron' -> https://upload.wikimedia.org/wikipedia/commons/a/a9/VAMap-doton-Capron.PNG
  [1006] 'Zdenka' -> https://upload.wikimedia.org/wikipedia/commons/thumb/4/46/Stolperstein_f%C3%BCr_Zdenka_Kolarova.jpg/500px-Stolperstein_f%C3%BCr_Zdenka_Kolarova.jpg
  [1007] 'Akkawi' -> https://upload.wikimedia.org/wikipedia/commons/thumb/3/31/Ignatius_Akkawi.jpg/500px-Ignatius_Akkawi.jpg
  [1008] 'Queso Anari' -> https://upload.wikimedia.org/wikipedia/commons/thumb/1/1c/Anari_Limassol.jpg/500px-Anari_Limassol.jpg
  [1009] 'Queso Abertam' -> https://upload.wikimedia.org/wikipedia/commons/thumb/5/56/Varieties_of_cheese_-_descriptions_and_analyses_%28IA_bullbai105%29.pdf/page1-500px-Varieties_of_cheese_-_descriptions_and_analyses_%28IA_bullbai105%29.pdf.jpg
  [1010] 'Blaťácké zlato' -> https://upload.wikimedia.org/wikipedia/commons/thumb/4/4a/Bla%C5%A5%C3%A1ck%C3%A9_zlato.jpg/500px-Bla%C5%A5%C3%A1ck%C3%A9_zlato.jpg
  [1011] 'Olomoucké syrečky' -> https://upload.wikimedia.org/wikipedia/commons/thumb/b/b1/Olomouck%C3%A9_tvar%C5%AF%C5%BEky_%281%29.jpg/500px-Olomouck%C3%A9_tvar%C5%AF%C5%BEky_%281%29.jpg
  [1012] 'Hermelín' -> https://upload.wikimedia.org/wikipedia/commons/thumb/4/4f/Hermel%C3%ADn_se_zelen%C3%BDm_pep%C5%99em.jpg/500px-Hermel%C3%ADn_se_zelen%C3%BDm_pep%C5%99em.jpg
  [1013] 'Danbo' -> https://upload.wikimedia.org/wikipedia/commons/thumb/3/36/Danbo_Cheese.jpg/500px-Danbo_Cheese.jpg
  [1014] 'Danablu' -> https://upload.wikimedia.org/wikipedia/commons/thumb/3/33/Douglas_A-1E_Skyraider_of_the_1st_SOS_is_armed_with_BLU-72_bomb%2C_in_1968.jpg/500px-Douglas_A-1E_Skyraider_of_the_1st_SOS_is_armed_with_BLU-72_bomb%2C_in_1968.jpg
  [1015] 'Esrom' -> https://upload.wikimedia.org/wikipedia/commons/thumb/5/50/Esrom.jpg/500px-Esrom.jpg
  [1016] 'Fynbo' -> https://upload.wikimedia.org/wikipedia/commons/thumb/f/fb/Johan_Fynbo_%26_Hans_Fynbo_%2854887101643%29.jpg/500px-Johan_Fynbo_%26_Hans_Fynbo_%2854887101643%29.jpg
  [1017] 'Havarti' -> https://upload.wikimedia.org/wikipedia/commons/thumb/f/f9/Cream_havarti_on_bread.jpg/500px-Cream_havarti_on_bread.jpg
  [1018] 'Maribo' -> https://upload.wikimedia.org/wikipedia/commons/thumb/7/73/Maribo_Domkirke1.jpg/500px-Maribo_Domkirke1.jpg
  [1019] 'Molbo' -> https://upload.wikimedia.org/wikipedia/commons/thumb/f/f9/Na_nepresztano_molbo_najplemenitesega_oltarszkoga_szvesztva.JPG/500px-Na_nepresztano_molbo_najplemenitesega_oltarszkoga_szvesztva.JPG
  [1020] 'Saga' -> https://upload.wikimedia.org/wikipedia/commons/thumb/4/46/Saga_Town_%28Shigatse_Distrikt%29_in_Western-Tibet_Dieter_Schuh.JPG/500px-Saga_Town_%28Shigatse_Distrikt%29_in_Western-Tibet_Dieter_Schuh.JPG
  [1022] 'Tybo' -> https://upload.wikimedia.org/wikipedia/commons/d/d7/Chloronycta_tybo_male.jpg
  [1023] 'Vesterhavsost' -> https://upload.wikimedia.org/wikipedia/commons/thumb/5/5b/Restaurant_Geranium_Grene_af_vesterhavsost_med_mousse_af_ramsl%C3%B8g.jpg/500px-Restaurant_Geranium_Grene_af_vesterhavsost_med_mousse_af_ramsl%C3%B8g.jpg
  [1024] 'Atleet' -> https://upload.wikimedia.org/wikipedia/commons/thumb/7/79/Altorf%2C_Olympisch_Stadion%2C_Atleet_%281%29.jpg/500px-Altorf%2C_Olympisch_Stadion%2C_Atleet_%281%29.jpg
  [1025] 'Eesti Juust' -> https://upload.wikimedia.org/wikipedia/commons/thumb/d/d7/Juust.jpg/500px-Juust.jpg
  [1027] 'Aura' -> https://upload.wikimedia.org/wikipedia/commons/thumb/6/65/Cathartes_aura_at_Tomales_Bay.jpg/500px-Cathartes_aura_at_Tomales_Bay.jpg
  [1028] 'Lappi' -> https://upload.wikimedia.org/wikipedia/commons/thumb/5/5c/Lappi_Tampere.jpg/500px-Lappi_Tampere.jpg
  [1029] 'Leipäjuusto' -> https://upload.wikimedia.org/wikipedia/commons/thumb/4/42/Leip%C3%A4juusto_cheese_with_cloudberry_jam.jpg/500px-Leip%C3%A4juusto_cheese_with_cloudberry_jam.jpg
  [1033] 'Chloro' -> https://upload.wikimedia.org/wikipedia/commons/thumb/c/c7/5-Chloro-DMT.svg/500px-5-Chloro-DMT.svg.png
  [1034] 'Graviera' -> https://upload.wikimedia.org/wikipedia/commons/thumb/4/41/Graviera_Kritis_Kraounaki_Rethymnou.jpg/500px-Graviera_Kritis_Kraounaki_Rethymnou.jpg
  [1035] 'Kefalograviera' -> https://upload.wikimedia.org/wikipedia/commons/thumb/9/9e/Saganaki_made_with_Kefalograviera_cheese.jpg/500px-Saganaki_made_with_Kefalograviera_cheese.jpg
  [1036] 'Malaka' -> https://upload.wikimedia.org/wikipedia/commons/thumb/9/90/Lokasi_Nusa_Tenggara_Timur_Kabupaten_Malaka.svg/500px-Lokasi_Nusa_Tenggara_Timur_Kabupaten_Malaka.svg.png
  [1037] 'Manouri' -> https://upload.wikimedia.org/wikipedia/commons/thumb/5/54/Manouri.jpg/500px-Manouri.jpg
  [1039] 'Myzithra' -> https://upload.wikimedia.org/wikipedia/commons/thumb/f/fe/Myzithra-production_Ladonas-Spring_Achaea_Peloponnese.jpg/500px-Myzithra-production_Ladonas-Spring_Achaea_Peloponnese.jpg
  [1044] 'Gran Castelli' -> https://upload.wikimedia.org/wikipedia/commons/thumb/f/fa/Laura_Castelli%2C_Agor%C3%A0_23_marzo_2014_%28Rovigo%29.JPG/500px-Laura_Castelli%2C_Agor%C3%A0_23_marzo_2014_%28Rovigo%29.JPG
  [1046] 'Orda' -> https://upload.wikimedia.org/wikipedia/commons/thumb/0/01/Pinsk%2C_Karalin._%D0%9F%D1%96%D0%BD%D1%81%D0%BA%2C_%D0%9A%D0%B0%D1%80%D0%B0%D0%BB%D1%96%D0%BD_%28N._Orda%2C_1875%29.jpg/500px-Pinsk%2C_Karalin._%D0%9F%D1%96%D0%BD%D1%81%D0%BA%2C_%D0%9A%D0%B0%D1%80%D0%B0%D0%BB%D1%96%D0%BD_%28N._Orda%2C_1875%29.jpg
  [1047] 'Pálpusztai' -> https://upload.wikimedia.org/wikipedia/commons/thumb/4/4c/P%C3%A1lpusztai_cheese_._2023.jpg/500px-P%C3%A1lpusztai_cheese_._2023.jpg
  [1048] 'Oázis' -> https://upload.wikimedia.org/wikipedia/commons/thumb/e/eb/Soroks%C3%A1r%2C_O%C3%A1zis_Kert%C3%A9szet_%2814%29.jpg/500px-Soroks%C3%A1r%2C_O%C3%A1zis_Kert%C3%A9szet_%2814%29.jpg
  [1051] 'Pannónia' -> https://upload.wikimedia.org/wikipedia/commons/thumb/5/5c/Pann%C3%B3nia_P10_2023_07_04_JM.jpg/500px-Pann%C3%B3nia_P10_2023_07_04_JM.jpg
  [1053] 'Queso Fried Camembert' -> https://upload.wikimedia.org/wikipedia/commons/thumb/9/92/Fried_Camembert_with_cranberry.jpg/500px-Fried_Camembert_with_cranberry.jpg
  [1054] 'Queso Šar' -> https://upload.wikimedia.org/wikipedia/commons/thumb/8/80/Sharri_Cheese_with_Dil_on_Top.jpg/500px-Sharri_Cheese_with_Dil_on_Top.jpg
  [1055] 'Queso Jāņi' -> https://upload.wikimedia.org/wikipedia/commons/thumb/3/35/Caraway_cheese.jpg/500px-Caraway_cheese.jpg
  [1056] 'Queso Latvian' -> https://upload.wikimedia.org/wikipedia/commons/thumb/e/e7/OJ_C_60_of_2013_-_LV_Latvian.pdf/page1-500px-OJ_C_60_of_2013_-_LV_Latvian.pdf.jpg
  [1057] 'Cancoillotte' -> https://upload.wikimedia.org/wikipedia/commons/thumb/d/dc/Cancoillotte_01_09.jpg/500px-Cancoillotte_01_09.jpg
  [1061] 'Cașcaval' -> https://upload.wikimedia.org/wikipedia/commons/thumb/8/89/Adrian_Ca%C8%99caval.jpg/500px-Adrian_Ca%C8%99caval.jpg
  [1062] 'Urdă' -> https://upload.wikimedia.org/wikipedia/commons/thumb/7/73/Urd%C4%83.jpg/500px-Urd%C4%83.jpg
  [1063] 'Brânză' -> https://upload.wikimedia.org/wikipedia/commons/thumb/5/52/Budz.jpg/500px-Budz.jpg
  [1066] 'Pljevaljski sir' -> https://upload.wikimedia.org/wikipedia/commons/thumb/3/37/Pljevaljski_sir.jpg/500px-Pljevaljski_sir.jpg
  [1071] 'Brunost' -> https://upload.wikimedia.org/wikipedia/commons/thumb/c/c5/Brunost.jpg/500px-Brunost.jpg
  [1072] 'Geitost' -> https://upload.wikimedia.org/wikipedia/commons/thumb/a/a5/Geitost.JPG/500px-Geitost.JPG
  [1073] 'Queso Heidal' -> https://upload.wikimedia.org/wikipedia/commons/thumb/5/50/Heidal_ysteri_2.jpg/500px-Heidal_ysteri_2.jpg
  [1074] 'Queso Jarlsberg' -> https://upload.wikimedia.org/wikipedia/commons/thumb/3/36/Jarlsberg_cheese.jpg/500px-Jarlsberg_cheese.jpg
  [1076] 'Norvegia' -> https://upload.wikimedia.org/wikipedia/commons/4/4e/Norvegia-dj.png
  [1077] 'Pultost' -> https://upload.wikimedia.org/wikipedia/commons/thumb/a/a1/Pultost.jpg/500px-Pultost.jpg
  [1079] 'Bałtycki' -> https://upload.wikimedia.org/wikipedia/commons/thumb/b/b6/Moderus_Beta_Dziennik_Ba%C5%82tycki.JPG/500px-Moderus_Beta_Dziennik_Ba%C5%82tycki.JPG
  [1080] 'Bryndza Podhalańska' -> https://upload.wikimedia.org/wikipedia/commons/thumb/a/a6/Bryndza_cheese.jpg/500px-Bryndza_cheese.jpg
  [1081] 'Bundz' -> https://upload.wikimedia.org/wikipedia/commons/thumb/d/dd/00932_Beskider_Bundz-K%C3%A4se_aus_Schafsmilch_2013%3B_Sheep%27s-milk_cheeses_from_Poland%3B_Northern_Subcarpathians.JPG/500px-00932_Beskider_Bundz-K%C3%A4se_aus_Schafsmilch_2013%3B_Sheep%27s-milk_cheeses_from_Poland%3B_Northern_Subcarpathians.JPG
  [1082] 'Bursztyn' -> https://upload.wikimedia.org/wikipedia/commons/thumb/5/50/P%C3%A8re-Lachaise_-_Division_97_-_Bursztyn_01.jpg/500px-P%C3%A8re-Lachaise_-_Division_97_-_Bursztyn_01.jpg
  [1084] 'Queso Farmer' -> https://upload.wikimedia.org/wikipedia/commons/thumb/3/3e/Farmer_Cheese.jpeg/500px-Farmer_Cheese.jpeg
  [1085] 'Gołka' -> https://upload.wikimedia.org/wikipedia/commons/thumb/8/89/Go%C5%82ka.jpg/500px-Go%C5%82ka.jpg
  [1086] 'Gryficki' -> https://upload.wikimedia.org/wikipedia/commons/thumb/4/4c/POL_powiat_gryficki_COA.svg/500px-POL_powiat_gryficki_COA.svg.png
  [1088] 'Kortowski' -> https://upload.wikimedia.org/wikipedia/commons/thumb/b/bc/Eksperyment_kortowski_002.JPG/500px-Eksperyment_kortowski_002.JPG
  [1089] 'Koryciński' -> https://upload.wikimedia.org/wikipedia/commons/thumb/e/ea/Miko%C5%82aj_Koryci%C5%84ski_i_Barbara_z_Ole%C5%9Bnickich_zm.1560_kru%C5%BCganki_przy_klasztorze_dominikan%C3%B3w_w_Krakowie.jpg/500px-Miko%C5%82aj_Koryci%C5%84ski_i_Barbara_z_Ole%C5%9Bnickich_zm.1560_kru%C5%BCganki_przy_klasztorze_dominikan%C3%B3w_w_Krakowie.jpg
  [1090] 'Królewski' -> https://upload.wikimedia.org/wikipedia/commons/thumb/0/00/Nowy_Dw%C3%B3r_Kr%C3%B3lewski_i_Niemczyk.JPG/500px-Nowy_Dw%C3%B3r_Kr%C3%B3lewski_i_Niemczyk.JPG
  [1092] 'Lechicki' -> https://upload.wikimedia.org/wikipedia/commons/thumb/f/fb/Krzysztof_Lechicki.jpg/500px-Krzysztof_Lechicki.jpg
  [1093] 'Łowicki' -> https://upload.wikimedia.org/wikipedia/commons/thumb/d/d2/Str%C3%B3j_%C5%82owicki.jpg/500px-Str%C3%B3j_%C5%82owicki.jpg
  [1094] 'Lubuski' -> https://upload.wikimedia.org/wikipedia/commons/thumb/c/c9/Zielona_G%C3%B3ra_al._Niepodleg%C5%82o%C5%9Bci_3-5%2C_Teatr_Lubuski_%282%29.jpg/500px-Zielona_G%C3%B3ra_al._Niepodleg%C5%82o%C5%9Bci_3-5%2C_Teatr_Lubuski_%282%29.jpg
  [1095] 'Mazurski' -> https://upload.wikimedia.org/wikipedia/commons/thumb/0/04/Uniwersytet_Warmi%C5%84sko-Mazurski_w_Olsztynie.jpg/500px-Uniwersytet_Warmi%C5%84sko-Mazurski_w_Olsztynie.jpg
  [1096] 'Morski' -> https://upload.wikimedia.org/wikipedia/commons/e/ec/POL_Morski_Krzyz_Zaslugi_1x_awers.png
  [1097] 'Oscypek' -> https://upload.wikimedia.org/wikipedia/commons/thumb/c/c6/CB_oscypek.jpg/500px-CB_oscypek.jpg
  [1098] 'Przeworski' -> https://upload.wikimedia.org/wikipedia/commons/thumb/4/46/POL_powiat_przeworski_COA_1999-2011.svg/500px-POL_powiat_przeworski_COA_1999-2011.svg.png
  [1099] 'Radamer' -> https://upload.wikimedia.org/wikipedia/commons/thumb/f/fa/Radamer_ser_%C5%BC%C3%B3%C5%82ty_Spomlek_03.jpg/500px-Radamer_ser_%C5%BC%C3%B3%C5%82ty_Spomlek_03.jpg
  [1100] 'Redykołka' -> https://upload.wikimedia.org/wikipedia/commons/thumb/8/80/Redyko%C5%82ka_i_%C5%BCurawina%2C_Pozna%C5%84.jpg/500px-Redyko%C5%82ka_i_%C5%BCurawina%2C_Pozna%C5%84.jpg
  [1101] 'Rokpol' -> https://upload.wikimedia.org/wikipedia/commons/thumb/c/c4/Ser_rokpol.jpg/500px-Ser_rokpol.jpg
  [1105] 'Zamojski' -> https://upload.wikimedia.org/wikipedia/commons/thumb/5/58/POL_powiat_zamojski_COA.svg/500px-POL_powiat_zamojski_COA.svg.png
  [1106] 'Zgorzelecki' -> https://upload.wikimedia.org/wikipedia/commons/thumb/0/05/POL_powiat_zgorzelecki_COA.svg/500px-POL_powiat_zgorzelecki_COA.svg.png
  [1114] 'Requeijão' -> https://upload.wikimedia.org/wikipedia/commons/thumb/a/a5/Requeij%C3%A3o_Cremoso.jpg/500px-Requeij%C3%A3o_Cremoso.jpg
  [1117] 'Queso Serpa' -> https://upload.wikimedia.org/wikipedia/commons/thumb/6/67/Queijo_Serpa.webm/500px--Queijo_Serpa.webm.jpg
  [1118] 'Brânză de Suhaia' -> https://upload.wikimedia.org/wikipedia/commons/thumb/0/02/Br%C3%A2nz%C4%83_de_Suhaia.jpg/500px-Br%C3%A2nz%C4%83_de_Suhaia.jpg
  [1120] 'Caș' -> https://upload.wikimedia.org/wikipedia/commons/thumb/4/45/MontreGousset001.jpg/500px-MontreGousset001.jpg
  [1121] 'Queso Năsal' -> https://upload.wikimedia.org/wikipedia/commons/thumb/a/a9/Br%C3%A2nz%C4%83_N%C4%83sal.jpg/500px-Br%C3%A2nz%C4%83_N%C4%83sal.jpg
  [1122] 'Queso Circassian' -> https://upload.wikimedia.org/wikipedia/commons/thumb/b/b0/Circassian_Hal%27vaz_in_Israel.jpg/500px-Circassian_Hal%27vaz_in_Israel.jpg
  [1123] 'Korall' -> https://upload.wikimedia.org/wikipedia/commons/thumb/0/01/Brosch_av_korall%2C_del_av_garnityr_-_Hallwylska_museet_-_109864.tif/lossy-page1-500px-Brosch_av_korall%2C_del_av_garnityr_-_Hallwylska_museet_-_109864.tif.jpg
  [1124] 'Queso Russian' -> https://upload.wikimedia.org/wikipedia/commons/thumb/2/24/An_universal_European_dictionary_of_merchandise%2C_in_the_English%2C_German%2C_Dutch%2C_Danish%2C_Swedish%2C_French%2C_Italian%2C_Spanish%2C_Portuguese%2C_Russian%2C_Polish_and_Latin_languages..._%28IA_b28773329%29.pdf/page1-500px-thumbnail.pdf.jpg
  [1127] 'Liptauer' -> https://upload.wikimedia.org/wikipedia/commons/thumb/7/7a/Liptauer.jpg/500px-Liptauer.jpg
  [1130] 'Korbáčiky' -> https://upload.wikimedia.org/wikipedia/commons/thumb/4/4e/%C3%9Aden%C3%BD_korb%C3%A1%C4%8Dik_%28Slovakia%29.jpg/500px-%C3%9Aden%C3%BD_korb%C3%A1%C4%8Dik_%28Slovakia%29.jpg
  [1132] 'Parenica' -> https://upload.wikimedia.org/wikipedia/commons/thumb/8/88/Parenica.jpg/500px-Parenica.jpg
  [1135] 'Plesnivec' -> https://upload.wikimedia.org/wikipedia/commons/thumb/f/fb/Chata_Plesnivec.jpg/500px-Chata_Plesnivec.jpg
  [1138] 'Ädelost' -> https://upload.wikimedia.org/wikipedia/commons/thumb/9/9b/%C3%84delost.jpg/500px-%C3%84delost.jpg
  [1139] 'Blå Gotland' -> https://upload.wikimedia.org/wikipedia/commons/thumb/9/99/Gotland-Alva-Kirche_04.jpg/500px-Gotland-Alva-Kirche_04.jpg
  [1140] 'Grevé' -> https://upload.wikimedia.org/wikipedia/commons/thumb/2/29/Grev%C3%A9.JPG/500px-Grev%C3%A9.JPG
  [1143] 'Hushållsost' -> https://upload.wikimedia.org/wikipedia/commons/thumb/8/8d/Hush%C3%A5llsost_Arla.jpg/500px-Hush%C3%A5llsost_Arla.jpg
  [1144] 'Queso Moose' -> https://upload.wikimedia.org/wikipedia/commons/thumb/1/1c/Cheese_head_with_moose_%286711826565%29.jpg/500px-Cheese_head_with_moose_%286711826565%29.jpg
  [1151] 'Syr' -> https://upload.wikimedia.org/wikipedia/commons/thumb/e/ed/Syr_Darya.jpg/500px-Syr_Darya.jpg
  [1152] 'Ukrainskyi' -> https://upload.wikimedia.org/wikipedia/commons/e/e0/Ukrainskyi_Pravoslavnyi_Visnyk_-_41.jpg
  [1153] 'Vurda' -> https://upload.wikimedia.org/wikipedia/commons/thumb/7/73/Vurda_slika.jpg/500px-Vurda_slika.jpg
  [1154] 'Queso Banbury' -> https://upload.wikimedia.org/wikipedia/commons/thumb/c/c5/Isle_of_Mull_cheddar_cheese.jpg/500px-Isle_of_Mull_cheddar_cheese.jpg
  [1155] 'Queso coliflor' -> https://upload.wikimedia.org/wikipedia/commons/thumb/c/c4/Coliflor_al_grill_%2B_Pan_con_pesto_%2B_Queso_anejo_%2827397033448%29.jpg/500px-Coliflor_al_grill_%2B_Pan_con_pesto_%2B_Queso_anejo_%2827397033448%29.jpg
  [1156] 'Queso Cheddar' -> https://upload.wikimedia.org/wikipedia/commons/thumb/1/18/Somerset-Cheddar.jpg/500px-Somerset-Cheddar.jpg
  [1157] 'Queso Stilton' -> https://upload.wikimedia.org/wikipedia/commons/thumb/3/3e/Stilton_cheese_and_shower_head.jpg/500px-Stilton_cheese_and_shower_head.jpg
  [1158] 'Queso Wensleydale' -> https://upload.wikimedia.org/wikipedia/commons/thumb/0/08/Wensleydale_cheese_2.jpg/500px-Wensleydale_cheese_2.jpg
  [1159] 'Queso Stinking Bishop' -> https://upload.wikimedia.org/wikipedia/commons/thumb/f/f5/Stinking_Bishop_cheese.jpg/500px-Stinking_Bishop_cheese.jpg
  [1161] 'Queso Lighvan' -> https://upload.wikimedia.org/wikipedia/commons/thumb/d/dd/Lighvan_cheese_3.jpg/500px-Lighvan_cheese_3.jpg
  [1167] 'Labneh' -> https://upload.wikimedia.org/wikipedia/commons/thumb/d/da/Labneh_%285196911587%29.jpg/500px-Labneh_%285196911587%29.jpg
  [1169] 'Qishta' -> https://upload.wikimedia.org/wikipedia/commons/thumb/e/e1/Iraqi_Kshwa_%28Arabic_Qishta%29-Mosul.jpg/500px-Iraqi_Kshwa_%28Arabic_Qishta%29-Mosul.jpg
  [1170] 'Hemed' -> https://upload.wikimedia.org/wikipedia/commons/9/99/Tomer_Hemed_2017.jpg
  [1171] 'Kedem' -> https://upload.wikimedia.org/wikipedia/commons/thumb/6/6e/Ora_Kedem.jpg/500px-Ora_Kedem.jpg
  [1173] 'Hermon' -> https://upload.wikimedia.org/wikipedia/commons/thumb/a/a7/Mount_hermon_1912.jpg/500px-Mount_hermon_1912.jpg
  [1174] 'Khalla' -> https://upload.wikimedia.org/wikipedia/commons/thumb/c/cd/Entrance_way_of_Gandhari_Khalla.jpg/500px-Entrance_way_of_Gandhari_Khalla.jpg
  [1175] 'Arrabah' -> https://upload.wikimedia.org/wikipedia/commons/thumb/c/c8/Arrabah.jpg/500px-Arrabah.jpg
  [1176] 'Kafrit' -> https://upload.wikimedia.org/wikipedia/commons/thumb/1/12/Sarah_Kafrit%2C_D710-106.jpg/500px-Sarah_Kafrit%2C_D710-106.jpg
  [1177] 'Queso Baladi' -> https://upload.wikimedia.org/wikipedia/commons/thumb/f/fa/Baladi_Cheese%2C_Spinach%2C_Avocado_%26_Zataar_%282806311953%29.jpg/500px-Baladi_Cheese%2C_Spinach%2C_Avocado_%26_Zataar_%282806311953%29.jpg
  [1178] 'Queso Basket' -> https://upload.wikimedia.org/wikipedia/commons/thumb/9/96/Salad_in_Parmesan_cheese_basket.jpg/500px-Salad_in_Parmesan_cheese_basket.jpg
  [1180] 'Jibneh Arabieh' -> https://upload.wikimedia.org/wikipedia/commons/thumb/5/51/Jibneh-arabieh_jibneh-baida_cheese.jpg/500px-Jibneh-arabieh_jibneh-baida_cheese.jpg
  [1184] 'Queso Nabulsi' -> https://upload.wikimedia.org/wikipedia/commons/thumb/0/00/Nabulsi_cheese.jpg/500px-Nabulsi_cheese.jpg
  [1185] 'Shelal' -> https://upload.wikimedia.org/wikipedia/commons/thumb/7/77/Century_Mag_Tourist_boat_leaving_Shelal_for_the_cataract.png/500px-Century_Mag_Tourist_boat_leaving_Shelal_for_the_cataract.png
  [1187] 'Queso Syrian' -> https://upload.wikimedia.org/wikipedia/commons/thumb/7/7f/%D9%83%D9%86%D8%A7%D9%83%D8%B1_%28Kan%C4%81ker%2C_Syrian_snack%29.jpg/500px-%D9%83%D9%86%D8%A7%D9%83%D8%B1_%28Kan%C4%81ker%2C_Syrian_snack%29.jpg
  [1192] 'Çamur' -> https://upload.wikimedia.org/wikipedia/commons/a/a9/%C3%87amur%2C_Kelkit.png
  [1193] 'Çeçil (tr)' -> https://upload.wikimedia.org/wikipedia/commons/thumb/d/d3/The_I_and_II_books_of_the_Odes_of_Horace%2C_tr._.._%28IA_iiibooksofodesof00hora%29.pdf/page1-500px-The_I_and_II_books_of_the_Odes_of_Horace%2C_tr._.._%28IA_iiibooksofodesof00hora%29.pdf.jpg
  [1194] 'Çökelek' -> https://upload.wikimedia.org/wikipedia/commons/thumb/2/2a/S%C3%BCrk_%C3%A7%C3%B6kelek.jpg/500px-S%C3%BCrk_%C3%A7%C3%B6kelek.jpg
  [1195] 'Çömlek Peyniri' -> https://upload.wikimedia.org/wikipedia/commons/thumb/9/99/%C3%87%C3%B6mlek_peyniri_or_Turkish_pot_cheese.jpg/500px-%C3%87%C3%B6mlek_peyniri_or_Turkish_pot_cheese.jpg
  [1196] 'Dil Peyniri' -> https://upload.wikimedia.org/wikipedia/commons/thumb/2/23/Turkish_cheeses_Dil_and_Civil.jpg/500px-Turkish_cheeses_Dil_and_Civil.jpg
  [1201] 'Kars Gravyeri' -> https://upload.wikimedia.org/wikipedia/commons/thumb/c/c9/Kars_gruyere.jpg/500px-Kars_gruyere.jpg
  [1202] 'Kaşar' -> https://upload.wikimedia.org/wikipedia/commons/thumb/f/f9/Ka%C5%9Far_peyniri.jpg/500px-Ka%C5%9Far_peyniri.jpg
  [1208] 'Malakan Peyniri' -> https://upload.wikimedia.org/wikipedia/commons/thumb/a/ab/Malakan_peyniri.jpg/500px-Malakan_peyniri.jpg
  [1210] 'Obruk' -> https://upload.wikimedia.org/wikipedia/commons/thumb/3/3a/Obruk_Waterfall_-_Obruk_%C5%9Eelalesi_03.JPG/500px-Obruk_Waterfall_-_Obruk_%C5%9Eelalesi_03.JPG
  [1211] 'Örgü' -> https://upload.wikimedia.org/wikipedia/commons/b/b8/Fadime_orgu.jpg
  [1216] 'Tulum' -> https://upload.wikimedia.org/wikipedia/commons/thumb/0/06/Tulum_QR.JPG/500px-Tulum_QR.JPG
  [1217] 'Van otlu peyniri' -> https://upload.wikimedia.org/wikipedia/commons/thumb/e/ee/Otlu_peynir.jpg/500px-Otlu_peynir.jpg
  [1218] 'Queso Yemeni' -> https://upload.wikimedia.org/wikipedia/commons/thumb/8/8d/Cheese_Seller%2C_Yemen_%2814406449068%29.jpg/500px-Cheese_Seller%2C_Yemen_%2814406449068%29.jpg
  [1220] 'Bleu Bénédictin' -> https://upload.wikimedia.org/wikipedia/commons/thumb/e/e8/Bleu_b%C3%A9n%C3%A9dictin_01.jpg/500px-Bleu_b%C3%A9n%C3%A9dictin_01.jpg
  [1221] 'Cuajada de queso' -> https://upload.wikimedia.org/wikipedia/commons/thumb/5/5c/Venta_de_queso_cuajada_en_el_mercado_de_abastos.JPG/500px-Venta_de_queso_cuajada_en_el_mercado_de_abastos.JPG
  [1222] 'Oka' -> https://upload.wikimedia.org/wikipedia/commons/thumb/c/c5/Oka_River_%28Siberia%29.jpg/500px-Oka_River_%28Siberia%29.jpg
  [1223] 'Pikauba' -> https://upload.wikimedia.org/wikipedia/commons/thumb/4/42/Riviere_Pikauba_-_1940.JPG/500px-Riviere_Pikauba_-_1940.JPG
  [1224] 'Queso Palmito' -> https://upload.wikimedia.org/wikipedia/commons/thumb/e/e2/Queso_palmito.jpg/500px-Queso_palmito.jpg
  [1225] 'Queso Turrialba' -> https://upload.wikimedia.org/wikipedia/commons/thumb/2/2f/Queso_Turrialba.jpg/500px-Queso_Turrialba.jpg
  [1226] 'Cuajada' -> https://upload.wikimedia.org/wikipedia/commons/thumb/f/fa/Cuajada_-_juantigues.jpg/500px-Cuajada_-_juantigues.jpg
  [1227] 'Crema' -> https://upload.wikimedia.org/wikipedia/commons/thumb/3/35/SantissimaTrinita-Crema-3.jpg/500px-SantissimaTrinita-Crema-3.jpg
  [1230] 'Quesillo' -> https://upload.wikimedia.org/wikipedia/commons/thumb/f/f3/Quesillo_de_Venezuela.jpg/500px-Quesillo_de_Venezuela.jpg
  [1231] 'queso seco' -> https://upload.wikimedia.org/wikipedia/commons/thumb/b/bd/Queso_manchego%2C_nueces_e_higos_secos.jpg/500px-Queso_manchego%2C_nueces_e_higos_secos.jpg
  [1232] 'Queso Adobera' -> https://upload.wikimedia.org/wikipedia/commons/thumb/d/d7/Adobera.png/500px-Adobera.png
  [1233] 'Queso Añejo' -> https://upload.wikimedia.org/wikipedia/commons/thumb/9/9f/Queso_a%C3%B1ejo.JPG/500px-Queso_a%C3%B1ejo.JPG
  [1234] 'Queso Asadero' -> https://upload.wikimedia.org/wikipedia/commons/thumb/9/96/Chaska_preparada_con_queso_y_champi%C3%B1ones.jpg/500px-Chaska_preparada_con_queso_y_champi%C3%B1ones.jpg
  [1235] 'Queso Chiapas' -> https://upload.wikimedia.org/wikipedia/commons/thumb/9/93/Centro_de_Ju%C3%A1rez%2C_Chiapas_un_d%C3%ADa_cotidiano_en_esta_ciudad%2C_transporte_p%C3%BAblico_y_glorieta_central.JPG/500px-Centro_de_Ju%C3%A1rez%2C_Chiapas_un_d%C3%ADa_cotidiano_en_esta_ciudad%2C_transporte_p%C3%BAblico_y_glorieta_central.JPG
  [1236] 'Queso Chihuahua' -> https://upload.wikimedia.org/wikipedia/commons/thumb/5/5c/%22Chilequeso%22%2C_taco_de_chile_poblano_con_queso.jpg/500px-%22Chilequeso%22%2C_taco_de_chile_poblano_con_queso.jpg
  [1237] 'Queso Cotija' -> https://upload.wikimedia.org/wikipedia/commons/1/11/Cotija_Cheese.jpg
  [1238] 'Queso Criollo' -> https://upload.wikimedia.org/wikipedia/commons/thumb/f/f5/Pabellon_criollo.jpg/500px-Pabellon_criollo.jpg
  [1240] 'Queso Oaxaca' -> https://upload.wikimedia.org/wikipedia/commons/thumb/f/f7/Queso_Oaxaca.jpg/500px-Queso_Oaxaca.jpg
  [1242] 'Queso de cuajo' -> https://upload.wikimedia.org/wikipedia/commons/thumb/7/7b/Queso_Cotija_El_Legado.jpg/500px-Queso_Cotija_El_Legado.jpg
  [1243] 'Queso Fresco' -> https://upload.wikimedia.org/wikipedia/commons/thumb/4/44/Queso_fresco.JPG/500px-Queso_fresco.JPG
  [1244] 'Queso Panela' -> https://upload.wikimedia.org/wikipedia/commons/thumb/a/a1/Agua_Panela_con_Queso_Fresco_at_La_Puerta_Falsa_%285617496209%29.jpg/500px-Agua_Panela_con_Queso_Fresco_at_La_Puerta_Falsa_%285617496209%29.jpg
  [1245] 'Bergenost' -> https://upload.wikimedia.org/wikipedia/commons/thumb/e/e4/Bergenost_Cheese_93_bg_122306.jpg/500px-Bergenost_Cheese_93_bg_122306.jpg
  [1246] 'Queso Brick' -> https://upload.wikimedia.org/wikipedia/commons/thumb/b/bc/Shavington_cum_Gresty_-_Cheshire_Cheese%2C_Gresty.jpg/500px-Shavington_cum_Gresty_-_Cheshire_Cheese%2C_Gresty.jpg
  [1247] 'Queso Colby' -> https://upload.wikimedia.org/wikipedia/commons/thumb/b/b0/2009-0620-Colby-sign.jpg/500px-2009-0620-Colby-sign.jpg
  [1248] 'Colby-Queso Jack' -> https://upload.wikimedia.org/wikipedia/commons/thumb/9/9b/Arena_Cheese_Inc._Home_of_Colby-Jack_Cheese_-_panoramio.jpg/500px-Arena_Cheese_Inc._Home_of_Colby-Jack_Cheese_-_panoramio.jpg
  [1249] 'Colorado Blackie' -> https://upload.wikimedia.org/wikipedia/commons/thumb/1/18/Steve_of_the_Bar_Gee_ranch_-_a_thrilling_story_of_life_on_the_plains_of_Colorado_%28IA_steveofbargeeran00reid%29.pdf/page1-500px-Steve_of_the_Bar_Gee_ranch_-_a_thrilling_story_of_life_on_the_plains_of_Colorado_%28IA_steveofbargeeran00reid%29.pdf.jpg
  [1250] 'Queso Cream' -> https://upload.wikimedia.org/wikipedia/commons/thumb/4/4b/Queso_in_deli_case_%285200440489%29.jpg/500px-Queso_in_deli_case_%285200440489%29.jpg
  [1251] 'Queso Creole cream' -> https://upload.wikimedia.org/wikipedia/commons/thumb/b/b3/Creole_Cream_Cheese_Tart_with_Strawberry_Sorbet.jpg/500px-Creole_Cream_Cheese_Tart_with_Strawberry_Sorbet.jpg
  [1252] 'Queso Cup' -> https://upload.wikimedia.org/wikipedia/commons/thumb/4/49/Membrillo_y_queso.jpg/500px-Membrillo_y_queso.jpg
  [1253] 'Queso Hoop' -> https://upload.wikimedia.org/wikipedia/commons/thumb/8/8d/Making_American_Cheese_On_The_Farm%2C_1921.pdf/page1-500px-Making_American_Cheese_On_The_Farm%2C_1921.pdf.jpg
  [1254] 'Humboldt Fog' -> https://upload.wikimedia.org/wikipedia/commons/thumb/1/19/Cypress_Grove_Chevre_-_Humboldt_Fog_cheese.jpg/500px-Cypress_Grove_Chevre_-_Humboldt_Fog_cheese.jpg
  [1255] 'Queso Liederkranz' -> https://upload.wikimedia.org/wikipedia/commons/thumb/1/17/What_do_you_know_about_cheese%3F_%28IA_whatdoyouknowabo1928unit%29.pdf/page1-500px-What_do_you_know_about_cheese%3F_%28IA_whatdoyouknowabo1928unit%29.pdf.jpg
  [1256] 'Queso Muenster' -> https://upload.wikimedia.org/wikipedia/commons/thumb/3/30/Block_of_Muenster_cheese.jpg/500px-Block_of_Muenster_cheese.jpg
  [1257] 'Queso Nacho' -> https://upload.wikimedia.org/wikipedia/commons/thumb/c/ce/Nacho_plate.jpg/500px-Nacho_plate.jpg
  [1258] 'Queso Pepper jack' -> https://upload.wikimedia.org/wikipedia/commons/thumb/b/ba/Pepperjack_Cheese.jpg/500px-Pepperjack_Cheese.jpg
  [1260] 'Queso Provel' -> https://upload.wikimedia.org/wikipedia/commons/thumb/2/2c/Provel.jpg/500px-Provel.jpg
  [1261] 'rojo Hawk' -> https://upload.wikimedia.org/wikipedia/commons/thumb/c/c6/Red-shouldered_Hawk_%28Buteo_lineatus%29_%2815454317283%29.jpg/500px-Red-shouldered_Hawk_%28Buteo_lineatus%29_%2815454317283%29.jpg
  [1262] 'Queso String' -> https://upload.wikimedia.org/wikipedia/commons/thumb/4/44/Queso_fresco.JPG/500px-Queso_fresco.JPG
  [1264] 'Queso Cottage' -> https://upload.wikimedia.org/wikipedia/commons/thumb/a/a1/Cottage_Cheese.jpg/500px-Cottage_Cheese.jpg
  [1265] 'Queso Tasty' -> https://upload.wikimedia.org/wikipedia/commons/thumb/b/bf/White_cheddar_cheese.jpg/500px-White_cheddar_cheese.jpg
  [1266] 'Queso Cremoso' -> https://upload.wikimedia.org/wikipedia/commons/thumb/b/b9/Cremoso.jpg/500px-Cremoso.jpg
  [1269] 'Reggianito' -> https://upload.wikimedia.org/wikipedia/commons/4/4d/Reggianito.jpg
  [1270] 'Sardo' -> https://upload.wikimedia.org/wikipedia/commons/thumb/2/2b/Pecorino_Sardo_Cheese.jpg/500px-Pecorino_Sardo_Cheese.jpg
  [1276] 'Provoleta' -> https://upload.wikimedia.org/wikipedia/commons/thumb/9/93/Provoleta_argentina.jpg/500px-Provoleta_argentina.jpg
  [1277] 'Queso de Maquina' -> https://upload.wikimedia.org/wikipedia/commons/thumb/e/ed/ECH_544_40_-_Queso_de_cabeza%2C_El.djvu/page1-500px-ECH_544_40_-_Queso_de_cabeza%2C_El.djvu.jpg
  [1278] 'Chaqueño' -> https://upload.wikimedia.org/wikipedia/commons/thumb/8/84/El_chaque%C3%B1o_palavecino.jpg/500px-El_chaque%C3%B1o_palavecino.jpg
  [1279] 'Menonita' -> https://upload.wikimedia.org/wikipedia/commons/thumb/3/32/Museo_y_Centro_Cultural_Menonita_02.jpg/500px-Museo_y_Centro_Cultural_Menonita_02.jpg
  [1280] 'Catupiry' -> https://upload.wikimedia.org/wikipedia/commons/thumb/2/29/Catupiry.jpg/500px-Catupiry.jpg
  [1281] 'Minas' -> https://upload.wikimedia.org/wikipedia/commons/thumb/3/3e/Chuvas_Minas_Gerais_2020.svg/500px-Chuvas_Minas_Gerais_2020.svg.png
  [1282] 'queso coalho' -> https://upload.wikimedia.org/wikipedia/commons/thumb/7/7b/Queso_Cotija_El_Legado.jpg/500px-Queso_Cotija_El_Legado.jpg
  [1283] 'queso de Colônia' -> https://upload.wikimedia.org/wikipedia/commons/thumb/c/c1/Queso_menonita_Guatrach%C3%A9.JPG/500px-Queso_menonita_Guatrach%C3%A9.JPG
  [1287] 'queso-do-Reino' -> https://upload.wikimedia.org/wikipedia/commons/thumb/0/09/Historia_del_Nuevo_Reino_de_Granada_-_bdh0000043326_-_Volumen_1.pdf/page1-500px-Historia_del_Nuevo_Reino_de_Granada_-_bdh0000043326_-_Volumen_1.pdf.jpg
  [1290] 'queso prato' -> https://upload.wikimedia.org/wikipedia/commons/thumb/d/d5/Queso_humacha_1.jpg/500px-Queso_humacha_1.jpg
  [1291] 'Queso Chanco' -> https://upload.wikimedia.org/wikipedia/commons/thumb/a/ae/Chanco_5.JPG/500px-Chanco_5.JPG
  [1292] 'Panquehue' -> https://upload.wikimedia.org/wikipedia/commons/a/a3/Comuna_Panquehue.png
  [1293] 'Renaico' -> https://upload.wikimedia.org/wikipedia/commons/thumb/3/30/Escudo_de_Renaico.svg/500px-Escudo_de_Renaico.svg.png
  [1295] 'Queso costeño' -> https://upload.wikimedia.org/wikipedia/commons/thumb/1/1f/Venta_de_queso_coste%C3%B1o.jpg/500px-Venta_de_queso_coste%C3%B1o.jpg
  [1296] 'Cuajada (Cuajada)' -> https://upload.wikimedia.org/wikipedia/commons/thumb/f/fa/Cuajada_-_juantigues.jpg/500px-Cuajada_-_juantigues.jpg
  [1297] 'Queso Paipa' -> https://upload.wikimedia.org/wikipedia/commons/thumb/7/74/Side_View_of_Cut_Paipa_Cheese.jpg/500px-Side_View_of_Cut_Paipa_Cheese.jpg
  [1298] 'Queso Pera' -> https://upload.wikimedia.org/wikipedia/commons/thumb/0/00/Bodeg%C3%B3n_pan%2C_peras%2C_queso_y_recipientes-mel%C3%A9ndez.jpg/500px-Bodeg%C3%B3n_pan%2C_peras%2C_queso_y_recipientes-mel%C3%A9ndez.jpg
  [1300] 'Paraguay' -> https://upload.wikimedia.org/wikipedia/commons/thumb/6/67/Paraguay_3_Largest_Cities.png/500px-Paraguay_3_Largest_Cities.png
  [1302] 'Queso Andino' -> https://upload.wikimedia.org/wikipedia/commons/thumb/6/62/Higos_con_queso.jpg/500px-Higos_con_queso.jpg
  [1303] 'Colonia' -> https://upload.wikimedia.org/wikipedia/commons/thumb/1/11/Colonia%2C_uruguay_10-04.jpg/500px-Colonia%2C_uruguay_10-04.jpg
  [1305] 'Termal' -> https://upload.wikimedia.org/wikipedia/commons/thumb/2/20/Yalova_Termal_Swimming_Pool.JPG/500px-Yalova_Termal_Swimming_Pool.JPG
  [1306] 'Yamandú' -> https://upload.wikimedia.org/wikipedia/commons/thumb/b/b9/Yamand%C3%BA_Palacios1.jpg/500px-Yamand%C3%BA_Palacios1.jpg
  [1307] 'Zapicán' -> https://upload.wikimedia.org/wikipedia/commons/thumb/1/1e/Zapic%C3%A1n%2C_Lavalleja%2C_Uruguay.jpg/500px-Zapic%C3%A1n%2C_Lavalleja%2C_Uruguay.jpg
  [1308] 'Queso Guayanés' -> https://upload.wikimedia.org/wikipedia/commons/thumb/9/95/Cachapa_Con_Queso_e_Mano.JPG/500px-Cachapa_Con_Queso_e_Mano.JPG
  [1310] 'Queso de mano' -> https://upload.wikimedia.org/wikipedia/commons/thumb/9/95/Cachapa_Con_Queso_e_Mano.JPG/500px-Cachapa_Con_Queso_e_Mano.JPG
  [1311] 'Queso Llanero' -> https://upload.wikimedia.org/wikipedia/commons/thumb/9/95/Cachapa_Con_Queso_e_Mano.JPG/500px-Cachapa_Con_Queso_e_Mano.JPG
  [1315] 'Queso Port wine' -> https://upload.wikimedia.org/wikipedia/commons/thumb/6/61/Port_wine_cheese_spread.jpg/500px-Port_wine_cheese_spread.jpg
  [1316] 'Queso Smoked' -> https://upload.wikimedia.org/wikipedia/commons/thumb/4/42/Smoked_Gruy%C3%A8re_cheese.jpg/500px-Smoked_Gruy%C3%A8re_cheese.jpg
  [1317] 'Queso Soy' -> https://upload.wikimedia.org/wikipedia/commons/thumb/5/50/Tomato_and_Soy_Mozzarella_on_Brussels_Bechamel_%283623447483%29.jpg/500px-Tomato_and_Soy_Mozzarella_on_Brussels_Bechamel_%283623447483%29.jpg
  [1318] 'Queso arroz' -> https://upload.wikimedia.org/wikipedia/commons/thumb/8/85/Cheese_baked_rice_2.jpg/500px-Cheese_baked_rice_2.jpg
  [1319] 'Sopa soja Salsa' -> https://upload.wikimedia.org/wikipedia/commons/thumb/f/fd/Traditional_Korean_soy_sauce.jpg/500px-Traditional_Korean_soy_sauce.jpg
  [1321] 'Salsa Soy chicken' -> https://upload.wikimedia.org/wikipedia/commons/thumb/0/07/Soy_Sauce_Chicken.jpg/500px-Soy_Sauce_Chicken.jpg
  [3385] 'Lahoh' -> https://upload.wikimedia.org/wikipedia/commons/thumb/4/44/LahohS.jpg/500px-LahohS.jpg
  [3386] 'Ogiri' -> https://upload.wikimedia.org/wikipedia/commons/thumb/5/5c/Ogiri_Igbo_in_a_container.jpg/500px-Ogiri_Igbo_in_a_container.jpg
  [3387] 'Paniyaram' -> https://upload.wikimedia.org/wikipedia/commons/thumb/b/b7/Kuzhi_Paniyaram.jpg/500px-Kuzhi_Paniyaram.jpg
  [3388] 'Pesaha Appam' -> https://upload.wikimedia.org/wikipedia/commons/thumb/5/5c/Pesaha_Appam_Indari_Appam%2C_%E0%B4%AA%E0%B5%86%E0%B4%B8%E0%B4%B9_%E0%B4%85%E0%B4%AA%E0%B5%8D%E0%B4%AA%E0%B4%82%2C_%E0%B4%87%E0%B4%A3%E0%B5%8D%E0%B4%9F%E0%B5%8D%E0%B4%B0%E0%B4%BF_%E0%B4%85%E0%B4%AA%E0%B5%8D%E0%B4%AA%E0%B4%82.JPG/500px-Pesaha_Appam_Indari_Appam%2C_%E0%B4%AA%E0%B5%86%E0%B4%B8%E0%B4%B9_%E0%B4%85%E0%B4%AA%E0%B5%8D%E0%B4%AA%E0%B4%82%2C_%E0%B4%87%E0%B4%A3%E0%B5%8D%E0%B4%9F%E0%B5%8D%E0%B4%B0%E0%B4%BF_%E0%B4%85%E0%B4%AA%E0%B5%8D%E0%B4%AA%E0%B4%82.JPG
  [3389] 'Bánh Cuốn' -> https://upload.wikimedia.org/wikipedia/commons/thumb/f/f6/B%C3%A1nh_cu%E1%BB%91n_ch%E1%BA%A3_l%E1%BB%A5a.jpg/500px-B%C3%A1nh_cu%E1%BB%91n_ch%E1%BA%A3_l%E1%BB%A5a.jpg
  [3390] 'Mixian' -> https://upload.wikimedia.org/wikipedia/commons/thumb/6/65/Braised_Mushroom_and_Radish_Tomato_Soup_Mixian_-_CK_Bistro.jpg/500px-Braised_Mushroom_and_Radish_Tomato_Soup_Mixian_-_CK_Bistro.jpg
  [3391] 'Murri' -> https://upload.wikimedia.org/wikipedia/commons/8/84/Romolo_Murri_%28thumb%29.jpeg
  [3393] 'Masaura' -> https://upload.wikimedia.org/wikipedia/commons/thumb/7/7b/Masaura.jpg/500px-Masaura.jpg
  [3394] 'Khanom chin' -> https://upload.wikimedia.org/wikipedia/commons/thumb/d/d9/Khanom_Chin_-_Thai_rice_noodles.JPG/500px-Khanom_Chin_-_Thai_rice_noodles.JPG
  [3395] 'Munini-Imo' -> https://upload.wikimedia.org/wikipedia/commons/thumb/5/51/Munini-imo_Traditional_Ainu_potato_preserved_food.jpg/500px-Munini-imo_Traditional_Ainu_potato_preserved_food.jpg
  [3396] 'Pepinillo zumo' -> https://upload.wikimedia.org/wikipedia/commons/thumb/1/19/SDecadence_2012_Tumblers_Pickle_Juice_Smiles.JPG/500px-SDecadence_2012_Tumblers_Pickle_Juice_Smiles.JPG
  [3397] 'Migan' -> https://upload.wikimedia.org/wikipedia/commons/thumb/4/4d/Sourou_Migan_Apithy_in_1958.jpg/500px-Sourou_Migan_Apithy_in_1958.jpg
  [3400] 'Masala dosa' -> https://upload.wikimedia.org/wikipedia/commons/thumb/4/43/Masala_dosa_01.jpg/500px-Masala_dosa_01.jpg
  [3402] 'Funge' -> https://upload.wikimedia.org/wikipedia/commons/thumb/7/7d/Funge.jpg/500px-Funge.jpg
  [3403] 'Ice Kenkey' -> https://upload.wikimedia.org/wikipedia/commons/thumb/4/42/Iced_Kenkey.jpg/500px-Iced_Kenkey.jpg
  [3406] 'Nem Lai Vung' -> https://upload.wikimedia.org/wikipedia/commons/thumb/3/3c/Nem_Chua.jpg/500px-Nem_Chua.jpg
  [3408] 'Pan de masa madre' -> https://upload.wikimedia.org/wikipedia/commons/thumb/0/0a/Sourdough.jpg/500px-Sourdough.jpg
  [3409] 'Tupí' -> https://upload.wikimedia.org/wikipedia/commons/a/a2/Formatge-tupi1.JPG
  [3410] 'blanco azúcar Sponge Cake' -> https://upload.wikimedia.org/wikipedia/commons/thumb/d/d1/Steamed_Rice_Cake.JPG/500px-Steamed_Rice_Cake.JPG
  [3411] 'SCOBY' -> https://upload.wikimedia.org/wikipedia/commons/thumb/1/1b/SCOBY_mushroom.jpg/500px-SCOBY_mushroom.jpg
  [3412] 'Sanna' -> https://upload.wikimedia.org/wikipedia/commons/thumb/6/6d/Houses_at_Sanna_-_geograph.org.uk_-_411140.jpg/500px-Houses_at_Sanna_-_geograph.org.uk_-_411140.jpg
  [3413] 'Taba ng talangka' -> https://upload.wikimedia.org/wikipedia/commons/thumb/e/ec/Talangkajf.JPG/500px-Talangkajf.JPG
  [3414] 'Puto Calasiao' -> https://upload.wikimedia.org/wikipedia/commons/thumb/9/90/0671jfHighway_Churches_Pangasinan_Bridges_Santa_Barbara_Calasiao_Landmarksfvf_01.JPG/500px-0671jfHighway_Churches_Pangasinan_Bridges_Santa_Barbara_Calasiao_Landmarksfvf_01.JPG
  [3415] 'Tamarind pap' -> https://upload.wikimedia.org/wikipedia/commons/thumb/c/c4/Akara_and_Tamarind_Pap.jpg/500px-Akara_and_Tamarind_Pap.jpg
  [3417] 'Achar' -> https://upload.wikimedia.org/wikipedia/commons/thumb/9/95/Achar_e_chetnins.jpg/500px-Achar_e_chetnins.jpg
  [3418] 'Encurtido de Egg' -> https://upload.wikimedia.org/wikipedia/commons/thumb/4/4e/Argentine_hamburgers_made_with_Paty_Cl%C3%A1sicas_patties%2C_lettuce%2C_tomato%2C_fried_egg%2C_and_mozzarella_cheese_on_Don_Yeyo_buns%2C_with_pickled_gherkins%2C_paprika_sauce%2C_and_malagueta_chili_peppers.jpg/500px-thumbnail.jpg
  [3419] 'Encurtido de walnuts' -> https://upload.wikimedia.org/wikipedia/commons/thumb/e/e5/Pickled_Walnuts_Jar.jpg/500px-Pickled_Walnuts_Jar.jpg
  [3421] 'Menudo' -> https://upload.wikimedia.org/wikipedia/commons/thumb/2/20/Menudo_2007.jpg/500px-Menudo_2007.jpg
  [3422] 'Encurtido de Beet Egg' -> https://upload.wikimedia.org/wikipedia/commons/thumb/f/fe/Pickled_egg.jpg/500px-Pickled_egg.jpg
  [3423] 'Khai khrop' -> https://upload.wikimedia.org/wikipedia/commons/thumb/1/1c/Modern_method.jpg/500px-Modern_method.jpg
  [3425] 'Dongchimi' -> https://upload.wikimedia.org/wikipedia/commons/thumb/5/53/Korean-Dongchimi-01.jpg/500px-Korean-Dongchimi-01.jpg
  [3426] 'Nabak kimchi' -> https://upload.wikimedia.org/wikipedia/commons/thumb/8/8d/Korean.cuisine-Nabak.kimchi-01.jpg/500px-Korean.cuisine-Nabak.kimchi-01.jpg
  [3427] 'Kkakdugi' -> https://upload.wikimedia.org/wikipedia/commons/thumb/e/e8/Korean.food-kkakdugi-01.jpg/500px-Korean.food-kkakdugi-01.jpg
  [3428] 'Baekkimchi' -> https://upload.wikimedia.org/wikipedia/commons/e/e4/Korean.cuisine-Baek.kimchi-02.jpg
  [3430] 'Yeolmu-Kimchi' -> https://upload.wikimedia.org/wikipedia/commons/thumb/1/1f/Yeolmu_Kimchi.jpg/500px-Yeolmu_Kimchi.jpg
  [3431] 'Pa-Kimchi' -> https://upload.wikimedia.org/wikipedia/commons/thumb/8/81/Scallion_kimchi.jpg/500px-Scallion_kimchi.jpg
  [3432] 'Baechu-Kimchi' -> https://upload.wikimedia.org/wikipedia/commons/thumb/9/9d/Korean_cuisine-Kimchi-08.jpg/500px-Korean_cuisine-Kimchi-08.jpg
  [3433] 'Gat-kimchi' -> https://upload.wikimedia.org/wikipedia/commons/thumb/9/93/Gat-gimchi.jpg/500px-Gat-gimchi.jpg
  [3435] 'Producto Fermentado de Leche' -> https://upload.wikimedia.org/wikipedia/commons/thumb/c/c2/Surm%C3%A6lksprodukter_viskositet_og_farve.jpg/500px-Surm%C3%A6lksprodukter_viskositet_og_farve.jpg
  [3436] 'Salsa HP' -> https://upload.wikimedia.org/wikipedia/commons/thumb/5/52/HP_Original_%28cropped%29.jpg/500px-HP_Original_%28cropped%29.jpg
  [3437] 'Pasta de judía fermentada' -> https://upload.wikimedia.org/wikipedia/commons/thumb/e/ee/Doenjangwithbeans.jpg/500px-Doenjangwithbeans.jpg
  [3439] 'Chucrut' -> https://upload.wikimedia.org/wikipedia/commons/thumb/5/5e/Fourchette_avec_choucroute.jpg/500px-Fourchette_avec_choucroute.jpg
  [3441] 'Limón encurtido' -> https://upload.wikimedia.org/wikipedia/commons/thumb/b/b1/MoroccanlemonS.jpg/500px-MoroccanlemonS.jpg
  [3442] 'Tursu' -> https://upload.wikimedia.org/wikipedia/commons/thumb/3/30/Mixed_Pickles_%289370-72%29.jpg/500px-Mixed_Pickles_%289370-72%29.jpg
  [3443] 'Cebollas Encurtidas' -> https://upload.wikimedia.org/wikipedia/commons/thumb/a/aa/Cebollas_encurtidas-2009.jpg/500px-Cebollas_encurtidas-2009.jpg
  [3444] 'Anchoa En Salazón' -> https://upload.wikimedia.org/wikipedia/commons/thumb/9/96/Anchoas_salaz%C3%B3n-Espa%C3%B1a.jpg/500px-Anchoas_salaz%C3%B3n-Espa%C3%B1a.jpg
  [3447] 'Pickle de mostaza' -> https://upload.wikimedia.org/wikipedia/commons/thumb/c/cb/Zaub_quab_at_supermarket.jpg/500px-Zaub_quab_at_supermarket.jpg
  [3448] 'Avakaya' -> https://upload.wikimedia.org/wikipedia/commons/thumb/5/5a/Andhra_avakaya.jpg/500px-Andhra_avakaya.jpg
  [3449] 'Pickle de hojas de hibisco' -> https://upload.wikimedia.org/wikipedia/commons/thumb/6/62/Gongura_Pickle.jpg/500px-Gongura_Pickle.jpg
  [3450] 'Toroi' -> https://upload.wikimedia.org/wikipedia/commons/thumb/b/bb/Penapis_toroi.tif/lossy-page1-500px-Penapis_toroi.tif.jpg
  [3452] 'Guarapo' -> https://upload.wikimedia.org/wikipedia/commons/thumb/0/0b/Guarapo_30062011.jpg/500px-Guarapo_30062011.jpg
  [3454] 'Tuba (bebida)' -> https://upload.wikimedia.org/wikipedia/commons/thumb/2/2a/Tuba_Colima.JPG/500px-Tuba_Colima.JPG
  [3456] 'Cachina' -> https://upload.wikimedia.org/wikipedia/commons/thumb/c/cd/PSM_V05_D603_Cachina_dancers.jpg/500px-PSM_V05_D603_Cachina_dancers.jpg
  [3457] 'Perada' -> https://upload.wikimedia.org/wikipedia/commons/thumb/6/6b/Perry_bottled_in_Normandy.jpg/500px-Perry_bottled_in_Normandy.jpg
  [3458] 'Vino de costa' -> https://upload.wikimedia.org/wikipedia/commons/thumb/a/ac/Costa_de_Ubiarco.jpg/500px-Costa_de_Ubiarco.jpg
  [3459] 'Muday' -> https://upload.wikimedia.org/wikipedia/commons/thumb/b/bb/Muday.JPG/500px-Muday.JPG
  [3461] 'Oshikundu' -> https://upload.wikimedia.org/wikipedia/commons/thumb/b/b5/Oshikundu.jpg/500px-Oshikundu.jpg
  [3463] 'Mors' -> https://upload.wikimedia.org/wikipedia/commons/thumb/f/fc/DK_-_Mors_%28text%29.PNG/500px-DK_-_Mors_%28text%29.PNG
  [3465] 'Chicheme' -> https://upload.wikimedia.org/wikipedia/commons/thumb/b/b8/Chicheme-y-leche-agria-1.jpg/500px-Chicheme-y-leche-agria-1.jpg
  [3466] 'Malamba' -> https://upload.wikimedia.org/wikipedia/commons/thumb/7/7b/Malamba_Falls_24.jpg/500px-Malamba_Falls_24.jpg
  [3467] 'Intus' -> https://upload.wikimedia.org/wikipedia/commons/thumb/c/c6/Intus_cigarettes_tin%2C_back.JPG/500px-Intus_cigarettes_tin%2C_back.JPG
  [3469] 'Chicha de Cochabamba' -> https://upload.wikimedia.org/wikipedia/commons/thumb/7/73/Uchuku_y_chicha_aiquile%C3%B1a.jpg/500px-Uchuku_y_chicha_aiquile%C3%B1a.jpg
  [3470] 'Jun (bebida)' -> https://upload.wikimedia.org/wikipedia/commons/thumb/6/6d/Grad_Kamen9_jun_2007_25.JPG/500px-Grad_Kamen9_jun_2007_25.JPG
  [3471] 'Ara' -> https://upload.wikimedia.org/wikipedia/commons/thumb/e/ec/Ara_ararauna_Luc_Viatour.jpg/500px-Ara_ararauna_Luc_Viatour.jpg
  [3472] 'Vino de banana' -> https://upload.wikimedia.org/wikipedia/commons/thumb/8/8f/El_VINO_DE_BANANO_HECHO_EN_ECUADOR.svg/500px-El_VINO_DE_BANANO_HECHO_EN_ECUADOR.svg.png
  [4984] 'Mbuja' -> https://upload.wikimedia.org/wikipedia/commons/thumb/0/0b/Fac%C3%A3o_Mbuja_-_Rep%C3%BAblica_Democr%C3%A1tica_do_Congo_MN_01.jpg/500px-Fac%C3%A3o_Mbuja_-_Rep%C3%BAblica_Democr%C3%A1tica_do_Congo_MN_01.jpg
  [4985] 'Torshi' -> https://upload.wikimedia.org/wikipedia/commons/thumb/8/8a/Torshi_at_Gad_in_Alexandria.jpg/500px-Torshi_at_Gad_in_Alexandria.jpg
  [4986] 'Dibis' -> https://upload.wikimedia.org/wikipedia/commons/thumb/1/1d/European_honey_bee_extracts_nectar.jpg/500px-European_honey_bee_extracts_nectar.jpg
  [commons.wikimedia.org] 429 intento 1, esperando 3s ...
  [4990] 'Abondance' -> https://upload.wikimedia.org/wikipedia/commons/thumb/d/d0/Abondance_cow_profile.jpg/500px-Abondance_cow_profile.jpg
  [4991] 'Accasciato' -> https://upload.wikimedia.org/wikipedia/commons/thumb/d/db/Periodo_neoassiro%2C_rilievi_dal_palazzo_centrale_di_tiglath-pileser_III_a_nimrud%2C_774-727_ac_ca.%2C_03_cocchio_reale_2_nemico_accasciato_decapitato.jpg/500px-Periodo_neoassiro%2C_rilievi_dal_palazzo_centrale_di_tiglath-pileser_III_a_nimrud%2C_774-727_ac_ca.%2C_03_cocchio_reale_2_nemico_accasciato_decapitato.jpg
  [4992] 'Acceglio' -> https://upload.wikimedia.org/wikipedia/commons/thumb/7/75/Acceglio_001.JPG/500px-Acceglio_001.JPG
  [4996] 'Agrì di Valtorta' -> https://upload.wikimedia.org/wikipedia/commons/thumb/0/0a/Agr%C3%AC_Valtorta.jpg/500px-Agr%C3%AC_Valtorta.jpg
  [4998] 'Aladino' -> https://upload.wikimedia.org/wikipedia/commons/thumb/9/9f/Disegno_per_copertina_di_libretto%2C_disegno_di_Peter_Hoffer_per_Aladino_e_la_lampada_magica_%281954%29_-_Archivio_Storico_Ricordi_ICON012383.jpg/500px-Disegno_per_copertina_di_libretto%2C_disegno_di_Peter_Hoffer_per_Aladino_e_la_lampada_magica_%281954%29_-_Archivio_Storico_Ricordi_ICON012383.jpg
  [commons.wikimedia.org] 429 intento 1, esperando 39s ...
  [5000] 'Algunder Ziegenkäse' -> https://upload.wikimedia.org/wikipedia/commons/thumb/4/48/Algunder_Ziegenk%C3%A4se_-_Formaggio_di_capra_di_Lagundo.jpg/500px-Algunder_Ziegenk%C3%A4se_-_Formaggio_di_capra_di_Lagundo.jpg
  [5001] 'Almkäse' -> https://upload.wikimedia.org/wikipedia/commons/thumb/5/50/Gailtaler_almk%C3%A4se_salzbad.jpg/500px-Gailtaler_almk%C3%A4se_salzbad.jpg
  [5003] 'Alpepiana' -> https://upload.wikimedia.org/wikipedia/commons/thumb/f/f2/Alpepiana_%28Rezzoaglio%29-oratorio_san_rocco1.jpg/500px-Alpepiana_%28Rezzoaglio%29-oratorio_san_rocco1.jpg
  [5007] 'Amatriciano' -> https://upload.wikimedia.org/wikipedia/commons/thumb/6/6a/Catena_Monti_Della_Laga_%28versante_Amatriciano%29.jpg/500px-Catena_Monti_Della_Laga_%28versante_Amatriciano%29.jpg
  [5008] 'Ambrosiana' -> https://upload.wikimedia.org/wikipedia/commons/d/d4/Pisanello%2C_scena_di_battaglia%2C_Biblioteca_Ambrosiana_di_Milano.jpg
  [commons.wikimedia.org] 429 intento 1, esperando 39s ...
  [5012] 'Ardrahan' -> https://upload.wikimedia.org/wikipedia/commons/thumb/8/8f/Ardrahan_station_ireland.jpg/500px-Ardrahan_station_ireland.jpg
  [5017] 'Arkhi' -> https://upload.wikimedia.org/wikipedia/commons/thumb/7/7a/ARKHI_as_Mongolian_Vodka.JPG/500px-ARKHI_as_Mongolian_Vodka.JPG
  [5018] 'Arrera' -> https://upload.wikimedia.org/wikipedia/commons/thumb/d/db/Granada%2C_arrera_del_Darro_05.jpg/500px-Granada%2C_arrera_del_Darro_05.jpg
  [commons.wikimedia.org] 429 intento 1, esperando 38s ...
  [5022] 'Asiago pressato' -> https://upload.wikimedia.org/wikipedia/commons/thumb/5/5e/Asiago_cheese_%281%29.jpg/500px-Asiago_cheese_%281%29.jpg
  [5024] 'Asìno' -> https://upload.wikimedia.org/wikipedia/commons/thumb/8/80/Equus_asinus_Kadzid%C5%82owo_001.jpg/500px-Equus_asinus_Kadzid%C5%82owo_001.jpg
  [5025] 'Auricchio' -> https://upload.wikimedia.org/wikipedia/commons/thumb/5/54/A_bell_of_Auricchio.jpg/500px-A_bell_of_Auricchio.jpg
  [5026] 'Bacio' -> https://upload.wikimedia.org/wikipedia/commons/thumb/0/07/Bacio_1867.jpg/500px-Bacio_1867.jpg
  [5029] 'Bagòss' -> https://upload.wikimedia.org/wikipedia/commons/thumb/9/92/Forme_di_formaggio_Bag%C3%B2ss.jpg/500px-Forme_di_formaggio_Bag%C3%B2ss.jpg
  [commons.wikimedia.org] 429 intento 1, esperando 40s ...
  [5033] 'Ballyhooly Blue' -> https://upload.wikimedia.org/wikipedia/commons/thumb/d/d8/Blue_Book_Magazine_1927-04.pdf/page1-500px-Blue_Book_Magazine_1927-04.pdf.jpg
  [5037] 'Bastardo del Grappa' -> https://upload.wikimedia.org/wikipedia/commons/thumb/9/99/Bastardo_del_Grappa.jpg/500px-Bastardo_del_Grappa.jpg
  [commons.wikimedia.org] 429 intento 1, esperando 39s ...
  [5044] 'Beal Raw Milk Cheddar' -> https://upload.wikimedia.org/wikipedia/commons/thumb/e/e9/Testing_milk_and_its_products%3B_a_manual_for_dairy_students%2C_creamery%2C_and_cheese_factory_operators%2C_food_chemists%2C_and_dairy_farmers_%28IA_testingmilkitspr03farr%29.pdf/page1-500px-thumbnail.pdf.jpg
  [5045] 'Beara Blue' -> https://upload.wikimedia.org/wikipedia/commons/thumb/1/1f/Sign-1200740%2C_Beara_Peninsula%2C_Co._Kerry%2C_Ireland.jpg/500px-Sign-1200740%2C_Beara_Peninsula%2C_Co._Kerry%2C_Ireland.jpg
  [5047] 'Beddo' -> https://upload.wikimedia.org/wikipedia/commons/thumb/a/a1/Elizabeth_Beddo_%281857-1942%29_in_Fir_Grove_Cemetery.jpg/500px-Elizabeth_Beddo_%281857-1942%29_in_Fir_Grove_Cemetery.jpg
  [commons.wikimedia.org] 429 intento 1, esperando 40s ...
  [5050] 'Bel Paese' -> https://upload.wikimedia.org/wikipedia/commons/thumb/f/fc/Il_Bel_Paese_1876.jpg/500px-Il_Bel_Paese_1876.jpg
  [5052] 'Bella Badia' -> https://upload.wikimedia.org/wikipedia/commons/thumb/0/0c/La_Badia_di_Grottaferrata_%28IA_labadiadigrottaf00rocc%29.pdf/page1-500px-La_Badia_di_Grottaferrata_%28IA_labadiadigrottaf00rocc%29.pdf.jpg
  [5053] 'Bella Lodi' -> https://upload.wikimedia.org/wikipedia/commons/thumb/b/b4/Lodi_monografia_storico-artistica_1877.djvu/page1-500px-Lodi_monografia_storico-artistica_1877.djvu.jpg
  [5054] 'Bellingham Blue' -> https://upload.wikimedia.org/wikipedia/commons/thumb/c/c5/The_%27Blue_Heaps%27_near_Bellingham_-_geograph.org.uk_-_671054.jpg/500px-The_%27Blue_Heaps%27_near_Bellingham_-_geograph.org.uk_-_671054.jpg
  [5055] 'Belmonte' -> https://upload.wikimedia.org/wikipedia/commons/thumb/8/80/Belmonte_CU_desde_el_Castillo_08122000.jpg/500px-Belmonte_CU_desde_el_Castillo_08122000.jpg
  [5056] 'Bernardo' -> https://upload.wikimedia.org/wikipedia/commons/thumb/e/ed/Rio_Grande_River_and_I-25_Passing_Through_Bernardo_and_Contreras%2C_New_Mexico.jpg/500px-Rio_Grande_River_and_I-25_Passing_Through_Bernardo_and_Contreras%2C_New_Mexico.jpg
  [5057] 'Bettelmatt' -> https://upload.wikimedia.org/wikipedia/commons/thumb/f/f2/Bettelmatt.JPG/500px-Bettelmatt.JPG
  [5058] 'Bianco verde' -> https://upload.wikimedia.org/wikipedia/commons/thumb/1/18/600px_Verde_e_Bianco_Gaucho.PNG/500px-600px_Verde_e_Bianco_Gaucho.PNG
  [commons.wikimedia.org] 429 intento 1, esperando 39s ...
  [5060] 'Bitto' -> https://upload.wikimedia.org/wikipedia/commons/thumb/c/c0/Bitto_Istvan.jpg/500px-Bitto_Istvan.jpg
  [5062] 'Bitto Valtellina' -> https://upload.wikimedia.org/wikipedia/commons/thumb/3/3b/Bitto.jpg/500px-Bitto.jpg
  [5064] "Bleu d'Aoste" -> https://upload.wikimedia.org/wikipedia/commons/thumb/d/de/Bleu_d%27Aoste_1.jpg/500px-Bleu_d%27Aoste_1.jpg
  [5065] 'Blu' -> https://upload.wikimedia.org/wikipedia/commons/thumb/5/59/Blu_getting_interviewed_in_Atlanta.jpg/500px-Blu_getting_interviewed_in_Atlanta.jpg
  [5067] 'Blu Antico' -> https://upload.wikimedia.org/wikipedia/commons/thumb/f/f0/Blu_antico.JPG/500px-Blu_antico.JPG
  [commons.wikimedia.org] 429 intento 1, esperando 39s ...
  [5077] 'Bó Rua Farm' -> https://upload.wikimedia.org/wikipedia/commons/thumb/4/46/100_years_-_%22everything_for_the_farm%2C_garden_and_lawn%22_-_Joseph_Breck_%26_Sons._%28IA_CAT31307036%29.pdf/page1-500px-100_years_-_%22everything_for_the_farm%2C_garden_and_lawn%22_-_Joseph_Breck_%26_Sons._%28IA_CAT31307036%29.pdf.jpg
  [5078] 'Bocconcini' -> https://upload.wikimedia.org/wikipedia/commons/thumb/0/02/Bocconcini_gobeirne.jpg/500px-Bocconcini_gobeirne.jpg
  [commons.wikimedia.org] 429 intento 1, esperando 39s ...
  [5081] 'Bonassai' -> https://upload.wikimedia.org/wikipedia/commons/thumb/6/6a/Olmedo%2C_Bonassai_%2801%29.jpg/500px-Olmedo%2C_Bonassai_%2801%29.jpg
  [5082] 'Bonrus' -> https://upload.wikimedia.org/wikipedia/commons/thumb/1/17/Bonrus_cheese_label.jpg/500px-Bonrus_cheese_label.jpg
  [5086] 'Boves' -> https://upload.wikimedia.org/wikipedia/commons/thumb/a/aa/Boves_ch%C3%A2teau_%28fouilles_-_visite_26_juillet_2008%29_1.jpg/500px-Boves_ch%C3%A2teau_%28fouilles_-_visite_26_juillet_2008%29_1.jpg
  [5087] 'Boyne Valley Blue' -> https://upload.wikimedia.org/wikipedia/commons/thumb/9/9e/Battle_of_the_Boyne_%28IA_battleofboyne00phil%29.pdf/page1-500px-Battle_of_the_Boyne_%28IA_battleofboyne00phil%29.pdf.jpg
  [5088] 'Bra' -> https://upload.wikimedia.org/wikipedia/commons/thumb/6/65/Bra_%28Lierneux%29_JPG01.jpg/500px-Bra_%28Lierneux%29_JPG01.jpg
  [commons.wikimedia.org] 429 intento 1, esperando 40s ...
  [5090] 'Bra duro' -> https://upload.wikimedia.org/wikipedia/commons/thumb/f/f9/Bra_Duro_cheese.jpg/500px-Bra_Duro_cheese.jpg
  [5091] 'Bra duro cheese' -> https://upload.wikimedia.org/wikipedia/commons/thumb/f/f9/Bra_Duro_cheese.jpg/500px-Bra_Duro_cheese.jpg
  [5092] 'Bra tenero' -> https://upload.wikimedia.org/wikipedia/commons/thumb/b/b3/Bra_tenero_chunk.jpg/500px-Bra_tenero_chunk.jpg
  [5093] 'Branzi' -> https://upload.wikimedia.org/wikipedia/commons/thumb/a/af/Branzi_panorama.jpg/500px-Branzi_panorama.jpg
  [5098] 'Brocciu' -> https://upload.wikimedia.org/wikipedia/commons/thumb/c/cb/Brocciu_passu.jpg/500px-Brocciu_passu.jpg
  [5099] 'Bros' -> https://upload.wikimedia.org/wikipedia/commons/thumb/5/51/Hogwart%E2%80%98s_Great_Hall%2C_Warner_Bros_Harry_Potter_Studios_01.jpg/500px-Hogwart%E2%80%98s_Great_Hall%2C_Warner_Bros_Harry_Potter_Studios_01.jpg
  [commons.wikimedia.org] 429 intento 1, esperando 40s ...
  [5103] 'Bruz' -> https://upload.wikimedia.org/wikipedia/commons/thumb/7/74/Bruz-place.jpg/500px-Bruz-place.jpg
  [5106] 'Bulgarian milk' -> https://upload.wikimedia.org/wikipedia/commons/thumb/9/91/Bulgarian_merchant_selling_milk%2C_1880.jpg/500px-Bulgarian_merchant_selling_milk%2C_1880.jpg
  [5107] 'Burrell' -> https://upload.wikimedia.org/wikipedia/commons/thumb/1/1e/Ty_Burrell_cropped.jpg/500px-Ty_Burrell_cropped.jpg
  [5108] 'Burren Gold' -> https://upload.wikimedia.org/wikipedia/commons/thumb/0/07/Gold%21_%28IA_gold01gers%29.pdf/page1-500px-Gold%21_%28IA_gold01gers%29.pdf.jpg
  [commons.wikimedia.org] 429 intento 1, esperando 37s ...
  [5110] 'Busche' -> https://upload.wikimedia.org/wikipedia/commons/thumb/3/33/H%C3%BCckeswagen-busche.jpg/500px-H%C3%BCckeswagen-busche.jpg
  [5112] 'Butterkäse' -> https://upload.wikimedia.org/wikipedia/commons/thumb/0/03/Bread_with_Butterk%C3%A4se.jpg/500px-Bread_with_Butterk%C3%A4se.jpg
  [5113] 'Cachat' -> https://upload.wikimedia.org/wikipedia/commons/thumb/b/b2/Cachat_proven%C3%A7al.jpg/500px-Cachat_proven%C3%A7al.jpg
  [commons.wikimedia.org] 429 intento 1, esperando 38s ...
  [5125] 'Caciocavallo di Ciminà' -> https://upload.wikimedia.org/wikipedia/commons/thumb/5/59/Caciocavallo_di_Cimin%C3%A0_%282020%29.jpg/500px-Caciocavallo_di_Cimin%C3%A0_%282020%29.jpg
  [5128] 'Caciocavallo podolico campano' -> https://upload.wikimedia.org/wikipedia/commons/thumb/a/aa/Caciocavallo_Pugliese.jpg/500px-Caciocavallo_Pugliese.jpg
  [commons.wikimedia.org] 429 intento 1, esperando 39s ...
  [5130] 'Caciocavallo pugliese' -> https://upload.wikimedia.org/wikipedia/commons/thumb/a/aa/Caciocavallo_Pugliese.jpg/500px-Caciocavallo_Pugliese.jpg
  [5131] 'Caciocavallo ragusano' -> https://upload.wikimedia.org/wikipedia/commons/thumb/9/92/Ragusano_Cheese.jpg/500px-Ragusano_Cheese.jpg
  [5132] 'Caciocavallo Silano' -> https://upload.wikimedia.org/wikipedia/commons/thumb/3/38/Natura_morta_autunnale_con_caciocavallo.jpg/500px-Natura_morta_autunnale_con_caciocavallo.jpg
  [5137] 'Cacioricotta' -> https://upload.wikimedia.org/wikipedia/commons/thumb/8/8f/Handmade_cacioricotta_cheeses_in_Puglia_%2829133420862%29.jpg/500px-Handmade_cacioricotta_cheeses_in_Puglia_%2829133420862%29.jpg
  [commons.wikimedia.org] 429 intento 1, esperando 40s ...
  [5143] 'Cacioricotta pugliese' -> https://upload.wikimedia.org/wikipedia/commons/thumb/4/42/Cacioricotta_pugliese.jpg/500px-Cacioricotta_pugliese.jpg
  [commons.wikimedia.org] 429 intento 1, esperando 40s ...
  [commons.wikimedia.org] 429 intento 1, esperando 39s ...
  [5169] 'Caciotta toscana' -> https://upload.wikimedia.org/wikipedia/commons/thumb/4/49/Caciotta_marchigiana_2.jpg/500px-Caciotta_marchigiana_2.jpg
  [commons.wikimedia.org] 429 intento 1, esperando 39s ...
  [5177] 'Cafone' -> https://upload.wikimedia.org/wikipedia/commons/thumb/6/66/Un_matrimonio_in_Basilicata_-_il_braccio_al_signore_il_core_al_cafone_LCCN2004669543.jpg/500px-Un_matrimonio_in_Basilicata_-_il_braccio_al_signore_il_core_al_cafone_LCCN2004669543.jpg
  [5179] "Cahill's Original Irish Porter Cheese" -> https://upload.wikimedia.org/wikipedia/commons/thumb/5/5d/Cahill%E2%80%99s_Irish_Porter_Cheddar.jpg/500px-Cahill%E2%80%99s_Irish_Porter_Cheddar.jpg
  [commons.wikimedia.org] 429 intento 1, esperando 39s ...
  [5182] 'Cais Rua' -> https://upload.wikimedia.org/wikipedia/commons/thumb/f/ff/Rua_Cais_Ribeira_%2817254364655%29.jpg/500px-Rua_Cais_Ribeira_%2817254364655%29.jpg
  [5183] 'Calcagno' -> https://upload.wikimedia.org/wikipedia/commons/thumb/e/ee/Arcivescovo_Domenico_Calcagno_%28cropped%29.jpg/500px-Arcivescovo_Domenico_Calcagno_%28cropped%29.jpg
  [5186] 'Camembert de Normandie' -> https://upload.wikimedia.org/wikipedia/commons/thumb/c/c2/Camembert_A.O.C..jpg/500px-Camembert_A.O.C..jpg
  [commons.wikimedia.org] 429 intento 1, esperando 37s ...
  [5195] 'Cansiglio' -> https://upload.wikimedia.org/wikipedia/commons/thumb/4/45/Cansiglio_with_clouds.jpg/500px-Cansiglio_with_clouds.jpg
  [5196] 'Cappello del Mago' -> https://upload.wikimedia.org/wikipedia/commons/thumb/8/81/De_Marchi_-_Il_cappello_del_prete%2C_1918.djvu/page1-500px-De_Marchi_-_Il_cappello_del_prete%2C_1918.djvu.jpg
  [5197] 'Capretta' -> https://upload.wikimedia.org/wikipedia/commons/thumb/3/39/Chiesa_della_Capretta_-_panoramio.jpg/500px-Chiesa_della_Capretta_-_panoramio.jpg
  [commons.wikimedia.org] 429 intento 1, esperando 38s ...
  [5208] 'Caprino della Limina' -> https://upload.wikimedia.org/wikipedia/commons/thumb/2/20/Caprino_della_Limina.jpg/500px-Caprino_della_Limina.jpg
  [commons.wikimedia.org] 429 intento 1, esperando 40s ...
  [5214] 'Caprino di malga delle Alpi Marittime' -> https://upload.wikimedia.org/wikipedia/commons/thumb/1/11/Tour_marittime_2011_094.jpg/500px-Tour_marittime_2011_094.jpg
  [5220] 'Caprino fresco' -> https://upload.wikimedia.org/wikipedia/commons/thumb/b/b3/Caprino.jpg/500px-Caprino.jpg
  [commons.wikimedia.org] 429 intento 1, esperando 40s ...
  [5221] 'Caprino fresco veneto' -> https://upload.wikimedia.org/wikipedia/commons/thumb/f/f9/Caprino_Veronese_-_Villa_Carlotti_-_Affreschi_del_portico.jpg/500px-Caprino_Veronese_-_Villa_Carlotti_-_Affreschi_del_portico.jpg
  [5223] 'Caprino lombardo' -> https://upload.wikimedia.org/wikipedia/commons/thumb/c/c7/Archivio_storico_lombardo_%28IA_archiviostoricol19sociuoft%29.pdf/page1-500px-Archivio_storico_lombardo_%28IA_archiviostoricol19sociuoft%29.pdf.jpg
  [5228] 'Caprino stagionato' -> https://upload.wikimedia.org/wikipedia/commons/thumb/b/b3/Caprino.jpg/500px-Caprino.jpg
  [5230] 'Caprino vaccino' -> https://upload.wikimedia.org/wikipedia/commons/thumb/5/53/Vita_ed_opere_del_grande_vaccinatore_italiano%2C_dottore_Luigi_Sacco%2C_e_sunto_storico_dello_innesto_del_vajuolo_umano%2C_del_vaccino_e_della_rivaccinazione_.._%28IA_39002086340859.med.yale.edu%29.pdf/page1-500px-thumbnail.pdf.jpg
  [5231] 'Caprino Valle' -> https://upload.wikimedia.org/wikipedia/commons/thumb/3/3a/La_Valle_Seriana.djvu/page1-500px-La_Valle_Seriana.djvu.jpg
  [commons.wikimedia.org] 429 intento 1, esperando 39s ...
  [5233] 'Capriola' -> https://upload.wikimedia.org/wikipedia/commons/thumb/f/ff/Sketch_of_capriola_cosmos_bipinnatus.jpg/500px-Sketch_of_capriola_cosmos_bipinnatus.jpg
  [5235] 'Carboncino' -> https://upload.wikimedia.org/wikipedia/commons/thumb/b/b4/%28Venice%29_Ritratto_del_Doge_Morosini_a_cavallo_-_Giovanni_Carboncino_-_Museo_Correr.jpg/500px-%28Venice%29_Ritratto_del_Doge_Morosini_a_cavallo_-_Giovanni_Carboncino_-_Museo_Correr.jpg
  [5236] 'Carletta' -> https://upload.wikimedia.org/wikipedia/commons/thumb/e/e4/US_Navy_080823-N-1508S-070_Air_Force_Tech._Sgt._Carletta_James_comforts_a_Nicaraguan_child.jpg/500px-US_Navy_080823-N-1508S-070_Air_Force_Tech._Sgt._Carletta_James_comforts_a_Nicaraguan_child.jpg
  [5237] 'Carlina' -> https://upload.wikimedia.org/wikipedia/commons/8/88/Carlina_vulgaris.jpg
  [5238] 'Carlow Cheese' -> https://upload.wikimedia.org/wikipedia/commons/thumb/4/49/A_list_of_the_cheese_factories%2C_creameries_and_condensed_milk_plants_in_Canada._%28IA_listofcheesefact31cana%29.pdf/page1-500px-A_list_of_the_cheese_factories%2C_creameries_and_condensed_milk_plants_in_Canada._%28IA_listofcheesefact31cana%29.pdf.jpg
  [5241] 'Carnia' -> https://upload.wikimedia.org/wikipedia/commons/d/d5/Carnia_-_Udine_Provincia.png
  [commons.wikimedia.org] 429 intento 1, esperando 39s ...
  [5242] 'Carrigaline' -> https://upload.wikimedia.org/wikipedia/commons/thumb/7/79/Carrigaline_-_Water_Park_Road.jpg/500px-Carrigaline_-_Water_Park_Road.jpg
  [5247] 'Casalina' -> https://upload.wikimedia.org/wikipedia/commons/thumb/e/e6/Casalina%2C_chiesa_di_San_Matteo_05.jpg/500px-Casalina%2C_chiesa_di_San_Matteo_05.jpg
  [commons.wikimedia.org] 429 intento 1, esperando 39s ...
  [5256] 'Casera' -> https://upload.wikimedia.org/wikipedia/commons/thumb/1/11/Casera_Valbinon.jpg/500px-Casera_Valbinon.jpg
  [5259] 'Casera uso monte' -> https://upload.wikimedia.org/wikipedia/commons/thumb/3/37/Cria_casera_de_gallinas_%28IA_criacaseradegall497unit%29.pdf/page1-500px-Cria_casera_de_gallinas_%28IA_criacaseradegall497unit%29.pdf.jpg
  [5260] 'Cashel Blue' -> https://upload.wikimedia.org/wikipedia/commons/thumb/5/5d/Cashel_Blue_Cheese.jpg/500px-Cashel_Blue_Cheese.jpg
  [commons.wikimedia.org] 429 intento 1, esperando 39s ...
  [5265] 'Casolet' -> https://upload.wikimedia.org/wikipedia/commons/a/a0/Casolet_della_valle_di_sole.jpeg
  [5268] 'Cassatella' -> https://upload.wikimedia.org/wikipedia/commons/thumb/c/c4/Cassatella_di_Agira.JPG/500px-Cassatella_di_Agira.JPG
  [5270] 'Castelmagno' -> https://upload.wikimedia.org/wikipedia/commons/thumb/e/e3/Castelmagno_with_truffle_honey.jpg/500px-Castelmagno_with_truffle_honey.jpg
  [5271] 'Castelrosso' -> https://upload.wikimedia.org/wikipedia/commons/thumb/d/d0/Parco_della_Rimembranza%2C_Castelrosso.jpg/500px-Parco_della_Rimembranza%2C_Castelrosso.jpg
  [commons.wikimedia.org] 429 intento 1, esperando 40s ...
  [5273] 'Casu becciu' -> https://upload.wikimedia.org/wikipedia/commons/thumb/3/36/Casu_Marzu_cheese.jpg/500px-Casu_Marzu_cheese.jpg
  [5274] 'Casu cundhídu' -> https://upload.wikimedia.org/wikipedia/commons/thumb/3/36/Casu_Marzu_cheese.jpg/500px-Casu_Marzu_cheese.jpg
  [5280] 'Cesio' -> https://upload.wikimedia.org/wikipedia/commons/thumb/3/33/Cesio-panorama.jpg/500px-Cesio-panorama.jpg
  [5281] 'Chabichou du Poitou' -> https://upload.wikimedia.org/wikipedia/commons/thumb/7/72/Chabichou.jpg/500px-Chabichou.jpg
  [commons.wikimedia.org] 429 intento 1, esperando 40s ...
  [5283] 'Chakka' -> https://upload.wikimedia.org/wikipedia/commons/thumb/c/cc/Chakka-chips.JPG/500px-Chakka-chips.JPG
  [5284] 'chal' -> https://upload.wikimedia.org/wikipedia/commons/thumb/e/e4/Chal_Rhodopen_PD_2011_13.jpg/500px-Chal_Rhodopen_PD_2011_13.jpg
  [5285] 'Chaource cheese' -> https://upload.wikimedia.org/wikipedia/commons/thumb/a/af/Chaource_cheese.jpg/500px-Chaource_cheese.jpg
  [5287] 'Charolais cheese' -> https://upload.wikimedia.org/wikipedia/commons/thumb/7/7f/Fromage_charolais.jpg/500px-Fromage_charolais.jpg
  [5288] 'Cherz' -> https://upload.wikimedia.org/wikipedia/commons/thumb/7/7a/Cherz_y_Pas_Ciaulong.jpg/500px-Cherz_y_Pas_Ciaulong.jpg
  [5289] 'Chevrotin' -> https://upload.wikimedia.org/wikipedia/commons/thumb/0/0a/Chevrotin_des_Aravis_%28avril_2021%29_-_2.jpg/500px-Chevrotin_des_Aravis_%28avril_2021%29_-_2.jpg
  [5291] 'Churpi' -> https://upload.wikimedia.org/wikipedia/commons/thumb/8/8f/Churpi_Ilam.JPG/500px-Churpi_Ilam.JPG
  [commons.wikimedia.org] 429 intento 1, esperando 39s ...
  [5293] 'Cimbro' -> https://upload.wikimedia.org/wikipedia/commons/thumb/8/81/Vergiate_-_frazione_Cimbro_-_chiesa_di_San_Martino.jpg/500px-Vergiate_-_frazione_Cimbro_-_chiesa_di_San_Martino.jpg
  [5298] 'Coleraine cheddar' -> https://upload.wikimedia.org/wikipedia/commons/4/42/Coleraine_Cheddar.jpg
  [5299] 'Comelico' -> https://upload.wikimedia.org/wikipedia/commons/thumb/7/71/Wv_Comelico_banner.jpg/500px-Wv_Comelico_banner.jpg
  [5301] 'Contrin' -> https://upload.wikimedia.org/wikipedia/commons/thumb/8/88/Rifugio_Contrin_-_panoramio.jpg/500px-Rifugio_Contrin_-_panoramio.jpg
  [commons.wikimedia.org] 429 intento 1, esperando 39s ...
  [5303] 'Coolea Cheese' -> https://upload.wikimedia.org/wikipedia/commons/thumb/e/eb/Coolea_Cheese.jpg/500px-Coolea_Cheese.jpg
  [5308] "Costa d'Oro" -> https://upload.wikimedia.org/wikipedia/commons/thumb/2/21/Lamberto_Dalla_Costa_1956.jpg/500px-Lamberto_Dalla_Costa_1956.jpg
  [5310] 'Creeny' -> https://upload.wikimedia.org/wikipedia/commons/thumb/3/3e/Creeny%2C_Belturbet_-_geograph.org.uk_-_1865254.jpg/500px-Creeny%2C_Belturbet_-_geograph.org.uk_-_1865254.jpg
  [5312] 'Crema del Friuli' -> https://upload.wikimedia.org/wikipedia/commons/thumb/f/f3/La_Patria_del_Friuli_1904-02-13_%28IA_LaPatriadelFriuli1904-044%29.pdf/page1-500px-La_Patria_del_Friuli_1904-02-13_%28IA_LaPatriadelFriuli1904-044%29.pdf.jpg
  [commons.wikimedia.org] 429 intento 1, esperando 38s ...
  [5315] 'Crescenza' -> https://upload.wikimedia.org/wikipedia/commons/thumb/6/65/View_of_La_Crescenza_MET_DT1579.jpg/500px-View_of_La_Crescenza_MET_DT1579.jpg
  [5316] 'Croghan' -> https://upload.wikimedia.org/wikipedia/commons/thumb/7/7d/Croghan%2C_Co._Roscommon_-_geograph.org.uk_-_907412.jpg/500px-Croghan%2C_Co._Roscommon_-_geograph.org.uk_-_907412.jpg
  [5317] 'Crottin de Chavignol' -> https://upload.wikimedia.org/wikipedia/commons/thumb/2/27/Crottin_de_Chavignol.jpg/500px-Crottin_de_Chavignol.jpg
  [5319] 'Crozier Blue' -> https://upload.wikimedia.org/wikipedia/commons/thumb/5/5d/Cashel_Blue_Cheese.jpg/500px-Cashel_Blue_Cheese.jpg
  [commons.wikimedia.org] 429 intento 1, esperando 38s ...
  [5324] 'Cuor di Neve' -> https://upload.wikimedia.org/wikipedia/commons/thumb/4/41/Trattato_della_neve_e_del_bere_fresco.djvu/page1-500px-Trattato_della_neve_e_del_bere_fresco.djvu.jpg
  [5325] 'Cuor di Valle' -> https://upload.wikimedia.org/wikipedia/commons/thumb/c/c1/Della_Valle%2C_Federico_%E2%80%93_Tragedie%2C_1939_%E2%80%93_BEIC_1811467.pdf/page1-500px-Della_Valle%2C_Federico_%E2%80%93_Tragedie%2C_1939_%E2%80%93_BEIC_1811467.pdf.jpg
  [5328] "D'ora ligure" -> https://upload.wikimedia.org/wikipedia/commons/thumb/1/1f/Di_una_nuova_particolarit%C3%A0_nella_tecnica_dell%27anestesia_locale_cocainica_-_comunicazione_fatta_al_2.%E2%81%B0_Congresso_Medico_Regionale_Ligure_in_S._Remo%2C_aprile_1896_%28IA_b2233550x%29.pdf/page1-500px-thumbnail.pdf.jpg
  [5330] 'Degli Albanesi' -> https://upload.wikimedia.org/wikipedia/commons/thumb/4/4c/Scola_degli_Albanesi_facciata_Venezia.jpg/500px-Scola_degli_Albanesi_facciata_Venezia.jpg
  [5331] 'Del Colle' -> https://upload.wikimedia.org/wikipedia/commons/thumb/c/cb/Municipio_di_Gioia_del_Colle.png/500px-Municipio_di_Gioia_del_Colle.png
  [5332] 'Delizia del Colle' -> https://upload.wikimedia.org/wikipedia/commons/thumb/3/32/Collezione_di_tutte_le_opere_teatrali_del_signor_Camillo_Federici_-_coll%27_aggiunta_di_alcune_non_ancora_pubblicate_colle_stampe_%28IA_collezioneditutt14fede%29.pdf/page1-500px-Collezione_di_tutte_le_opere_teatrali_del_signor_Camillo_Federici_-_coll%27_aggiunta_di_alcune_non_ancora_pubblicate_colle_stampe_%28IA_collezioneditutt14fede%29.pdf.jpg
  [commons.wikimedia.org] 429 intento 1, esperando 37s ...
  [5333] 'Desmond' -> https://upload.wikimedia.org/wikipedia/commons/thumb/2/2a/Desmond_Nkomo.jpg/500px-Desmond_Nkomo.jpg
  [5334] 'Devero' -> https://upload.wikimedia.org/wikipedia/commons/thumb/5/57/Alpe_Devero-panorama.jpg/500px-Alpe_Devero-panorama.jpg
  [5335] 'Dobbiaco' -> https://upload.wikimedia.org/wikipedia/commons/thumb/f/f4/Dobbiaco.JPG/500px-Dobbiaco.JPG
  [5337] 'Dolce sardo' -> https://upload.wikimedia.org/wikipedia/commons/thumb/3/37/Pasticceria_Dolce_%26_Salato_Riola_Sardo.jpg/500px-Pasticceria_Dolce_%26_Salato_Riola_Sardo.jpg
  [5340] 'Dolomiti' -> https://upload.wikimedia.org/wikipedia/commons/thumb/0/01/Rose_Dolomiti_Rosarium_Uhrerhof_D%C3%ABur.JPG/500px-Rose_Dolomiti_Rosarium_Uhrerhof_D%C3%ABur.JPG
  [5341] 'Doolin' -> https://upload.wikimedia.org/wikipedia/commons/thumb/8/85/S%C3%BCdwestansicht-Doolin-Irland.JPG/500px-S%C3%BCdwestansicht-Doolin-Irland.JPG
  [commons.wikimedia.org] 429 intento 1, esperando 39s ...
  [5343] 'Drumlin' -> https://upload.wikimedia.org/wikipedia/commons/thumb/c/cb/Drumlin-on-Waterville-Plateau.JPG/500px-Drumlin-on-Waterville-Plateau.JPG
  [5344] 'Dubliner' -> https://upload.wikimedia.org/wikipedia/commons/thumb/4/41/Wedding_Dubliner_Stra%C3%9Fe-1.jpg/500px-Wedding_Dubliner_Stra%C3%9Fe-1.jpg
  [5346] 'Duhallow' -> https://upload.wikimedia.org/wikipedia/commons/thumb/7/72/Duhallow_Commonwealth_War_Graves_Commission_Cemetery_Redvers.jpg/500px-Duhallow_Commonwealth_War_Graves_Commission_Cemetery_Redvers.jpg
  [5348] 'Durrus Cheese' -> https://upload.wikimedia.org/wikipedia/commons/thumb/9/9b/Durrus_Cheese_company_headquarters_-_geograph.org.uk_-_4319846.jpg/500px-Durrus_Cheese_company_headquarters_-_geograph.org.uk_-_4319846.jpg
  [5349] 'Emerald' -> https://upload.wikimedia.org/wikipedia/commons/thumb/a/a6/Emerald_cut.png/500px-Emerald_cut.png
  [5350] 'Emerald Irish Brie' -> https://upload.wikimedia.org/wikipedia/commons/thumb/4/4c/The_Historic_literature_of_Ireland_-_an_essay_on_the_publications_of_the_Irish_Archaeological_Society%2C_founded_A.D._1840%2C_for_the_printing_of_the_genealogical%2C_ecclesiastical%2C_bardic_%28IA_historicliteratu00gilb%29.pdf/page1-500px-thumbnail.pdf.jpg
  [5351] 'Époisses' -> https://upload.wikimedia.org/wikipedia/commons/thumb/6/67/%C3%89poisses_closeup.jpg/500px-%C3%89poisses_closeup.jpg
  [commons.wikimedia.org] 429 intento 1, esperando 39s ...
  [5353] 'Erborinato di capra' -> https://upload.wikimedia.org/wikipedia/commons/thumb/c/cf/Formaggio_erborinato_di_capra.jpg/500px-Formaggio_erborinato_di_capra.jpg
  [5355] 'Ericino' -> https://upload.wikimedia.org/wikipedia/commons/thumb/d/d7/Agro_ericino.jpg/500px-Agro_ericino.jpg
  [5359] 'Farci-Provola' -> https://upload.wikimedia.org/wikipedia/commons/thumb/3/3b/Provola_delle_Moddonie1.jpg/500px-Provola_delle_Moddonie1.jpg
  [5361] 'Fior' -> https://upload.wikimedia.org/wikipedia/commons/thumb/a/a9/San_Fior_-_Chiesa_di_San_Giovanni_Battista.jpg/500px-San_Fior_-_Chiesa_di_San_Giovanni_Battista.jpg
  [5362] 'Fior di campo' -> https://upload.wikimedia.org/wikipedia/commons/thumb/b/b3/Top_of_Campo_dei_Fiori.JPG/500px-Top_of_Campo_dei_Fiori.JPG
  [commons.wikimedia.org] 429 intento 1, esperando 40s ...
  [5363] 'Fior di latte' -> https://upload.wikimedia.org/wikipedia/commons/thumb/c/c8/Fior_di_Sardegna.djvu/page1-500px-Fior_di_Sardegna.djvu.jpg
  [5365] 'Fior di monte' -> https://upload.wikimedia.org/wikipedia/commons/thumb/c/c8/Fior_di_Sardegna.djvu/page1-500px-Fior_di_Sardegna.djvu.jpg
  [5367] 'Fiore sardo' -> https://upload.wikimedia.org/wikipedia/commons/thumb/2/2b/Pecorino_Sardo_Cheese.jpg/500px-Pecorino_Sardo_Cheese.jpg
  [5372] 'Fontal' -> https://upload.wikimedia.org/wikipedia/commons/thumb/e/ed/Fontal_kaas.JPG/500px-Fontal_kaas.JPG
  [commons.wikimedia.org] 429 intento 1, esperando 39s ...
  [5373] 'Fontal Fiavè' -> https://upload.wikimedia.org/wikipedia/commons/thumb/5/5a/Fiav%C3%A9%2C_chiesa_dell%27Immacolata_e_dei_Santi_Fabiano_e_Sebastiano_-_Fonte_battesimale.jpg/500px-Fiav%C3%A9%2C_chiesa_dell%27Immacolata_e_dei_Santi_Fabiano_e_Sebastiano_-_Fonte_battesimale.jpg
  [5374] 'Fontina' -> https://upload.wikimedia.org/wikipedia/commons/thumb/d/d0/Fontina_PDO.jpg/500px-Fontina_PDO.jpg
  [commons.wikimedia.org] 429 intento 1, esperando 39s ...
  [5390] 'Formaggetta di Bonassola' -> https://upload.wikimedia.org/wikipedia/commons/thumb/5/50/Bonassola_-_municipio.jpg/500px-Bonassola_-_municipio.jpg
  [commons.wikimedia.org] 429 intento 1, esperando 40s ...
  [5397] 'Formaggio Alta Pusteria' -> https://upload.wikimedia.org/wikipedia/commons/a/a2/Hochpustertaler_-_formaggio_alta_Pusteria.jpg
  [5398] 'Formaggio Bastardo del Grappa' -> https://upload.wikimedia.org/wikipedia/commons/thumb/9/99/Bastardo_del_Grappa.jpg/500px-Bastardo_del_Grappa.jpg
  [commons.wikimedia.org] 429 intento 1, esperando 39s ...
  [5409] 'Formaggio del monte' -> https://upload.wikimedia.org/wikipedia/commons/thumb/6/65/Polenta_%22uncia%22_servita_al_rifugio_del_Monte_Palanzone_%22Rifugio_Riella%22_%28Como%29_-_08-11-2015.JPG/500px-Polenta_%22uncia%22_servita_al_rifugio_del_Monte_Palanzone_%22Rifugio_Riella%22_%28Como%29_-_08-11-2015.JPG
  [commons.wikimedia.org] 429 intento 1, esperando 39s ...
  [5414] 'Formaggio di Fossa' -> https://upload.wikimedia.org/wikipedia/commons/thumb/9/99/La_Fossa.jpg/500px-La_Fossa.jpg
  [5415] 'Formaggio di Fossa di Sogliano' -> https://upload.wikimedia.org/wikipedia/commons/thumb/9/99/La_Fossa.jpg/500px-La_Fossa.jpg
  [5418] 'Formaggio di montagna' -> https://upload.wikimedia.org/wikipedia/commons/thumb/4/4c/Deledda_-_Il_vecchio_della_montagna%2C_1920.djvu/page1-500px-Deledda_-_Il_vecchio_della_montagna%2C_1920.djvu.jpg
  [5419] 'Formaggio di montagna di Sesto' -> https://upload.wikimedia.org/wikipedia/commons/thumb/4/4c/Deledda_-_Il_vecchio_della_montagna%2C_1920.djvu/page1-500px-Deledda_-_Il_vecchio_della_montagna%2C_1920.djvu.jpg
  [5420] 'Formaggio di montagna friulano' -> https://upload.wikimedia.org/wikipedia/commons/thumb/f/f2/Montagna_di_mille_colori%2C_Pro_Loco_Cellina_Meduna%2C_Barcis%2C_2015.djvu/page1-500px-Montagna_di_mille_colori%2C_Pro_Loco_Cellina_Meduna%2C_Barcis%2C_2015.djvu.jpg
  [commons.wikimedia.org] 429 intento 1, esperando 39s ...
  [5423] 'Formaggio marcio or casu marzu' -> https://upload.wikimedia.org/wikipedia/commons/thumb/3/36/Casu_Marzu_cheese.jpg/500px-Casu_Marzu_cheese.jpg
  [5425] 'Formaggio Piave' -> https://upload.wikimedia.org/wikipedia/commons/thumb/8/8d/Piave-Vecchio-Piece.jpg/500px-Piave-Vecchio-Piece.jpg
  [5426] 'Formaggio pressato' -> https://upload.wikimedia.org/wikipedia/commons/thumb/6/69/Formaggio_Asiago_Dop.jpg/500px-Formaggio_Asiago_Dop.jpg
  [commons.wikimedia.org] 429 intento 1, esperando 38s ...
  [5438] "Formatge de l'Alt Urgell i la Cerdanya" -> https://upload.wikimedia.org/wikipedia/commons/7/76/DOP_Formatge_de_l%27Alt_Urgell_i_la_Cerdanya_logitip.jpg
  [5440] 'Formatge de Maó' -> https://upload.wikimedia.org/wikipedia/commons/thumb/8/8a/Formatge_Ma%C3%B3_artes%C3%A0.jpg/500px-Formatge_Ma%C3%B3_artes%C3%A0.jpg
  [5441] 'Formatge Mallorquí' -> https://upload.wikimedia.org/wikipedia/commons/thumb/7/7f/Formatge_de_Mallorca.jpg/500px-Formatge_de_Mallorca.jpg
  [5442] 'Formazza' -> https://upload.wikimedia.org/wikipedia/commons/thumb/a/a1/Formazza_Ponte.jpg/500px-Formazza_Ponte.jpg
  [commons.wikimedia.org] 429 intento 1, esperando 40s ...
  [5443] 'Formella del Friuli' -> https://upload.wikimedia.org/wikipedia/commons/thumb/c/c8/Il_Friuli_giornale_politico-amministrativo-letterario-commerciale_n._159_%281896%29_%28IA_IlFriuli-159_1896%29.pdf/page1-500px-Il_Friuli_giornale_politico-amministrativo-letterario-commerciale_n._159_%281896%29_%28IA_IlFriuli-159_1896%29.pdf.jpg
  [5444] "Fourme d'Ambert" -> https://upload.wikimedia.org/wikipedia/commons/thumb/d/d8/Fourme_d%27Ambert_entam%C3%A9e.jpg/500px-Fourme_d%27Ambert_entam%C3%A9e.jpg
  [5445] 'Frachet' -> https://upload.wikimedia.org/wikipedia/commons/thumb/e/ea/Impasse_Frachet_-_M%C3%A2con_%28FR71%29_-_2023-07-19_-_1.jpg/500px-Impasse_Frachet_-_M%C3%A2con_%28FR71%29_-_2023-07-19_-_1.jpg
  [5451] 'Gabriel' -> https://upload.wikimedia.org/wikipedia/commons/thumb/d/da/Gabriel_Vasconcelos_Ferreira.jpg/500px-Gabriel_Vasconcelos_Ferreira.jpg
  [5452] 'Garda Tremosine' -> https://upload.wikimedia.org/wikipedia/commons/thumb/e/ed/Lago_di_Garda_Tremosine_001.JPG/500px-Lago_di_Garda_Tremosine_001.JPG
  [commons.wikimedia.org] 429 intento 1, esperando 39s ...
  [5454] 'Giganti' -> https://upload.wikimedia.org/wikipedia/commons/thumb/2/2d/Tomba_dei_giganti_osono_triei.jpg/500px-Tomba_dei_giganti_osono_triei.jpg
  [5458] 'Gioda' -> https://upload.wikimedia.org/wikipedia/commons/thumb/5/54/Gioda_-_Il_baco_da_seta%2C1926.djvu/page1-500px-Gioda_-_Il_baco_da_seta%2C1926.djvu.jpg
  [5462] 'Gleann Oir' -> https://upload.wikimedia.org/wikipedia/commons/thumb/d/dd/Boggy_ground_in_Gleann_Grunndail_-_geograph.org.uk_-_449244.jpg/500px-Boggy_ground_in_Gleann_Grunndail_-_geograph.org.uk_-_449244.jpg
  [5463] 'Glebe Brethan' -> https://upload.wikimedia.org/wikipedia/commons/thumb/4/44/Glebe_Brethan.JPG/500px-Glebe_Brethan.JPG
  [commons.wikimedia.org] 429 intento 1, esperando 38s ...
  [5468] 'Gorgonzola con la coda' -> https://upload.wikimedia.org/wikipedia/commons/thumb/4/4b/Melzo_e_Gorgonzola_e_loro_dintorni_-_studi_storici_con_documenti_e_note_%28IA_melzoegorgonzola00muon_0%29.pdf/page1-500px-Melzo_e_Gorgonzola_e_loro_dintorni_-_studi_storici_con_documenti_e_note_%28IA_melzoegorgonzola00muon_0%29.pdf.jpg
  [5470] 'Gortnamona' -> https://upload.wikimedia.org/wikipedia/commons/thumb/b/b5/Road_at_Gortnamona_-_geograph.org.uk_-_953500.jpg/500px-Road_at_Gortnamona_-_geograph.org.uk_-_953500.jpg
  [5473] 'Grana Trentino' -> https://upload.wikimedia.org/wikipedia/commons/thumb/f/fa/Cima_busa_grana_-_panoramio.jpg/500px-Cima_busa_grana_-_panoramio.jpg
  [commons.wikimedia.org] 429 intento 1, esperando 38s ...
  [5476] 'Grappino' -> https://upload.wikimedia.org/wikipedia/commons/c/c6/Grappino_-_Museo_scienza_tecnologia_Milano_D1018.jpg
  [5478] 'Graukäse' -> https://upload.wikimedia.org/wikipedia/commons/thumb/5/53/Grauk%C3%A4se.JPG/500px-Grauk%C3%A4se.JPG
  [commons.wikimedia.org] 429 intento 1, esperando 39s ...
  [5485] 'Hibernia' -> https://upload.wikimedia.org/wikipedia/commons/f/f2/Hibernia_%28Cunard%29.jpg
  [5489] 'Ircano' -> https://upload.wikimedia.org/wikipedia/commons/thumb/2/2a/Rosmene_e_Ircano_-_tragedia_di_lieto_fine_%28IA_rosmeneeircanotr00rast%29.pdf/page1-500px-Rosmene_e_Ircano_-_tragedia_di_lieto_fine_%28IA_rosmeneeircanotr00rast%29.pdf.jpg
  [5490] 'Italico' -> https://upload.wikimedia.org/wikipedia/commons/thumb/f/fe/Foro_Italico_2012_-_panoramio.jpg/500px-Foro_Italico_2012_-_panoramio.jpg
  [5492] 'Jamid' -> https://upload.wikimedia.org/wikipedia/commons/thumb/f/fe/20130316_Nyjer_Jamid_Morgan%2C_outfielder_of_the_Yokohama_DeNA_BayStars%2C_at_Yokohama_Stadium.JPG/500px-20130316_Nyjer_Jamid_Morgan%2C_outfielder_of_the_Yokohama_DeNA_BayStars%2C_at_Yokohama_Stadium.JPG
  [commons.wikimedia.org] 429 intento 1, esperando 40s ...
  [5494] 'Jub-jub' -> https://upload.wikimedia.org/wikipedia/commons/thumb/4/41/Jub_M%C3%B6nster.jpg/500px-Jub_M%C3%B6nster.jpg
  [5496] 'Kerry Blue' -> https://upload.wikimedia.org/wikipedia/commons/thumb/f/f4/Kerry_Blue_Terrier.jpg/500px-Kerry_Blue_Terrier.jpg
  [5498] 'Kilcummin' -> https://upload.wikimedia.org/wikipedia/commons/thumb/e/ea/Kilcummin_0253.jpg/500px-Kilcummin_0253.jpg
  [commons.wikimedia.org] 429 intento 1, esperando 38s ...
  [commons.wikimedia.org] 429 intento 1, esperando 40s ...
  [5514] 'Krut' -> https://upload.wikimedia.org/wikipedia/commons/c/c1/Maryna_Krut_interview_2020.jpg
  [5517] 'Lagrein' -> https://upload.wikimedia.org/wikipedia/commons/thumb/2/2d/Lagrein_leaf_with_nutrient_deficiency_at_Gisborne_Peak.jpg/500px-Lagrein_leaf_with_nutrient_deficiency_at_Gisborne_Peak.jpg
  [5519] 'latte acido' -> https://upload.wikimedia.org/wikipedia/commons/thumb/a/a6/Latte_025.jpg/500px-Latte_025.jpg
  [5523] 'Lavistown' -> https://upload.wikimedia.org/wikipedia/commons/d/d7/Lavistown_Limekiln_-_geograph.org.uk_-_513044.jpg
  [commons.wikimedia.org] 429 intento 1, esperando 39s ...
  [5524] 'leche agria (soured milk)' -> https://upload.wikimedia.org/wikipedia/commons/thumb/7/7e/Milk_zsiadle.jpg/500px-Milk_zsiadle.jpg
  [5526] 'Livarot' -> https://upload.wikimedia.org/wikipedia/commons/0/09/Livarot.gif
  [5530] 'Mâconnais' -> https://upload.wikimedia.org/wikipedia/commons/thumb/8/82/Wikicheese_-_M%C3%A2connais_-_20150417_-_006.jpg/500px-Wikicheese_-_M%C3%A2connais_-_20150417_-_006.jpg
  [5531] 'Madonie Provola' -> https://upload.wikimedia.org/wikipedia/commons/thumb/3/3b/Provola_delle_Moddonie1.jpg/500px-Provola_delle_Moddonie1.jpg
  [5532] 'Maggot cheese' -> https://upload.wikimedia.org/wikipedia/commons/thumb/3/36/Casu_Marzu_cheese.jpg/500px-Casu_Marzu_cheese.jpg
  [commons.wikimedia.org] 429 intento 1, esperando 39s ...
  [5536] 'Maighean' -> https://upload.wikimedia.org/wikipedia/commons/thumb/7/7c/Maighean_R%C3%A1tha_%28Mountrath%29_-_geograph.org.uk_-_1254122.jpg/500px-Maighean_R%C3%A1tha_%28Mountrath%29_-_geograph.org.uk_-_1254122.jpg
  [5538] 'Maiorchino' -> https://upload.wikimedia.org/wikipedia/commons/thumb/f/f0/Artista_maiorchino%2C_forse_martin_torner%2C_retablo_di_n.s._del_regno%2C_1515%2C_01.JPG/500px-Artista_maiorchino%2C_forse_martin_torner%2C_retablo_di_n.s._del_regno%2C_1515%2C_01.JPG
  [5539] 'Maiorchino di Novara di Sicilia' -> https://upload.wikimedia.org/wikipedia/commons/thumb/9/96/Maiorchino%2C_novara_di_sicilia.JPG/500px-Maiorchino%2C_novara_di_sicilia.JPG
  [5540] 'Malga' -> https://upload.wikimedia.org/wikipedia/commons/thumb/8/84/Gruppo_del_Brenta_-_Malga_di_Andalo.jpg/500px-Gruppo_del_Brenta_-_Malga_di_Andalo.jpg
  [5543] 'Malga Fane' -> https://upload.wikimedia.org/wikipedia/commons/thumb/5/5d/Fane_Alm.JPG/500px-Fane_Alm.JPG
  [commons.wikimedia.org] 429 intento 1, esperando 38s ...
  [5546] 'Malga Stelvio' -> https://upload.wikimedia.org/wikipedia/commons/thumb/b/be/Bergtocht_van_parkeerplaats_bij_centrale_Malga_Mare_naar_Lago_Lungo._Uitzicht_op_Monte_Cevedale_07.jpg/500px-Bergtocht_van_parkeerplaats_bij_centrale_Malga_Mare_naar_Lago_Lungo._Uitzicht_op_Monte_Cevedale_07.jpg
  [5547] 'Manteca' -> https://upload.wikimedia.org/wikipedia/commons/thumb/0/02/Applebee%27s_Manteca%2C_California.jpg/500px-Applebee%27s_Manteca%2C_California.jpg
  [5549] 'Maroilles' -> https://upload.wikimedia.org/wikipedia/commons/thumb/e/e8/Jielbeaumadier_chicon_au_jambon_maroilles_2010.jpg/500px-Jielbeaumadier_chicon_au_jambon_maroilles_2010.jpg
  [5550] 'Marzolino del Chianti' -> https://upload.wikimedia.org/wikipedia/commons/thumb/a/a5/Compendio_storico-politico-religioso_della_Castellina_nel_Chianti_di_Toscana_%28IA_compendiostoric0biad%29.pdf/page1-500px-Compendio_storico-politico-religioso_della_Castellina_nel_Chianti_di_Toscana_%28IA_compendiostoric0biad%29.pdf.jpg
  [commons.wikimedia.org] 429 intento 1, esperando 40s ...
  [5556] 'Mastela' -> https://upload.wikimedia.org/wikipedia/commons/thumb/4/4d/Mastela_Custon_in_Pinia_%28Holy_Saturday_of_Easter%29_Corfu.jpg/500px-Mastela_Custon_in_Pinia_%28Holy_Saturday_of_Easter%29_Corfu.jpg
  [5557] 'Mató' -> https://upload.wikimedia.org/wikipedia/commons/thumb/4/4b/Flam_de_mat%C3%B3_2012.jpg/500px-Flam_de_mat%C3%B3_2012.jpg
  [commons.wikimedia.org] 429 intento 1, esperando 40s ...
  [5565] 'Mishti doi' -> https://upload.wikimedia.org/wikipedia/commons/thumb/3/34/Mishti_Doi.jpg/500px-Mishti_Doi.jpg
  [5571] 'Moncenisio' -> https://upload.wikimedia.org/wikipedia/commons/thumb/e/e8/Moncenisio_Paese.JPG/500px-Moncenisio_Paese.JPG
  [5572] 'Mont Blanc' -> https://upload.wikimedia.org/wikipedia/commons/thumb/3/39/Mont_Blanc_and_Dome_du_Gouter.jpg/500px-Mont_Blanc_and_Dome_du_Gouter.jpg
  [5573] "Mont d'Or" -> https://upload.wikimedia.org/wikipedia/commons/thumb/d/d0/Mont-d%27Or.jpg/500px-Mont-d%27Or.jpg
  [commons.wikimedia.org] 429 intento 1, esperando 39s ...
  [5574] 'Montagna' -> https://upload.wikimedia.org/wikipedia/commons/thumb/8/8a/Bartolomeo_Montagna_-_Palazzo_Thiene.jpg/500px-Bartolomeo_Montagna_-_Palazzo_Thiene.jpg
  [5575] 'Montanello' -> https://upload.wikimedia.org/wikipedia/commons/thumb/c/c7/Montanello%2C_Matthew_Lucinn_%22Matteo%22_-_Italy_-_DPLA_-_bf3c9ebfb7b7b611e106be7813deb3b4.jpg/500px-Montanello%2C_Matthew_Lucinn_%22Matteo%22_-_Italy_-_DPLA_-_bf3c9ebfb7b7b611e106be7813deb3b4.jpg
  [5576] 'Monte delle Dolomiti' -> https://upload.wikimedia.org/wikipedia/commons/thumb/0/00/Parco_nazionale_delle_Dolomiti_bellunesi%2C_Monte_Talvena.jpg/500px-Parco_nazionale_delle_Dolomiti_bellunesi%2C_Monte_Talvena.jpg
  [5577] 'Monte Veronese' -> https://upload.wikimedia.org/wikipedia/commons/thumb/e/ea/Formaggio_Monte_Veronese.jpg/500px-Formaggio_Monte_Veronese.jpg
  [5583] 'Morbier' -> https://upload.wikimedia.org/wikipedia/commons/thumb/9/90/Morbier_cheese_two_views.jpg/500px-Morbier_cheese_two_views.jpg
  [commons.wikimedia.org] 429 intento 1, esperando 37s ...
  [5584] 'Morello' -> https://upload.wikimedia.org/wikipedia/commons/c/c2/Tom_morello.jpg
  [5586] 'Morlacco' -> https://upload.wikimedia.org/wikipedia/commons/thumb/f/f8/Morlacco_del_Montegrappa.jpg/500px-Morlacco_del_Montegrappa.jpg
  [5587] 'Mortaràt' -> https://upload.wikimedia.org/wikipedia/commons/thumb/c/cd/The_Method_of_Making_the_Best_Mortar_at_Madrass_in_East_India%3B_Described_in_a_Letter_from_the_Honourable_Isaac_Pyke%2C_Esq_%28IA_jstor-104093%29.pdf/page1-500px-The_Method_of_Making_the_Best_Mortar_at_Madrass_in_East_India%3B_Described_in_a_Letter_from_the_Honourable_Isaac_Pyke%2C_Esq_%28IA_jstor-104093%29.pdf.jpg
  [5589] 'Mortrett (Murtret)' -> https://upload.wikimedia.org/wikipedia/commons/thumb/7/76/Murtret_PAT_Piemonte.JPG/500px-Murtret_PAT_Piemonte.JPG
  [5590] 'Mossfield' -> https://upload.wikimedia.org/wikipedia/commons/thumb/b/b6/Mossfield_-_geograph.org.uk_-_1061386.jpg/500px-Mossfield_-_geograph.org.uk_-_1061386.jpg
  [5592] 'Mossfield Mature' -> https://upload.wikimedia.org/wikipedia/commons/thumb/b/b2/Mossfield_Mature.JPG/500px-Mossfield_Mature.JPG
  [5593] 'Motelì' -> https://upload.wikimedia.org/wikipedia/commons/thumb/b/b3/London_Lodge_Motel%2C_New_Orleans%2C_February_2021.tif/lossy-page1-500px-London_Lodge_Motel%2C_New_Orleans%2C_February_2021.tif.jpg
  [commons.wikimedia.org] 429 intento 1, esperando 40s ...
  [5594] 'Motta' -> https://upload.wikimedia.org/wikipedia/commons/thumb/4/47/I-AT-Motta.JPG/500px-I-AT-Motta.JPG
  [5596] 'Mottolino' -> https://upload.wikimedia.org/wikipedia/commons/thumb/d/df/Night_in_Mottolino_%2813334741063%29.jpg/500px-Night_in_Mottolino_%2813334741063%29.jpg
  [5598] 'Mozzarella' -> https://upload.wikimedia.org/wikipedia/commons/thumb/5/50/Mozzarella_cheese.jpg/500px-Mozzarella_cheese.jpg
  [5599] 'Mozzarella di bufala' -> https://upload.wikimedia.org/wikipedia/commons/thumb/b/b2/Buffalo_Mozzarella.jpg/500px-Buffalo_Mozzarella.jpg
  [5600] 'Mozzarella di bufala campana' -> https://upload.wikimedia.org/wikipedia/commons/thumb/b/b2/Buffalo_Mozzarella.jpg/500px-Buffalo_Mozzarella.jpg
  [commons.wikimedia.org] 429 intento 1, esperando 39s ...
  [5605] 'natural Goats Log' -> https://upload.wikimedia.org/wikipedia/commons/thumb/2/23/Journal_of_the_Bombay_Natural_History_Society_%28IA_journalofbombay961999bomb%29.pdf/page1-500px-Journal_of_the_Bombay_Natural_History_Society_%28IA_journalofbombay961999bomb%29.pdf.jpg
  [5606] 'Neufchâtel' -> https://upload.wikimedia.org/wikipedia/commons/thumb/f/f0/Neufch%C3%A2tel-en-Bray_campagne_environnante_1.jpg/500px-Neufch%C3%A2tel-en-Bray_campagne_environnante_1.jpg
  [5607] 'Nevegal' -> https://upload.wikimedia.org/wikipedia/commons/thumb/9/92/Nevegal%2C_Italy_%28Unsplash%29.jpg/500px-Nevegal%2C_Italy_%28Unsplash%29.jpg
  [5608] 'Nis' -> https://upload.wikimedia.org/wikipedia/commons/thumb/7/7d/Nis_Srbija_Centar.jpg/500px-Nis_Srbija_Centar.jpg
  [5611] 'Nostrano' -> https://upload.wikimedia.org/wikipedia/commons/thumb/c/c5/Nostrano_Valtrompia_3.jpg/500px-Nostrano_Valtrompia_3.jpg
  [commons.wikimedia.org] 429 intento 1, esperando 39s ...
  [5615] 'Nostrano della Val di Fassa' -> https://upload.wikimedia.org/wikipedia/commons/thumb/f/fa/Il_Paese_-_organo_della_Democrazia_friulana_n._142_%281908%29_%28IA_IlPaese-142-1908%29.pdf/page1-500px-Il_Paese_-_organo_della_Democrazia_friulana_n._142_%281908%29_%28IA_IlPaese-142-1908%29.pdf.jpg
  [commons.wikimedia.org] 429 intento 1, esperando 39s ...
  [5627] 'Nostrano Valtrompia' -> https://upload.wikimedia.org/wikipedia/commons/thumb/c/ce/Nostrano_Valtrompia.jpg/500px-Nostrano_Valtrompia.jpg
  [5628] 'Nunu/Nono' -> https://upload.wikimedia.org/wikipedia/commons/thumb/e/e0/Home_of_Luigi_Nono%2C_Zattere_al_ponte_Longo%2C_Dorsoduro%2C_Venice%2C_Italy_-_20080614.jpg/500px-Home_of_Luigi_Nono%2C_Zattere_al_ponte_Longo%2C_Dorsoduro%2C_Venice%2C_Italy_-_20080614.jpg
  [5630] 'Oakwood' -> https://upload.wikimedia.org/wikipedia/commons/d/db/OHMap-doton-Oakwood_Montgomery_County.png
  [5632] 'Old Irish Creamery Cheddar (with additions)' -> https://upload.wikimedia.org/wikipedia/commons/thumb/7/71/Testing_milk_and_its_products%3B_a_manual_for_dairy_students%2C_creamery-_and_cheese_factory_operators%2C_food_chemists%2C_and_dairy_farmers_%28IA_testingmilkitspr04farr%29.pdf/page1-500px-thumbnail.pdf.jpg
  [commons.wikimedia.org] 429 intento 1, esperando 39s ...
  [5637] "Orchard Cottage Fresh Goat's Cheese" -> https://upload.wikimedia.org/wikipedia/commons/thumb/7/76/The_cottage_gardener_%28IA_CAT30997443003%29.pdf/page1-500px-The_cottage_gardener_%28IA_CAT30997443003%29.pdf.jpg
  [5638] "Orchard Cottage Goat's Cheese in Oil" -> https://upload.wikimedia.org/wikipedia/commons/thumb/f/f5/The_cottage_gardener_%28IA_CAT30997443007%29.pdf/page1-500px-The_cottage_gardener_%28IA_CAT30997443007%29.pdf.jpg
  [5639] 'Orla Cheese' -> https://upload.wikimedia.org/wikipedia/commons/thumb/c/cd/The_relation_of_bacteria_to_the_flavors_of_cheddar_cheese_%28IA_bullbai062%29.pdf/page1-500px-The_relation_of_bacteria_to_the_flavors_of_cheddar_cheese_%28IA_bullbai062%29.pdf.jpg
  [5640] 'Ormea' -> https://upload.wikimedia.org/wikipedia/commons/thumb/9/91/Ormea_-_panorama.jpg/500px-Ormea_-_panorama.jpg
  [5642] 'Ortler' -> https://upload.wikimedia.org/wikipedia/commons/thumb/2/26/Ortler_Postcard_1895.jpg/500px-Ortler_Postcard_1895.jpg
  [5643] 'Ossau-iraty' -> https://upload.wikimedia.org/wikipedia/commons/thumb/3/3e/Fromages_Ossau-Iraty_001.jpg/500px-Fromages_Ossau-Iraty_001.jpg
  [commons.wikimedia.org] 429 intento 1, esperando 40s ...
  [5647] 'Paddraccio' -> https://upload.wikimedia.org/wikipedia/commons/d/d3/Paddraccio.jpg
  [5649] 'Paddy Jack Cheese' -> https://upload.wikimedia.org/wikipedia/commons/thumb/7/78/Comical_sayings_of_Paddy_from_Cork_%284%29.pdf/page1-500px-Comical_sayings_of_Paddy_from_Cork_%284%29.pdf.jpg
  [5653] 'Paglietta' -> https://upload.wikimedia.org/wikipedia/commons/thumb/6/66/Piazzetta_della_paglietta_01.JPG/500px-Piazzetta_della_paglietta_01.JPG
  [commons.wikimedia.org] 429 intento 1, esperando 40s ...
  [5657] 'Pampanella' -> https://upload.wikimedia.org/wikipedia/commons/thumb/b/b8/Pampanella_cheese.jpg/500px-Pampanella_cheese.jpg
  [5658] 'Pancette' -> https://upload.wikimedia.org/wikipedia/commons/thumb/7/7c/Ago_per_pancette_%28g%C3%B2ccia%2C_gruppo_di_due%29_-_Musei_del_cibo_-_salame_-_017.tif/lossy-page1-500px-Ago_per_pancette_%28g%C3%B2ccia%2C_gruppo_di_due%29_-_Musei_del_cibo_-_salame_-_017.tif.jpg
  [5659] 'Pannarello' -> https://upload.wikimedia.org/wikipedia/commons/f/f3/Pannarello.jpg
  [5661] 'Parmigiano-Reggiano' -> https://upload.wikimedia.org/wikipedia/commons/thumb/5/5b/Parmigiano_reggiano_piece.jpg/500px-Parmigiano_reggiano_piece.jpg
  [5662] 'Pastore' -> https://upload.wikimedia.org/wikipedia/commons/thumb/9/93/Javier_Pastore_13.png/500px-Javier_Pastore_13.png
  [commons.wikimedia.org] 429 intento 1, esperando 39s ...
  [5664] 'Pastorino' -> https://upload.wikimedia.org/wikipedia/commons/3/30/Pastorino-mario.jpg
  [5665] 'Pecora' -> https://upload.wikimedia.org/wikipedia/commons/0/08/Ferdinand_Pecora%2C_circa_1933.jpg
  [5667] 'Pecorini' -> https://upload.wikimedia.org/wikipedia/commons/thumb/c/c7/Pecorini.jpg/500px-Pecorini.jpg
  [5670] 'Pecorino bagnolese' -> https://upload.wikimedia.org/wikipedia/commons/thumb/4/46/Pecorino_bagnolese.jpg/500px-Pecorino_bagnolese.jpg
  [5672] 'Pecorino crotonese' -> https://upload.wikimedia.org/wikipedia/commons/2/21/Pecorino_crotonese_D.O.P..jpg
  [commons.wikimedia.org] 429 intento 1, esperando 39s ...
  [5676] 'Pecorino del Parco di Migliarino-San Rossore' -> https://upload.wikimedia.org/wikipedia/commons/thumb/2/27/San_Rossore%2C_Riserva_del_Paduletto.jpg/500px-San_Rossore%2C_Riserva_del_Paduletto.jpg
  [commons.wikimedia.org] 429 intento 1, esperando 40s ...
  [5686] 'Pecorino di Moliterno' -> https://upload.wikimedia.org/wikipedia/commons/thumb/e/e3/Canestrato_di_Moliterno_%28IGP%29.jpg/500px-Canestrato_di_Moliterno_%28IGP%29.jpg
  [5691] 'Pecorino di Pienza stagionato' -> https://upload.wikimedia.org/wikipedia/commons/thumb/3/3c/Pecorino_di_Pienza.jpg/500px-Pecorino_di_Pienza.jpg
  [commons.wikimedia.org] 429 intento 1, esperando 39s ...
  [5698] 'Pecorino senese' -> https://upload.wikimedia.org/wikipedia/commons/e/e1/Pecorino.jpg
  [5702] 'Pélardon' -> https://upload.wikimedia.org/wikipedia/commons/thumb/e/ed/P%C3%A9lardon_02.jpg/500px-P%C3%A9lardon_02.jpg
  [5703] 'Pepato' -> https://upload.wikimedia.org/wikipedia/commons/thumb/6/68/Pepato_HD.png/500px-Pepato_HD.png
  [5704] 'Peretta' -> https://upload.wikimedia.org/wikipedia/commons/thumb/1/16/Peretta_sarda_%2801%29.jpg/500px-Peretta_sarda_%2801%29.jpg
  [commons.wikimedia.org] 429 intento 1, esperando 40s ...
  [5708] 'Piacentinu or Piacentino' -> https://upload.wikimedia.org/wikipedia/commons/thumb/4/40/Tranche_de_Piacentinu_ennese.jpg/500px-Tranche_de_Piacentinu_ennese.jpg
  [5710] 'Piave' -> https://upload.wikimedia.org/wikipedia/commons/thumb/7/7d/Piave_river.jpg/500px-Piave_river.jpg
  [5711] 'Piave Fresco' -> https://upload.wikimedia.org/wikipedia/commons/thumb/a/a2/Per_gli_egregi_dipinti_a_buon_fresco_nel_Reale_Palazzo_di_Milano_del_cavaliere_Andrea_Appiani_-_carme_%28IA_gri_33125010839393%29.pdf/page1-500px-Per_gli_egregi_dipinti_a_buon_fresco_nel_Reale_Palazzo_di_Milano_del_cavaliere_Andrea_Appiani_-_carme_%28IA_gri_33125010839393%29.pdf.jpg
  [5712] 'Piave Mezzano' -> https://upload.wikimedia.org/wikipedia/commons/thumb/8/89/Cismon_Mezzano.jpg/500px-Cismon_Mezzano.jpg
  [5713] 'Piave Vecchio' -> https://upload.wikimedia.org/wikipedia/commons/thumb/3/36/Vecchio_Ponte_San_Don%C3%A0.jpg/500px-Vecchio_Ponte_San_Don%C3%A0.jpg
  [commons.wikimedia.org] 429 intento 1, esperando 38s ...
  [5715] 'Piave Vecchio Selezione Oro' -> https://upload.wikimedia.org/wikipedia/commons/thumb/9/9c/Piave_vecchio_selezione_oro.jpg/500px-Piave_vecchio_selezione_oro.jpg
  [5716] 'Picón Bejes-Tresviso' -> https://upload.wikimedia.org/wikipedia/commons/thumb/7/76/Pic%C3%B3n_Bejes-Tresviso_cheese.jpg/500px-Pic%C3%B3n_Bejes-Tresviso_cheese.jpg
  [5718] 'Pierino' -> https://upload.wikimedia.org/wikipedia/commons/5/52/Pierino_Gabetti.JPG
  [5721] 'Piramide' -> https://upload.wikimedia.org/wikipedia/commons/thumb/4/42/Piramide_%28Rogge%29_%281%29.jpg/500px-Piramide_%28Rogge%29_%281%29.jpg
  [commons.wikimedia.org] 429 intento 1, esperando 37s ...
  [5725] 'Piscedda' -> https://upload.wikimedia.org/wikipedia/commons/a/af/Massimo_Piscedda.jpg
  [5728] "Pont-l'évêque" -> https://upload.wikimedia.org/wikipedia/commons/thumb/5/5a/Petit_pont-l%27%C3%A9v%C3%AAque.jpg/500px-Petit_pont-l%27%C3%A9v%C3%AAque.jpg
  [5729] 'Pouligny-saint-pierre' -> https://upload.wikimedia.org/wikipedia/commons/7/76/AOP_Pouligny-saint-pierre_fromage.gif
  [5733] 'Pressato' -> https://upload.wikimedia.org/wikipedia/commons/thumb/c/c7/Hendrik_petrus_berlage_per_b.v._koninkijke_glasfabriek_leerdam%2C_servito_in_vetro_pressato%2C_1924%2C_01.jpg/500px-Hendrik_petrus_berlage_per_b.v._koninkijke_glasfabriek_leerdam%2C_servito_in_vetro_pressato%2C_1924%2C_01.jpg
  [5734] 'Primo sale' -> https://upload.wikimedia.org/wikipedia/commons/thumb/8/84/Panoramica_delle_sale_espositiva_del_primo_piano_P1010031_-_06.JPG/500px-Panoramica_delle_sale_espositiva_del_primo_piano_P1010031_-_06.JPG
  [commons.wikimedia.org] 429 intento 1, esperando 39s ...
  [5737] 'Provola' -> https://upload.wikimedia.org/wikipedia/commons/thumb/f/f2/Provola_fresca.jpg/500px-Provola_fresca.jpg
  [5738] 'Provola affumicata' -> https://upload.wikimedia.org/wikipedia/commons/thumb/c/c0/Provola_delle_Madonie_affumicata.jpg/500px-Provola_delle_Madonie_affumicata.jpg
  [5742] 'Provola delle Madonie' -> https://upload.wikimedia.org/wikipedia/commons/thumb/3/3b/Provola_delle_Moddonie1.jpg/500px-Provola_delle_Moddonie1.jpg
  [commons.wikimedia.org] 429 intento 1, esperando 40s ...
  [5745] 'Provola siciliana' -> https://upload.wikimedia.org/wikipedia/commons/thumb/8/8e/Presentation_of_how_to_make_provola_-_Wiki_Loves_Sicilia_2024_01.jpg/500px-Presentation_of_how_to_make_provola_-_Wiki_Loves_Sicilia_2024_01.jpg
  [5747] 'Provole' -> https://upload.wikimedia.org/wikipedia/commons/thumb/1/19/Provole_nella_salamoia.jpg/500px-Provole_nella_salamoia.jpg
  [5748] 'Provolone' -> https://upload.wikimedia.org/wikipedia/commons/thumb/3/34/Provolone_Dolce.jpg/500px-Provolone_Dolce.jpg
  [5749] 'Provolone piccante' -> https://upload.wikimedia.org/wikipedia/commons/thumb/1/16/Provolone_piccante_slice.jpg/500px-Provolone_piccante_slice.jpg
  [5754] 'Pusteria' -> https://upload.wikimedia.org/wikipedia/commons/thumb/1/1d/Prati_in_Pusteria.JPG/500px-Prati_in_Pusteria.JPG
  [commons.wikimedia.org] 429 intento 1, esperando 39s ...
  [5755] 'Pustertaler' -> https://upload.wikimedia.org/wikipedia/commons/thumb/4/47/Wien-Sch%C3%B6nbrunn%2C_Tiergarten%2C_Pustertaler_Sprinzen.JPG/500px-Wien-Sch%C3%B6nbrunn%2C_Tiergarten%2C_Pustertaler_Sprinzen.JPG
  [5760] 'Quadro' -> https://upload.wikimedia.org/wikipedia/commons/thumb/d/d5/Quadro_SGI_VPro_VR3.jpg/500px-Quadro_SGI_VPro_VR3.jpg
  [5762] 'Quadro provenzale' -> https://upload.wikimedia.org/wikipedia/commons/thumb/6/61/Sulla_scoperta_di_due_busti_in_terra_cotta_e_di_un_quadro_a_tempera_in_tavola_nel_possesso_gli_uni_del_negoziante_Pietro_Radicchi%2C_l%27altro_del_dott._Enrico_Gallizioli_%28IA_sullascopertadid00andr%29.pdf/page1-500px-thumbnail.pdf.jpg
  [5764] 'Quartirolo Lombardo' -> https://upload.wikimedia.org/wikipedia/commons/thumb/f/fe/Quartirolo_lombardo_1.JPG/500px-Quartirolo_lombardo_1.JPG
  [commons.wikimedia.org] 429 intento 1, esperando 40s ...
  [5767] 'Queso Arzúa-Ulloa' -> https://upload.wikimedia.org/wikipedia/commons/thumb/b/b3/Queixos_Arz%C3%BAa-Ulloa.jpg/500px-Queixos_Arz%C3%BAa-Ulloa.jpg
  [5770] 'Queso Cabrales' -> https://upload.wikimedia.org/wikipedia/commons/thumb/b/bf/Cabrales_blue_Cheese.jpg/500px-Cabrales_blue_Cheese.jpg
  [5771] 'Queso Casín' -> https://upload.wikimedia.org/wikipedia/commons/thumb/d/de/Queso_cas%C3%ADn.jpg/500px-Queso_cas%C3%ADn.jpg
  [5772] 'Queso castellano' -> https://upload.wikimedia.org/wikipedia/commons/thumb/f/f9/Fabulas_en_verso_castellano_%28IA_fabulasenversoca00sama%29.pdf/page1-330px-Fabulas_en_verso_castellano_%28IA_fabulasenversoca00sama%29.pdf.jpg
  [5773] 'Queso Cebreiro' -> https://upload.wikimedia.org/wikipedia/commons/thumb/5/5f/Amencer_no_Cebreiro%2C_Pedrafita_do_Cebreiro%2C_Galiza.jpg/500px-Amencer_no_Cebreiro%2C_Pedrafita_do_Cebreiro%2C_Galiza.jpg
  [commons.wikimedia.org] 429 intento 1, esperando 39s ...
  [5776] 'Queso de Afuega el pitu' -> https://upload.wikimedia.org/wikipedia/commons/thumb/6/66/Afuega_el_pitu.jpg/500px-Afuega_el_pitu.jpg
  [5781] 'Queso de Burgos' -> https://upload.wikimedia.org/wikipedia/commons/thumb/b/b6/Queso_De_Burgos_002.JPG/500px-Queso_De_Burgos_002.JPG
  [5784] 'Queso de flor' -> https://upload.wikimedia.org/wikipedia/commons/thumb/4/48/Queso_de_flor.jpg/500px-Queso_de_flor.jpg
  [commons.wikimedia.org] 429 intento 1, esperando 40s ...
  [5788] 'Queso de la Gomera' -> https://upload.wikimedia.org/wikipedia/commons/thumb/0/0a/Rocks_-_Mirador_de_la_Curva_del_Queso_-_La_Gomera_01.jpg/500px-Rocks_-_Mirador_de_la_Curva_del_Queso_-_La_Gomera_01.jpg
  [5789] 'Queso de la Nucia' -> https://upload.wikimedia.org/wikipedia/commons/thumb/a/a8/Queso_de_La_Nuc%C3%ADa.jpg/500px-Queso_de_La_Nuc%C3%ADa.jpg
  [5790] 'Queso de La Peral' -> https://upload.wikimedia.org/wikipedia/commons/thumb/6/65/La_Peral_-_Mumum%C3%ADo_1.jpg/500px-La_Peral_-_Mumum%C3%ADo_1.jpg
  [5791] 'Queso de La Serena' -> https://upload.wikimedia.org/wikipedia/commons/thumb/1/1c/Queso_La_Serena.PNG/500px-Queso_La_Serena.PNG
  [5793] 'Queso de la Vera' -> https://upload.wikimedia.org/wikipedia/commons/thumb/a/a3/Pan%2C_queso_y_besos_%281890%29.djvu/page1-500px-Pan%2C_queso_y_besos_%281890%29.djvu.jpg
  [commons.wikimedia.org] 429 intento 1, esperando 40s ...
  [5798] 'Queso de Murcia' -> https://upload.wikimedia.org/wikipedia/commons/thumb/3/3c/Queso-vino-Murcia.jpg/500px-Queso-vino-Murcia.jpg
  [5799] 'Queso de Murcia al vino' -> https://upload.wikimedia.org/wikipedia/commons/thumb/3/3c/Queso-vino-Murcia.jpg/500px-Queso-vino-Murcia.jpg
  [5801] 'Queso de Peñamellera' -> https://upload.wikimedia.org/wikipedia/commons/thumb/7/7f/Monje_Nata_y_Pe%C3%B1amellera_La_Casona.jpg/500px-Monje_Nata_y_Pe%C3%B1amellera_La_Casona.jpg
  [5802] 'Queso de Radiquero' -> https://upload.wikimedia.org/wikipedia/commons/thumb/6/69/Bodegon_Quesos_de_Radiquero.jpg/500px-Bodegon_Quesos_de_Radiquero.jpg
  [5804] 'Queso de servilleta' -> https://upload.wikimedia.org/wikipedia/commons/thumb/3/36/Ravioles_argentinos_caseros_de_jam%C3%B3n_y_queso_con_salsa_de_tomate_y_queso_rallado.jpg/500px-Ravioles_argentinos_caseros_de_jam%C3%B3n_y_queso_con_salsa_de_tomate_y_queso_rallado.jpg
  [commons.wikimedia.org] 429 intento 1, esperando 39s ...
  [5805] 'Queso de Tetilla' -> https://upload.wikimedia.org/wikipedia/commons/thumb/d/d2/Queso_tetilla_entre_otros.jpg/500px-Queso_tetilla_entre_otros.jpg
  [5806] 'Queso de Tronchón' -> https://upload.wikimedia.org/wikipedia/commons/thumb/3/33/Queso_de_Tronch%C3%B3n.jpg/500px-Queso_de_Tronch%C3%B3n.jpg
  [5811] 'Queso herreño' -> https://upload.wikimedia.org/wikipedia/commons/thumb/9/96/Queso_herre%C3%B1o.jpg/500px-Queso_herre%C3%B1o.jpg
  [5812] 'Queso Ibores' -> https://upload.wikimedia.org/wikipedia/commons/thumb/6/6b/Queso_ibores.jpg/500px-Queso_ibores.jpg
  [5813] 'Queso Idiazábal' -> https://upload.wikimedia.org/wikipedia/commons/thumb/5/55/Queso_Idiaz%C3%A1bal.jpg/500px-Queso_Idiaz%C3%A1bal.jpg
  [commons.wikimedia.org] 429 intento 1, esperando 39s ...
  [5815] 'Queso majorero' -> https://upload.wikimedia.org/wikipedia/commons/thumb/f/fb/Queso_majorero_a_la_plancha.jpg/500px-Queso_majorero_a_la_plancha.jpg
  [5816] 'Queso Manchego' -> https://upload.wikimedia.org/wikipedia/commons/thumb/b/bd/Queso_manchego%2C_nueces_e_higos_secos.jpg/500px-Queso_manchego%2C_nueces_e_higos_secos.jpg
  [5818] 'Queso palmero' -> https://upload.wikimedia.org/wikipedia/commons/thumb/f/f6/Queso_Palmero.jpg/500px-Queso_Palmero.jpg
  [5820] 'Queso pata de mulo' -> https://upload.wikimedia.org/wikipedia/commons/thumb/6/6c/Queso_pata_de_mulo_01.jpg/500px-Queso_pata_de_mulo_01.jpg
  [5822] 'Queso payoyo' -> https://upload.wikimedia.org/wikipedia/commons/thumb/4/44/Queso_grazalema.jpg/500px-Queso_grazalema.jpg
  [5824] 'Queso Roncal' -> https://upload.wikimedia.org/wikipedia/commons/thumb/b/b7/Queso_roncal.jpg/500px-Queso_roncal.jpg
  [commons.wikimedia.org] 429 intento 1, esperando 39s ...
  [5825] 'Queso San Simón da Costa' -> https://upload.wikimedia.org/wikipedia/commons/thumb/b/b1/Queso_San_Sim%C3%B3n_Da_costa.jpg/500px-Queso_San_Sim%C3%B3n_Da_costa.jpg
  [5827] 'Queso Tronchón' -> https://upload.wikimedia.org/wikipedia/commons/thumb/3/33/Queso_de_Tronch%C3%B3n.jpg/500px-Queso_de_Tronch%C3%B3n.jpg
  [5829] 'Queso zamorano' -> https://upload.wikimedia.org/wikipedia/commons/thumb/0/07/Zamorano_Cheese.jpg/500px-Zamorano_Cheese.jpg
  [5831] 'Ragusano' -> https://upload.wikimedia.org/wikipedia/commons/thumb/9/92/Ragusano_Cheese.jpg/500px-Ragusano_Cheese.jpg
  [5832] 'Raschera' -> https://upload.wikimedia.org/wikipedia/commons/thumb/a/a7/Raschera_fetta.jpg/500px-Raschera_fetta.jpg
  [5834] 'Rasco' -> https://upload.wikimedia.org/wikipedia/commons/thumb/6/62/Hotel_Rasco_02.JPG/500px-Hotel_Rasco_02.JPG
  [commons.wikimedia.org] 429 intento 1, esperando 40s ...
  [commons.wikimedia.org] 429 intento 1, esperando 39s ...
  [5847] 'Regato' -> https://upload.wikimedia.org/wikipedia/commons/thumb/2/23/15-05-2017_Regato_de_Ferragudo_%281%29.JPG/500px-15-05-2017_Regato_de_Ferragudo_%281%29.JPG
  [5850] 'Ricotta affumicata di Mammola' -> https://upload.wikimedia.org/wikipedia/commons/thumb/b/ba/Affumicatura_della_Ricotta.jpg/500px-Affumicatura_della_Ricotta.jpg
  [5853] 'Ricotta di bufala affumicata' -> https://upload.wikimedia.org/wikipedia/commons/thumb/3/3a/17._Ricotta_Salata_-_Rewrapped.jpg/500px-17._Ricotta_Salata_-_Rewrapped.jpg
  [5854] 'Ricotta di bufala infornata' -> https://upload.wikimedia.org/wikipedia/commons/thumb/b/b4/%27N%27_infornata_ar_Teatro_Nazionale.pdf/page1-500px-%27N%27_infornata_ar_Teatro_Nazionale.pdf.jpg
  [commons.wikimedia.org] 429 intento 1, esperando 40s ...
  [5855] 'Ricotta di bufala salata' -> https://upload.wikimedia.org/wikipedia/commons/thumb/7/78/Salata_de_vinete.jpg/500px-Salata_de_vinete.jpg
  [5858] 'Ricotta forte' -> https://upload.wikimedia.org/wikipedia/commons/thumb/d/d7/Ricotta_forte_AvL.JPG/500px-Ricotta_forte_AvL.JPG
  [5864] 'Ricotta romana' -> https://upload.wikimedia.org/wikipedia/commons/thumb/6/6e/Chiesa_della_Madonna_della_Ricotta.JPG/500px-Chiesa_della_Madonna_della_Ricotta.JPG
  [commons.wikimedia.org] 429 intento 1, esperando 40s ...
  [5865] 'Ricotta salata' -> https://upload.wikimedia.org/wikipedia/commons/thumb/4/40/Ricotta_salata_e_zucchina.jpg/500px-Ricotta_salata_e_zucchina.jpg
  [5866] 'Ricotta siciliana' -> https://upload.wikimedia.org/wikipedia/commons/thumb/a/ad/Ricotta_al_forno_pezzo.jpg/500px-Ricotta_al_forno_pezzo.jpg
  [commons.wikimedia.org] 429 intento 1, esperando 39s ...
  [5877] 'Robiola della Valsassina' -> https://upload.wikimedia.org/wikipedia/commons/thumb/b/b9/Robiola_della_Valsassina.jpg/500px-Robiola_della_Valsassina.jpg
  [5882] 'Robiola di Cocconato' -> https://upload.wikimedia.org/wikipedia/commons/thumb/6/6e/Robiola_Cocconato.jpg/500px-Robiola_Cocconato.jpg
  [commons.wikimedia.org] 429 intento 1, esperando 40s ...
  [5886] 'Robiola di Roccaverano' -> https://upload.wikimedia.org/wikipedia/commons/thumb/5/5c/Roccaverano_02.jpg/500px-Roccaverano_02.jpg
  [5889] 'Rocamadour' -> https://upload.wikimedia.org/wikipedia/commons/thumb/a/ae/Rocamadour_AOC.jpg/500px-Rocamadour_AOC.jpg
  [5890] 'Rosa Camuna' -> https://upload.wikimedia.org/wikipedia/commons/0/0a/Rosa_camuna_%28LG%29.png
  [5891] 'Rosso di lago' -> https://upload.wikimedia.org/wikipedia/commons/thumb/9/9a/Lago_di_Scimarmota.jpg/500px-Lago_di_Scimarmota.jpg
  [5893] 'Salato' -> https://upload.wikimedia.org/wikipedia/commons/thumb/e/ed/Paradiso_Dolce_Salato_8_Walmgate_York.jpg/500px-Paradiso_Dolce_Salato_8_Walmgate_York.jpg
  [commons.wikimedia.org] 429 intento 1, esperando 40s ...
  [5895] 'Salato morbido del Friuli' -> https://upload.wikimedia.org/wikipedia/commons/thumb/e/e0/Il_Friuli_giornale_politico-amministrativo-letterario-commerciale_n._39_%281896%29_%28IA_IlFriuli-39_1896%29.pdf/page1-500px-Il_Friuli_giornale_politico-amministrativo-letterario-commerciale_n._39_%281896%29_%28IA_IlFriuli-39_1896%29.pdf.jpg
  [5896] 'Salers' -> https://upload.wikimedia.org/wikipedia/commons/thumb/3/3d/Salers_Beffroi.JPG/500px-Salers_Beffroi.JPG
  [5898] 'Salignon' -> https://upload.wikimedia.org/wikipedia/commons/thumb/8/85/Salignon_a_tavola.jpg/500px-Salignon_a_tavola.jpg
  [5902] 'Salva cremasco' -> https://upload.wikimedia.org/wikipedia/commons/b/ba/Victor_Salva.jpg
  [5903] 'sana' -> https://upload.wikimedia.org/wikipedia/commons/thumb/3/32/Sana_river.jpg/500px-Sana_river.jpg
  [5904] "Santo Stefano d'Aveto" -> https://upload.wikimedia.org/wikipedia/commons/thumb/3/38/Panorama-Santo_Stefano_d%27Aveto.JPG/500px-Panorama-Santo_Stefano_d%27Aveto.JPG
  [commons.wikimedia.org] 429 intento 1, esperando 39s ...
  [5907] 'Sarasso' -> https://upload.wikimedia.org/wikipedia/commons/c/ce/Eusebio_Sarasso.jpg
  [5910] 'Sauermilch' -> https://upload.wikimedia.org/wikipedia/commons/thumb/6/6a/Bahu%C5%A1evi%C4%8Dy%2C_U%C5%BAvi%C5%BEanskaja._%D0%91%D0%B0%D0%B3%D1%83%D1%88%D1%8D%D0%B2%D1%96%D1%87%D1%8B%2C_%D0%A3%D0%B7%D1%8C%D0%B2%D1%96%D0%B6%D0%B0%D0%BD%D1%81%D0%BA%D0%B0%D1%8F_%28C._Sauermilch%2C_13.08.1918%29.jpg/500px-Bahu%C5%A1evi%C4%8Dy%2C_U%C5%BAvi%C5%BEanskaja._%D0%91%D0%B0%D0%B3%D1%83%D1%88%D1%8D%D0%B2%D1%96%D1%87%D1%8B%2C_%D0%A3%D0%B7%D1%8C%D0%B2%D1%96%D0%B6%D0%B0%D0%BD%D1%81%D0%BA%D0%B0%D1%8F_%28C._Sauermilch%2C_13.08.1918%29.jpg
  [5911] 'Sbrinz' -> https://upload.wikimedia.org/wikipedia/commons/thumb/2/2c/Sbrinz.jpg/500px-Sbrinz.jpg
  [commons.wikimedia.org] 429 intento 1, esperando 40s ...
  [5915] 'Scamorza di bufala' -> https://upload.wikimedia.org/wikipedia/commons/thumb/e/ec/Scamorza_001.jpg/500px-Scamorza_001.jpg
  [5917] 'Scheggia' -> https://upload.wikimedia.org/wikipedia/commons/thumb/0/05/Lo_Scheggia_-_3_panels_of_a_wedding_cassone_2005_CKS_07197_0023.jpg/500px-Lo_Scheggia_-_3_panels_of_a_wedding_cassone_2005_CKS_07197_0023.jpg
  [5923] 'Scodellato' -> https://upload.wikimedia.org/wikipedia/commons/7/76/Verona%2C_denaro_piccolo_scodellato_di_federico_II%2C_1220-1250.JPG
  [commons.wikimedia.org] 429 intento 1, esperando 38s ...
  [5926] 'Secondo sale' -> https://upload.wikimedia.org/wikipedia/commons/thumb/6/66/Grosseto%2C_piazza_del_Sale%2C_basamento_del_secondo_cassero_del_sale.jpg/500px-Grosseto%2C_piazza_del_Sale%2C_basamento_del_secondo_cassero_del_sale.jpg
  [5930] 'Seirass di latte' -> https://upload.wikimedia.org/wikipedia/commons/thumb/a/a8/Seirass_di_latte_01.jpg/500px-Seirass_di_latte_01.jpg
  [commons.wikimedia.org] 429 intento 1, esperando 39s ...
  [5939] 'Seré (see Seras)' -> https://upload.wikimedia.org/wikipedia/commons/thumb/b/b8/See_Yoe_No_11.pdf/page1-500px-See_Yoe_No_11.pdf.jpg
  [5940] 'Serrat' -> https://upload.wikimedia.org/wikipedia/commons/thumb/d/de/Joan_Manuel_Serrat_recibe_la_Fiambrera_de_Plata.jpg/500px-Joan_Manuel_Serrat_recibe_la_Fiambrera_de_Plata.jpg
  [5941] 'Shandrum' -> https://upload.wikimedia.org/wikipedia/commons/thumb/c/c7/The_Shandrum_C%C3%A9il%C3%AD_Band_in_Knox%27s_Bar%2C_Ennis.jpg/500px-The_Shandrum_C%C3%A9il%C3%AD_Band_in_Knox%27s_Bar%2C_Ennis.jpg
  [5943] 'Sigarot' -> https://upload.wikimedia.org/wikipedia/commons/thumb/6/64/Sigarot_al_naturale.jpg/500px-Sigarot_al_naturale.jpg
  [commons.wikimedia.org] 429 intento 1, esperando 39s ...
  [5946] 'Sigarot naturale' -> https://upload.wikimedia.org/wikipedia/commons/thumb/6/64/Sigarot_al_naturale.jpg/500px-Sigarot_al_naturale.jpg
  [5947] 'Silandro' -> https://upload.wikimedia.org/wikipedia/commons/thumb/2/2f/Silandro-Chiesa_Parrocchiale.jpg/500px-Silandro-Chiesa_Parrocchiale.jpg
  [5948] 'Silter' -> https://upload.wikimedia.org/wikipedia/commons/thumb/d/d0/Silter_dop_1.jpg/500px-Silter_dop_1.jpg
  [5950] 'Sliced provolone' -> https://upload.wikimedia.org/wikipedia/commons/thumb/1/18/Sliced_Flank_Roulade.jpg/500px-Sliced_Flank_Roulade.jpg
  [5953] 'Smoked scamorza' -> https://upload.wikimedia.org/wikipedia/commons/thumb/b/b8/Risotto_with_hazelnuts_and_smoked_scamorza_%2824900448114%29.jpg/500px-Risotto_with_hazelnuts_and_smoked_scamorza_%2824900448114%29.jpg
  [commons.wikimedia.org] 429 intento 1, esperando 40s ...
  [5956] 'Sola' -> https://upload.wikimedia.org/wikipedia/commons/thumb/e/e2/Sola_2.jpg/500px-Sola_2.jpg
  [5959] 'Sora' -> https://upload.wikimedia.org/wikipedia/commons/thumb/2/2d/Sora_%28Porzana_carolina%29.jpg/500px-Sora_%28Porzana_carolina%29.jpg
  [5963] 'Sottocenere al tartufo' -> https://upload.wikimedia.org/wikipedia/commons/thumb/e/e9/Sottocenere_al_Tartufo.jpg/500px-Sottocenere_al_Tartufo.jpg
  [commons.wikimedia.org] 429 intento 1, esperando 39s ...
  [5966] 'Spessa' -> https://upload.wikimedia.org/wikipedia/commons/thumb/c/cf/Chiesa_Spessa.jpg/500px-Chiesa_Spessa.jpg
  [5967] 'Spress' -> https://upload.wikimedia.org/wikipedia/commons/c/c3/Spress_sede.jpg
  [5969] 'Squacquerone di Romagna DOP' -> https://upload.wikimedia.org/wikipedia/commons/thumb/6/68/Squacquerone_Romagnolo_1.jpg/500px-Squacquerone_Romagnolo_1.jpg
  [5971] 'St Brendan' -> https://upload.wikimedia.org/wikipedia/commons/e/e8/Saint_brendan_german_manuscript.jpg
  [5973] 'St Brigid' -> https://upload.wikimedia.org/wikipedia/commons/thumb/b/b0/St._Brigid_of_Kildare_-_stained_glass_-_creation.jpg/500px-St._Brigid_of_Kildare_-_stained_glass_-_creation.jpg
  [commons.wikimedia.org] 429 intento 1, esperando 39s ...
  [5975] 'St Gall' -> https://upload.wikimedia.org/wikipedia/commons/thumb/f/f5/Abbey_of_Saint_Gall%2C_St._Gallen_in_Switzerland%2C_20250502_1512_8632.jpg/500px-Abbey_of_Saint_Gall%2C_St._Gallen_in_Switzerland%2C_20250502_1512_8632.jpg
  [5977] 'St Killian' -> https://upload.wikimedia.org/wikipedia/commons/thumb/9/9c/St._Killian%2C_W%C3%BCrzburger_Dom%2C_as_seen_from_Festung_Marienburg_20140112_2.jpg/500px-St._Killian%2C_W%C3%BCrzburger_Dom%2C_as_seen_from_Festung_Marienburg_20140112_2.jpg
  [5978] 'St Tola Divine' -> https://upload.wikimedia.org/wikipedia/commons/thumb/b/b7/A_discourse_proving_the_divine_institution_..._1697_%28IA_bim_early-english-books-1641-1700_a-discourse-proving-the-_leslie-charles_1697%29.pdf/page1-500px-A_discourse_proving_the_divine_institution_..._1697_%28IA_bim_early-english-books-1641-1700_a-discourse-proving-the-_leslie-charles_1697%29.pdf.jpg
  [5980] 'St Tola Log' -> https://upload.wikimedia.org/wikipedia/commons/thumb/6/6f/St._Tola_Log.JPG/500px-St._Tola_Log.JPG
  [5981] "Sta'el" -> https://upload.wikimedia.org/wikipedia/commons/thumb/d/da/Madame_de_Sta%C3%ABl_-_a_study_of_her_life_and_times%2C_the_first_revolution_and_the_first_empire_%28IA_madamedestaelst01stev%29.pdf/page1-500px-Madame_de_Sta%C3%ABl_-_a_study_of_her_life_and_times%2C_the_first_revolution_and_the_first_empire_%28IA_madamedestaelst01stev%29.pdf.jpg
  [5983] 'Stella di mare' -> https://upload.wikimedia.org/wikipedia/commons/thumb/5/5a/Chiesa_di_Santa_Maria_Stella_del_Mare%2C_Napoli.JPG/500px-Chiesa_di_Santa_Maria_Stella_del_Mare%2C_Napoli.JPG
  [5984] 'Stelvio or Stilfser' -> https://upload.wikimedia.org/wikipedia/commons/thumb/8/8b/2015_Passo_dello_Stelvio_-_Stilfser_Joch_%281%29.jpg/500px-2015_Passo_dello_Stelvio_-_Stilfser_Joch_%281%29.jpg
  [commons.wikimedia.org] 429 intento 1, esperando 39s ...
  [5985] 'Sterzinger' -> https://upload.wikimedia.org/wikipedia/commons/thumb/9/91/Der_Hexenproce%C3%9F_%28Sterzinger_1767%29_02.png/500px-Der_Hexenproce%C3%9F_%28Sterzinger_1767%29_02.png
  [5987] 'Stracchino' -> https://upload.wikimedia.org/wikipedia/commons/thumb/8/82/Stracchino.jpg/500px-Stracchino.jpg
  [commons.wikimedia.org] 429 intento 1, esperando 39s ...
  [5995] 'Stracciata' -> https://upload.wikimedia.org/wikipedia/commons/thumb/8/8d/Stracciata.jpg/500px-Stracciata.jpg
  [5996] 'Stracciatella di bufala' -> https://upload.wikimedia.org/wikipedia/commons/thumb/c/c2/Stracciatella_di_Bufala%2C_with_tomatoes.jpg/500px-Stracciatella_di_Bufala%2C_with_tomatoes.jpg
  [6004] 'Tabor' -> https://upload.wikimedia.org/wikipedia/commons/thumb/f/f7/Fremont_County_Iowa_Incorporated_and_Unincorporated_areas_Tabor_Highlighted.svg/500px-Fremont_County_Iowa_Incorporated_and_Unincorporated_areas_Tabor_Highlighted.svg.png
  [commons.wikimedia.org] 429 intento 1, esperando 38s ...
  [6005] 'Taburet' -> https://upload.wikimedia.org/wikipedia/commons/thumb/e/eb/Taburet_v_Sadech_Karla_IV._%2805%29.jpg/500px-Taburet_v_Sadech_Karla_IV._%2805%29.jpg
  [6009] 'Tara Ban' -> https://upload.wikimedia.org/wikipedia/commons/thumb/5/57/Tara_strong_2009-cropped.jpg/500px-Tara_strong_2009-cropped.jpg
  [6014] 'The Little Milk Company Brewers Gold' -> https://upload.wikimedia.org/wikipedia/commons/thumb/0/06/On_town_milk_%28IA_b22298435%29.pdf/page1-500px-On_town_milk_%28IA_b22298435%29.pdf.jpg
  [commons.wikimedia.org] 429 intento 1, esperando 38s ...
  [6015] 'The Little Milk Company Brie' -> https://upload.wikimedia.org/wikipedia/commons/thumb/6/6c/Milk_and_its_products_-_a_treatise_upon_the_nature_and_qualities_of_dairy_milk%2C_and_the_manufacture_of_butter_and_cheese_%28IA_cu31924001160393%29.pdf/page1-500px-Milk_and_its_products_-_a_treatise_upon_the_nature_and_qualities_of_dairy_milk%2C_and_the_manufacture_of_butter_and_cheese_%28IA_cu31924001160393%29.pdf.jpg
  [6016] 'The Little Milk Company Mature' -> https://upload.wikimedia.org/wikipedia/commons/thumb/3/32/Flesh._Milk_%28IA_fleshmilk00sanb%29.pdf/page1-500px-Flesh._Milk_%28IA_fleshmilk00sanb%29.pdf.jpg
  [6017] 'The Little Milk Company Mild' -> https://upload.wikimedia.org/wikipedia/commons/thumb/e/e6/Chronicles_of_the_little_tot_%28IA_chroniclesoflitt00cook%29.pdf/page1-500px-Chronicles_of_the_little_tot_%28IA_chroniclesoflitt00cook%29.pdf.jpg
  [6019] 'Tipo dolce' -> https://upload.wikimedia.org/wikipedia/commons/thumb/0/0c/Raffiuole_%28Dolce%29.JPG/500px-Raffiuole_%28Dolce%29.JPG
  [6020] 'Tipo fresco' -> https://upload.wikimedia.org/wikipedia/commons/thumb/a/ab/Intercession_of_Charles_Borromeo_supported_by_the_Virgin_Mary_-_Detail_Rottmayr_Fresco_-_Karlskirche_-_Vienna.JPG/500px-Intercession_of_Charles_Borromeo_supported_by_the_Virgin_Mary_-_Detail_Rottmayr_Fresco_-_Karlskirche_-_Vienna.JPG
  [commons.wikimedia.org] 429 intento 1, esperando 45s ...
  [commons.wikimedia.org] 429 intento 1, esperando 44s ...
  [6030] 'Toma brusca' -> https://upload.wikimedia.org/wikipedia/commons/thumb/d/d9/La_toma_de_San_Quint%C3%ADn_-_drama_original_en_tres_actos_y_en_prosa_%28IA_latomadesanquint00ferr%29.pdf/page1-500px-La_toma_de_San_Quint%C3%ADn_-_drama_original_en_tres_actos_y_en_prosa_%28IA_latomadesanquint00ferr%29.pdf.jpg
  [6031] 'Toma del bot' -> https://upload.wikimedia.org/wikipedia/commons/thumb/b/bd/Toma_trasera_del_Edificio_Trujillo%2C_Ceuta.jpg/500px-Toma_trasera_del_Edificio_Trujillo%2C_Ceuta.jpg
  [6034] 'Toma del Mottarone' -> https://upload.wikimedia.org/wikipedia/commons/thumb/f/f8/Nostrano_Mottarone.jpg/500px-Nostrano_Mottarone.jpg
  [6035] 'Toma del Pastore' -> https://upload.wikimedia.org/wikipedia/commons/thumb/c/cd/Toma_disperato_del_pastore.jpg/500px-Toma_disperato_del_pastore.jpg
  [6036] 'Toma della Valle di Susa' -> https://upload.wikimedia.org/wikipedia/commons/thumb/e/e3/Sulle_famiglie_nobili_della_monarchia_di_Savoia%3B_%28IA_sullefamiglienob22angi%29.pdf/page1-500px-Sulle_famiglie_nobili_della_monarchia_di_Savoia%3B_%28IA_sullefamiglienob22angi%29.pdf.jpg
  [6037] 'Toma della Valle Stura' -> https://upload.wikimedia.org/wikipedia/commons/thumb/1/17/Il_Paese_-_giornale_della_Democrazia_friulana_n._293_%281906%29_%28IA_IlPaese-293-1906%29.pdf/page1-500px-Il_Paese_-_giornale_della_Democrazia_friulana_n._293_%281906%29_%28IA_IlPaese-293-1906%29.pdf.jpg
  [commons.wikimedia.org] 429 intento 1, esperando 42s ...
  [commons.wikimedia.org] 429 intento 1, esperando 38s ...
  [6051] 'Toma of Basilicata' -> https://upload.wikimedia.org/wikipedia/commons/thumb/0/07/Intagliatore_veneto%2C_annunciazione%2C_1450-75_ca._%28trani%2C_san_toma%29_03_angelo_gabriele.jpg/500px-Intagliatore_veneto%2C_annunciazione%2C_1450-75_ca._%28trani%2C_san_toma%29_03_angelo_gabriele.jpg
  [6057] 'Toma piemontese' -> https://upload.wikimedia.org/wikipedia/commons/thumb/5/54/Toma_lait_brusc_01.jpg/500px-Toma_lait_brusc_01.jpg
  [commons.wikimedia.org] 429 intento 1, esperando 40s ...
  [6059] 'Tombea' -> https://upload.wikimedia.org/wikipedia/commons/thumb/c/c3/Tombea_tumuli_di_erba_e_laghetto.jpg/500px-Tombea_tumuli_di_erba_e_laghetto.jpg
  [6060] 'Tome des Bauges' -> https://upload.wikimedia.org/wikipedia/commons/thumb/3/33/Tome_des_Bauges.jpg/500px-Tome_des_Bauges.jpg
  [6068] 'Tomino' -> https://upload.wikimedia.org/wikipedia/commons/thumb/2/27/Iglesia_de_Santa_Maria_de_Tomino.jpg/500px-Iglesia_de_Santa_Maria_de_Tomino.jpg
  [commons.wikimedia.org] 429 intento 1, esperando 39s ...
  [6074] 'Tomino del boscaiolo' -> https://upload.wikimedia.org/wikipedia/commons/thumb/0/0c/Tomino_del_Boscaiolo.jpg/500px-Tomino_del_Boscaiolo.jpg
  [commons.wikimedia.org] 429 intento 1, esperando 39s ...
  [6087] 'Torba' -> https://upload.wikimedia.org/wikipedia/commons/d/d5/Torba_Vanuatu.jpg
  [6088] 'Torta (cheese)' -> https://upload.wikimedia.org/wikipedia/commons/thumb/f/f9/Torta_del_Casar.jpg/500px-Torta_del_Casar.jpg
  [commons.wikimedia.org] 429 intento 1, esperando 40s ...
  [6089] 'Torta del Casar' -> https://upload.wikimedia.org/wikipedia/commons/thumb/f/f9/Torta_del_Casar.jpg/500px-Torta_del_Casar.jpg
  [6092] 'Toscanello' -> https://upload.wikimedia.org/wikipedia/commons/thumb/d/da/Toscanello.jpg/500px-Toscanello.jpg
  [6097] 'Tre Valli' -> https://upload.wikimedia.org/wikipedia/commons/thumb/c/ca/Viadotto_SS_685_Tre_Valli_Umbre.jpg/500px-Viadotto_SS_685_Tre_Valli_Umbre.jpg
  [6098] 'Treccia' -> https://upload.wikimedia.org/wikipedia/commons/thumb/a/a6/Preparazione_treccia_d%27oro_fase_1.JPG/500px-Preparazione_treccia_d%27oro_fase_1.JPG
  [commons.wikimedia.org] 429 intento 1, esperando 39s ...
  [6105] 'Trizza' -> https://upload.wikimedia.org/wikipedia/commons/thumb/1/1d/Tomba_Trizza_by_Pasquale_Rizzoli_gall_del_Ch_VI_abc1.jpg/500px-Tomba_Trizza_by_Pasquale_Rizzoli_gall_del_Ch_VI_abc1.jpg
  [6106] 'Tronchetto' -> https://upload.wikimedia.org/wikipedia/commons/thumb/4/41/Tronchetto-F%C3%A4hranlegestelle.jpg/500px-Tronchetto-F%C3%A4hranlegestelle.jpg
  [6108] 'Tronchetto di capra' -> https://upload.wikimedia.org/wikipedia/commons/thumb/d/d1/Tronchetto_di_capra.jpg/500px-Tronchetto_di_capra.jpg
  [commons.wikimedia.org] 429 intento 1, esperando 39s ...
  [commons.wikimedia.org] 429 intento 1, esperando 39s ...
  [6126] 'Val Brandet' -> https://upload.wikimedia.org/wikipedia/commons/thumb/7/79/Val_brandet_e_lago_di_picol.jpeg/500px-Val_brandet_e_lago_di_picol.jpeg
  [6127] 'Valcasotto' -> https://upload.wikimedia.org/wikipedia/commons/thumb/5/54/Reggia_di_Valcasotto.jpg/500px-Reggia_di_Valcasotto.jpg
  [6128] "Valle d'Aosta Fromadzo or Vallée d'Aoste Fromadzo" -> https://upload.wikimedia.org/wikipedia/commons/thumb/d/df/Fromadzo_DOP_-_Foire_de_Saint-Ours_2026.png/500px-Fromadzo_DOP_-_Foire_de_Saint-Ours_2026.png
  [commons.wikimedia.org] 429 intento 1, esperando 39s ...
  [6129] 'Valligiano' -> https://upload.wikimedia.org/wikipedia/commons/thumb/9/93/Museo_valligiano_poschiavino_Poschiavo.jpg/500px-Museo_valligiano_poschiavino_Poschiavo.jpg
  [6132] 'Vastedda' -> https://upload.wikimedia.org/wikipedia/commons/thumb/1/10/Vastedda.jpg/500px-Vastedda.jpg
  [6133] 'Vastedda della Valle del Belice' -> https://upload.wikimedia.org/wikipedia/commons/thumb/1/10/Vastedda.jpg/500px-Vastedda.jpg
  [6136] 'Waterford Greek Cheese' -> https://upload.wikimedia.org/wikipedia/commons/thumb/f/f8/Notes_on_the_history_of_Waterford%2C_Maine_%28IA_notesonhistoryof00gage%29.pdf/page1-500px-Notes_on_the_history_of_Waterford%2C_Maine_%28IA_notesonhistoryof00gage%29.pdf.jpg
  [6138] 'Wicklow Blue' -> https://upload.wikimedia.org/wikipedia/commons/thumb/4/48/The_%22Simone%22_at_Wicklow_-_geograph.org.uk_-_2740432.jpg/500px-The_%22Simone%22_at_Wicklow_-_geograph.org.uk_-_2740432.jpg
  [commons.wikimedia.org] 429 intento 1, esperando 40s ...
  [6139] 'Wicklow Gold' -> https://upload.wikimedia.org/wikipedia/commons/thumb/3/33/The_Wicklow_Gold_Mines.png/500px-The_Wicklow_Gold_Mines.png
  [6143] 'ymer' -> https://upload.wikimedia.org/wikipedia/commons/thumb/b/bb/Ymer_in_ice.jpg/500px-Ymer_in_ice.jpg
  [6146] 'Ziger' -> https://upload.wikimedia.org/wikipedia/commons/thumb/1/13/Ziger_und_Mutschli%2C_Ballenberg.jpg/500px-Ziger_und_Mutschli%2C_Ballenberg.jpg
  [commons.wikimedia.org] 429 intento 1, esperando 39s ...
  [6151] 'Zumelle' -> https://upload.wikimedia.org/wikipedia/commons/thumb/3/30/Castello_di_Zumelle.jpg/500px-Castello_di_Zumelle.jpg

Imágenes asignadas: 3822
Sin imagen encontrada: 2071
